Watching for file changes with StatReloader
Waiting for apps ready_event.
Apps ready_event triggered. Sending autoreload_started signal.
Watching dir C:\Users\Maltin\Desktop\portfolio_backend\venv\Lib\site-packages\oauth2_provider\templates with glob **/*.
Watching dir C:\Users\Maltin\Desktop\portfolio_backend\venv\Lib\site-packages\rest_framework\templates with glob **/*.
Watching dir C:\Users\Maltin\Desktop\portfolio_backend\portfolio\locale with glob **/*.mo.
Watching dir C:\Users\Maltin\Desktop\portfolio_backend\venv\Lib\site-packages\corsheaders\locale with glob **/*.mo.
Watching dir C:\Users\Maltin\Desktop\portfolio_backend\venv\Lib\site-packages\rest_framework\locale with glob **/*.mo.
Watching dir C:\Users\Maltin\Desktop\portfolio_backend\venv\Lib\site-packages\rest_framework\authtoken\locale with glob **/*.mo.
Watching dir C:\Users\Maltin\Desktop\portfolio_backend\portfolio\portfolioapp\locale with glob **/*.mo.
Watching dir C:\Users\Maltin\Desktop\portfolio_backend\portfolio\users\locale with glob **/*.mo.
Watching dir C:\Users\Maltin\Desktop\portfolio_backend\venv\Lib\site-packages\oauth2_provider\locale with glob **/*.mo.
Watching dir C:\Users\Maltin\Desktop\portfolio_backend\venv\Lib\site-packages\social_django\locale with glob **/*.mo.
Watching dir C:\Users\Maltin\Desktop\portfolio_backend\venv\Lib\site-packages\drf_social_oauth2\locale with glob **/*.mo.
File C:\Users\Maltin\Desktop\portfolio_backend\venv\Lib\site-packages\oauth2_provider\views\introspect.py first seen with mtime 1738445241.8551118
File C:\Users\Maltin\Desktop\portfolio_backend\venv\Lib\site-packages\jwcrypto\jwe.py first seen with mtime 1738445241.3485413
File C:\Users\Maltin\Desktop\portfolio_backend\venv\Lib\site-packages\django\db\models\deletion.py first seen with mtime 1738445043.090453
File C:\Users\Maltin\Desktop\portfolio_backend\venv\Lib\site-packages\django\contrib\messages\constants.py first seen with mtime 1738445038.6049383
File C:\Users\Maltin\AppData\Local\Programs\Python\Python313\Lib\email\mime\nonmultipart.py first seen with mtime 1728289608.0
File C:\Users\Maltin\Desktop\portfolio_backend\venv\Lib\site-packages\django\core\exceptions.py first seen with mtime 1738445042.6414545
File C:\Users\Maltin\Desktop\portfolio_backend\venv\Lib\site-packages\psycopg\_wrappers.py first seen with mtime 1738445507.0113375
File C:\Users\Maltin\Desktop\portfolio_backend\venv\Lib\site-packages\oauth2_provider\exceptions.py first seen with mtime 1738445241.782503
File C:\Users\Maltin\Desktop\portfolio_backend\venv\Lib\site-packages\psycopg\_cmodule.py first seen with mtime 1738445506.981338
File C:\Users\Maltin\AppData\Local\Programs\Python\Python313\Lib\asyncio\windows_utils.py first seen with mtime 1728289608.0
File C:\Users\Maltin\Desktop\portfolio_backend\venv\Lib\site-packages\oauth2_provider\checks.py first seen with mtime 1738445241.7775033
File C:\Users\Maltin\Desktop\portfolio_backend\venv\Lib\site-packages\django\db\backends\postgresql\base.py first seen with mtime 1738445042.9994528
File C:\Users\Maltin\Desktop\portfolio_backend\venv\Lib\site-packages\rest_framework\parsers.py first seen with mtime 1738445065.304023
File C:\Users\Maltin\Desktop\portfolio_backend\venv\Lib\site-packages\rest_framework\templatetags\__init__.py first seen with mtime 1738445065.642935
File C:\Users\Maltin\Desktop\portfolio_backend\venv\Lib\site-packages\django\core\checks\translation.py first seen with mtime 1738445042.6984549
File C:\Users\Maltin\Desktop\portfolio_backend\venv\Lib\site-packages\urllib3\_base_connection.py first seen with mtime 1738445235.4017699
File C:\Users\Maltin\AppData\Local\Programs\Python\Python313\Lib\linecache.py first seen with mtime 1728289608.0
File C:\Users\Maltin\AppData\Local\Programs\Python\Python313\Lib\sysconfig\__init__.py first seen with mtime 1728289608.0
File C:\Users\Maltin\Desktop\portfolio_backend\venv\Lib\site-packages\oauthlib\openid\connect\__init__.py first seen with mtime 1738445236.8685663
File C:\Users\Maltin\Desktop\portfolio_backend\venv\Lib\site-packages\cryptography\hazmat\primitives\ciphers\__init__.py first seen with mtime 1738445239.7834623
File C:\Users\Maltin\Desktop\portfolio_backend\venv\Lib\site-packages\django\contrib\postgres\utils.py first seen with mtime 1738445038.6479385
File C:\Users\Maltin\Desktop\portfolio_backend\venv\Lib\site-packages\rest_framework\utils\humanize_datetime.py first seen with mtime 1738445065.6549351
File C:\Users\Maltin\Desktop\portfolio_backend\venv\Lib\site-packages\sqlparse\__init__.py first seen with mtime 1738445023.3645682
File C:\Users\Maltin\Desktop\portfolio_backend\venv\Lib\site-packages\django\urls\exceptions.py first seen with mtime 1738445043.620454
File C:\Users\Maltin\Desktop\portfolio_backend\venv\Lib\site-packages\django\template\loaders\cached.py first seen with mtime 1738445043.5144553
File C:\Users\Maltin\Desktop\portfolio_backend\venv\Lib\site-packages\oauthlib\openid\connect\core\grant_types\base.py first seen with mtime 1738445236.8795674
File C:\Users\Maltin\Desktop\portfolio_backend\venv\Lib\site-packages\django\contrib\auth\forms.py first seen with mtime 1738445032.6552162
File C:\Users\Maltin\AppData\Local\Programs\Python\Python313\Lib\importlib\metadata\_functools.py first seen with mtime 1728289608.0
File C:\Users\Maltin\Desktop\portfolio_backend\venv\Lib\site-packages\oauthlib\openid\connect\core\tokens.py first seen with mtime 1738445236.8725667
File C:\Users\Maltin\Desktop\portfolio_backend\venv\Lib\site-packages\urllib3\filepost.py first seen with mtime 1738445235.4123702
File C:\Users\Maltin\Desktop\portfolio_backend\venv\Lib\site-packages\django\db\migrations\utils.py first seen with mtime 1738445043.063453
File C:\Users\Maltin\Desktop\portfolio_backend\venv\Lib\site-packages\charset_normalizer\version.py first seen with mtime 1738445238.022417
File C:\Users\Maltin\Desktop\portfolio_backend\venv\Lib\site-packages\django\db\models\fields\generated.py first seen with mtime 1738445043.1194556
File C:\Users\Maltin\Desktop\portfolio_backend\venv\Lib\site-packages\psycopg\pq\pq_ctypes.py first seen with mtime 1738445507.0463383
File C:\Users\Maltin\Desktop\portfolio_backend\venv\Lib\site-packages\urllib3\util\connection.py first seen with mtime 1738445235.4343705
File C:\Users\Maltin\Desktop\portfolio_backend\venv\Lib\site-packages\django\contrib\admin\checks.py first seen with mtime 1738445028.4363534
File C:\Users\Maltin\AppData\Local\Programs\Python\Python313\Lib\xml\etree\cElementTree.py first seen with mtime 1728289608.0
File C:\Users\Maltin\Desktop\portfolio_backend\venv\Lib\site-packages\requests\sessions.py first seen with mtime 1738445238.733971
File C:\Users\Maltin\Desktop\portfolio_backend\venv\Lib\site-packages\cryptography\hazmat\primitives\asymmetric\rsa.py first seen with mtime 1738445239.773464
File C:\Users\Maltin\Desktop\portfolio_backend\venv\Lib\site-packages\django\core\cache\utils.py first seen with mtime 1738445042.6564565
File C:\Users\Maltin\Desktop\portfolio_backend\venv\Lib\site-packages\oauth2_provider\settings.py first seen with mtime 1738445241.7975059
File C:\Users\Maltin\AppData\Local\Programs\Python\Python313\Lib\email\generator.py first seen with mtime 1728289608.0
File C:\Users\Maltin\AppData\Local\Programs\Python\Python313\DLLs\pyexpat.pyd first seen with mtime 1728289646.0
File C:\Users\Maltin\Desktop\portfolio_backend\venv\Lib\site-packages\django\contrib\admindocs\__init__.py first seen with mtime 1738445031.5162232
File C:\Users\Maltin\Desktop\portfolio_backend\venv\Lib\site-packages\django\dispatch\__init__.py first seen with mtime 1738445043.165457
File C:\Users\Maltin\Desktop\portfolio_backend\venv\Lib\site-packages\django\views\decorators\http.py first seen with mtime 1738445043.8324518
File C:\Users\Maltin\Desktop\portfolio_backend\venv\Lib\site-packages\oauth2_provider\http.py first seen with mtime 1738445241.7875018
File C:\Users\Maltin\Desktop\portfolio_backend\venv\Lib\site-packages\psycopg\sql.py first seen with mtime 1738445507.030336
File C:\Users\Maltin\Desktop\portfolio_backend\venv\Lib\site-packages\sqlparse\filters\reindent.py first seen with mtime 1738445023.45356
File C:\Users\Maltin\Desktop\portfolio_backend\venv\Lib\site-packages\django\utils\numberformat.py first seen with mtime 1738445043.7404675
File C:\Users\Maltin\Desktop\portfolio_backend\venv\Lib\site-packages\django\utils\version.py first seen with mtime 1738445043.7874615
File C:\Users\Maltin\Desktop\portfolio_backend\venv\Lib\site-packages\psycopg\types\uuid.py first seen with mtime 1738445507.0993397
File C:\Users\Maltin\Desktop\portfolio_backend\venv\Lib\site-packages\social_core\actions.py first seen with mtime 1738445317.7881098
File C:\Users\Maltin\Desktop\portfolio_backend\venv\Lib\site-packages\social_django\urls.py first seen with mtime 1738445321.4141772
File C:\Users\Maltin\Desktop\portfolio_backend\venv\Lib\site-packages\django\views\__init__.py first seen with mtime 1738445043.806451
File C:\Users\Maltin\Desktop\portfolio_backend\venv\Lib\site-packages\django\core\cache\backends\__init__.py first seen with mtime 1738445042.6584551
File C:\Users\Maltin\Desktop\portfolio_backend\venv\Lib\site-packages\django\contrib\postgres\forms\hstore.py first seen with mtime 1738445038.6969395
File C:\Users\Maltin\Desktop\portfolio_backend\venv\Lib\site-packages\psycopg\_column.py first seen with mtime 1738445506.9823377
File C:\Users\Maltin\AppData\Local\Programs\Python\Python313\Lib\asyncio\timeouts.py first seen with mtime 1728289608.0
File C:\Users\Maltin\Desktop\portfolio_backend\venv\Lib\site-packages\django\contrib\messages\apps.py first seen with mtime 1738445038.602941
File C:\Users\Maltin\Desktop\portfolio_backend\venv\Lib\site-packages\django\core\__init__.py first seen with mtime 1738445042.6374552
File C:\Users\Maltin\Desktop\portfolio_backend\venv\Lib\site-packages\requests\hooks.py first seen with mtime 1738445238.727146
File C:\Users\Maltin\Desktop\portfolio_backend\venv\Lib\site-packages\django\utils\safestring.py first seen with mtime 1738445043.7434583
File C:\Users\Maltin\AppData\Local\Programs\Python\Python313\Lib\urllib\__init__.py first seen with mtime 1728289608.0
File C:\Users\Maltin\Desktop\portfolio_backend\venv\Lib\site-packages\django\views\debug.py first seen with mtime 1738445043.809452
File C:\Users\Maltin\Desktop\portfolio_backend\venv\Lib\site-packages\cryptography\hazmat\primitives\asymmetric\ec.py first seen with mtime 1738445239.7684636
File C:\Users\Maltin\AppData\Local\Programs\Python\Python313\Lib\http\client.py first seen with mtime 1728289608.0
File C:\Users\Maltin\Desktop\portfolio_backend\venv\Lib\site-packages\urllib3\_request_methods.py first seen with mtime 1738445235.4033613
File C:\Users\Maltin\AppData\Local\Programs\Python\Python313\Lib\numbers.py first seen with mtime 1728289608.0
File C:\Users\Maltin\Desktop\portfolio_backend\venv\Lib\site-packages\cryptography\hazmat\bindings\__init__.py first seen with mtime 1738445239.7584624
File C:\Users\Maltin\AppData\Local\Programs\Python\Python313\Lib\asyncio\transports.py first seen with mtime 1728289608.0
File C:\Users\Maltin\Desktop\portfolio_backend\venv\Lib\site-packages\oauth2_provider\contrib\rest_framework\__init__.py first seen with mtime 1738445241.8045008
File C:\Users\Maltin\Desktop\portfolio_backend\venv\Lib\site-packages\django\core\handlers\base.py first seen with mtime 1738445042.7744539
File C:\Users\Maltin\Desktop\portfolio_backend\venv\Lib\site-packages\django\urls\utils.py first seen with mtime 1738445043.6234522
File C:\Users\Maltin\Desktop\portfolio_backend\venv\Lib\site-packages\django\contrib\contenttypes\fields.py first seen with mtime 1738445033.7544546
File C:\Users\Maltin\AppData\Local\Programs\Python\Python313\Lib\re\__init__.py first seen with mtime 1728289608.0
File C:\Users\Maltin\Desktop\portfolio_backend\venv\Lib\site-packages\charset_normalizer\utils.py first seen with mtime 1738445238.021418
File C:\Users\Maltin\AppData\Local\Programs\Python\Python313\Lib\ctypes\__init__.py first seen with mtime 1728289608.0
File C:\Users\Maltin\AppData\Local\Programs\Python\Python313\Lib\ipaddress.py first seen with mtime 1728289608.0
File C:\Users\Maltin\AppData\Local\Programs\Python\Python313\Lib\importlib\resources\_functional.py first seen with mtime 1728289608.0
File C:\Users\Maltin\Desktop\portfolio_backend\venv\Lib\site-packages\django\conf\__init__.py first seen with mtime 1738445024.8565764
File C:\Users\Maltin\Desktop\portfolio_backend\venv\Lib\site-packages\cryptography\hazmat\primitives\asymmetric\padding.py first seen with mtime 1738445239.772463
File C:\Users\Maltin\Desktop\portfolio_backend\venv\Lib\site-packages\urllib3\util\retry.py first seen with mtime 1738445235.4383705
File C:\Users\Maltin\Desktop\portfolio_backend\venv\Lib\site-packages\oauthlib\oauth2\rfc6749\endpoints\introspect.py first seen with mtime 1738445236.8295722
File C:\Users\Maltin\AppData\Local\Programs\Python\Python313\Lib\email\_policybase.py first seen with mtime 1728289608.0
File C:\Users\Maltin\AppData\Local\Programs\Python\Python313\Lib\asyncio\format_helpers.py first seen with mtime 1728289608.0
File C:\Users\Maltin\Desktop\portfolio_backend\venv\Lib\site-packages\openid\association.py first seen with mtime 1738445316.9856188
File C:\Users\Maltin\Desktop\portfolio_backend\portfolio\portfolioapi\settings.py first seen with mtime 1738491550.789618
File C:\Users\Maltin\Desktop\portfolio_backend\venv\Lib\site-packages\oauthlib\openid\connect\core\__init__.py first seen with mtime 1738445236.8695664
File C:\Users\Maltin\Desktop\portfolio_backend\venv\Lib\site-packages\django\utils\encoding.py first seen with mtime 1738445043.7194521
File C:\Users\Maltin\AppData\Local\Programs\Python\Python313\Lib\types.py first seen with mtime 1728289608.0
File C:\Users\Maltin\Desktop\portfolio_backend\venv\Lib\site-packages\oauthlib\oauth2\rfc6749\endpoints\base.py first seen with mtime 1738445236.8225684
File C:\Users\Maltin\Desktop\portfolio_backend\venv\Lib\site-packages\urllib3\util\response.py first seen with mtime 1738445235.4373722
File C:\Users\Maltin\Desktop\portfolio_backend\venv\Lib\site-packages\django\contrib\auth\middleware.py first seen with mtime 1738445032.6592138
File C:\Users\Maltin\Desktop\portfolio_backend\venv\Lib\site-packages\openid\store\interface.py first seen with mtime 1738445317.0206206
File C:\Users\Maltin\AppData\Local\Programs\Python\Python313\Lib\threading.py first seen with mtime 1728289608.0
File C:\Users\Maltin\Desktop\portfolio_backend\venv\Lib\site-packages\django\contrib\sessions\middleware.py first seen with mtime 1738445040.055939
File C:\Users\Maltin\Desktop\portfolio_backend\venv\Lib\site-packages\rest_framework\utils\encoders.py first seen with mtime 1738445065.6499393
File C:\Users\Maltin\Desktop\portfolio_backend\venv\Lib\site-packages\django\db\models\fields\reverse_related.py first seen with mtime 1738445043.1324546
File C:\Users\Maltin\Desktop\portfolio_backend\venv\Lib\site-packages\django\utils\dateformat.py first seen with mtime 1738445043.6414611
File C:\Users\Maltin\Desktop\portfolio_backend\venv\Lib\site-packages\django\templatetags\i18n.py first seen with mtime 1738445043.5214517
File C:\Users\Maltin\Desktop\portfolio_backend\venv\Lib\site-packages\django\contrib\admin\__init__.py first seen with mtime 1738445028.4313412
File C:\Users\Maltin\Desktop\portfolio_backend\venv\Lib\site-packages\certifi\core.py first seen with mtime 1738445238.6150928
File C:\Users\Maltin\AppData\Local\Programs\Python\Python313\Lib\urllib\parse.py first seen with mtime 1728289608.0
File C:\Users\Maltin\Desktop\portfolio_backend\venv\Lib\site-packages\django\urls\conf.py first seen with mtime 1738445043.6164534
File C:\Users\Maltin\Desktop\portfolio_backend\venv\Lib\site-packages\django\views\generic\__init__.py first seen with mtime 1738445043.8404522
File C:\Users\Maltin\Desktop\portfolio_backend\venv\Lib\site-packages\django\db\backends\base\operations.py first seen with mtime 1738445042.935456
File C:\Users\Maltin\Desktop\portfolio_backend\venv\Lib\site-packages\django\db\migrations\state.py first seen with mtime 1738445043.062454
File C:\Users\Maltin\Desktop\portfolio_backend\venv\Lib\site-packages\cryptography\hazmat\primitives\hashes.py first seen with mtime 1738445239.7864647
File C:\Users\Maltin\Desktop\portfolio_backend\portfolio\portfolioapp\apps.py first seen with mtime 1728498619.2787294
File C:\Users\Maltin\Desktop\portfolio_backend\venv\Lib\site-packages\psycopg\raw_cursor.py first seen with mtime 1738445507.0263379
File C:\Users\Maltin\Desktop\portfolio_backend\venv\Lib\site-packages\requests\adapters.py first seen with mtime 1738445238.7180939
File C:\Users\Maltin\Desktop\portfolio_backend\venv\Lib\site-packages\drf_social_oauth2\views.py first seen with mtime 1738445414.3012629
File C:\Users\Maltin\AppData\Local\Programs\Python\Python313\DLLs\_bz2.pyd first seen with mtime 1728289646.0
File C:\Users\Maltin\Desktop\portfolio_backend\venv\Lib\site-packages\psycopg\_oids.py first seen with mtime 1738445506.9993408
File C:\Users\Maltin\Desktop\portfolio_backend\venv\Lib\site-packages\django\core\files\uploadhandler.py first seen with mtime 1738445042.7524552
File C:\Users\Maltin\Desktop\portfolio_backend\venv\Lib\site-packages\oauth2_provider\contrib\rest_framework\authentication.py first seen with mtime 1738445241.805506
File C:\Users\Maltin\Desktop\portfolio_backend\venv\Lib\site-packages\django\templatetags\static.py first seen with mtime 1738445043.524454
File C:\Users\Maltin\AppData\Local\Programs\Python\Python313\Lib\encodings\__init__.py first seen with mtime 1728289608.0
File C:\Users\Maltin\Desktop\portfolio_backend\venv\Lib\site-packages\django\forms\widgets.py first seen with mtime 1738445043.1884582
File C:\Users\Maltin\Desktop\portfolio_backend\venv\Lib\site-packages\rest_framework\templatetags\rest_framework.py first seen with mtime 1738445065.6459384
File C:\Users\Maltin\Desktop\portfolio_backend\venv\Lib\site-packages\django\db\models\query_utils.py first seen with mtime 1738445043.108451
File C:\Users\Maltin\AppData\Local\Programs\Python\Python313\Lib\asyncio\locks.py first seen with mtime 1728289608.0
File C:\Users\Maltin\Desktop\portfolio_backend\venv\Lib\site-packages\django\db\backends\postgresql\introspection.py first seen with mtime 1738445043.0064542
File C:\Users\Maltin\Desktop\portfolio_backend\venv\Lib\site-packages\django\contrib\auth\backends.py first seen with mtime 1738445032.6413777
File C:\Users\Maltin\Desktop\portfolio_backend\venv\Lib\site-packages\django\db\models\aggregates.py first seen with mtime 1738445043.0814557
File C:\Users\Maltin\Desktop\portfolio_backend\venv\Lib\site-packages\django\core\checks\compatibility\__init__.py first seen with mtime 1738445042.7024553
File C:\Users\Maltin\Desktop\portfolio_backend\venv\Lib\site-packages\django\utils\deconstruct.py first seen with mtime 1738445043.6464527
File C:\Users\Maltin\Desktop\portfolio_backend\venv\Lib\site-packages\django\contrib\staticfiles\management\__init__.py first seen with mtime 1738445042.6204517
File C:\Users\Maltin\Desktop\portfolio_backend\venv\Lib\site-packages\oauth2_provider\oauth2_backends.py first seen with mtime 1738445241.7935047
File C:\Users\Maltin\Desktop\portfolio_backend\venv\Lib\site-packages\requests\__init__.py first seen with mtime 1738445238.7150931
File C:\Users\Maltin\Desktop\portfolio_backend\venv\Lib\site-packages\django\template\loaders\filesystem.py first seen with mtime 1738445043.5154529
File C:\Users\Maltin\AppData\Local\Programs\Python\Python313\Lib\bisect.py first seen with mtime 1728289608.0
File C:\Users\Maltin\Desktop\portfolio_backend\venv\Lib\site-packages\idna\intranges.py first seen with mtime 1738445237.7012794
File C:\Users\Maltin\Desktop\portfolio_backend\venv\Lib\site-packages\oauth2_provider\views\token.py first seen with mtime 1738445241.8591123
File C:\Users\Maltin\Desktop\portfolio_backend\venv\Lib\site-packages\cryptography\x509\oid.py first seen with mtime 1738445239.8235972
File C:\Users\Maltin\AppData\Local\Programs\Python\Python313\Lib\email\__init__.py first seen with mtime 1728289608.0
File C:\Users\Maltin\Desktop\portfolio_backend\venv\Lib\site-packages\openid\kvform.py first seen with mtime 1738445316.9916267
File C:\Users\Maltin\AppData\Local\Programs\Python\Python313\Lib\asyncio\queues.py first seen with mtime 1728289608.0
File C:\Users\Maltin\Desktop\portfolio_backend\venv\Lib\site-packages\django\__init__.py first seen with mtime 1738445024.8465748
File C:\Users\Maltin\Desktop\portfolio_backend\venv\Lib\site-packages\django\contrib\staticfiles\views.py first seen with mtime 1738445042.6194541
File C:\Users\Maltin\Desktop\portfolio_backend\venv\Lib\site-packages\psycopg\types\__init__.py first seen with mtime 1738445507.0473373
File C:\Users\Maltin\Desktop\portfolio_backend\venv\Lib\site-packages\django\middleware\csrf.py first seen with mtime 1738445043.3984578
File C:\Users\Maltin\Desktop\portfolio_backend\venv\Lib\site-packages\psycopg\types\none.py first seen with mtime 1738445507.094551
File C:\Users\Maltin\AppData\Local\Programs\Python\Python313\Lib\email\mime\base.py first seen with mtime 1728289608.0
File C:\Users\Maltin\Desktop\portfolio_backend\venv\Lib\site-packages\sqlparse\engine\statement_splitter.py first seen with mtime 1738445023.4415565
File C:\Users\Maltin\Desktop\portfolio_backend\venv\Lib\site-packages\psycopg\_copy_base.py first seen with mtime 1738445506.9913354
File C:\Users\Maltin\Desktop\portfolio_backend\venv\Lib\site-packages\django\core\files\storage\filesystem.py first seen with mtime 1738445042.7624557
File C:\Users\Maltin\AppData\Local\Programs\Python\Python313\Lib\asyncio\log.py first seen with mtime 1728289608.0
File C:\Users\Maltin\AppData\Local\Programs\Python\Python313\Lib\typing.py first seen with mtime 1728289608.0
File C:\Users\Maltin\Desktop\portfolio_backend\venv\Lib\site-packages\django\core\files\locks.py first seen with mtime 1738445042.7454555
File C:\Users\Maltin\Desktop\portfolio_backend\venv\Lib\site-packages\asgiref\local.py first seen with mtime 1738445024.378951
File C:\Users\Maltin\Desktop\portfolio_backend\venv\Lib\site-packages\django\contrib\contenttypes\admin.py first seen with mtime 1738445033.7414584
File C:\Users\Maltin\Desktop\portfolio_backend\venv\Lib\site-packages\corsheaders\checks.py first seen with mtime 1738445147.2658324
File C:\Users\Maltin\Desktop\portfolio_backend\venv\Lib\site-packages\django\contrib\auth\password_validation.py first seen with mtime 1738445032.664597
File C:\Users\Maltin\Desktop\portfolio_backend\venv\Lib\site-packages\django\db\models\options.py first seen with mtime 1738445043.1014624
File C:\Users\Maltin\AppData\Local\Programs\Python\Python313\Lib\weakref.py first seen with mtime 1728289608.0
File C:\Users\Maltin\Desktop\portfolio_backend\venv\Lib\site-packages\django\contrib\__init__.py first seen with mtime 1738445028.4283402
File C:\Users\Maltin\AppData\Local\Programs\Python\Python313\Lib\zoneinfo\_tzpath.py first seen with mtime 1728289608.0
File C:\Users\Maltin\Desktop\portfolio_backend\venv\Lib\site-packages\cryptography\exceptions.py first seen with mtime 1738445239.7144642
File C:\Users\Maltin\Desktop\portfolio_backend\venv\Lib\site-packages\oauth2_provider\generators.py first seen with mtime 1738445241.7855022
File C:\Users\Maltin\Desktop\portfolio_backend\venv\Lib\site-packages\django\db\models\constraints.py first seen with mtime 1738445043.0884566
File C:\Users\Maltin\Desktop\portfolio_backend\venv\Lib\site-packages\django\core\checks\database.py first seen with mtime 1738445042.6874523
File C:\Users\Maltin\Desktop\portfolio_backend\venv\Lib\site-packages\django\forms\fields.py first seen with mtime 1738445043.176453
File C:\Users\Maltin\Desktop\portfolio_backend\venv\Lib\site-packages\django\core\serializers\base.py first seen with mtime 1738445042.8864543
File C:\Users\Maltin\Desktop\portfolio_backend\venv\Lib\site-packages\social_core\utils.py first seen with mtime 1738445317.7931082
File C:\Users\Maltin\Desktop\portfolio_backend\portfolio\users\apps.py first seen with mtime 1728498619.285745
File C:\Users\Maltin\Desktop\portfolio_backend\venv\Lib\site-packages\django\contrib\auth\base_user.py first seen with mtime 1738445032.6433778
File C:\Users\Maltin\Desktop\portfolio_backend\venv\Lib\site-packages\oauth2_provider\models.py first seen with mtime 1738445241.7905047
File C:\Users\Maltin\AppData\Local\Programs\Python\Python313\Lib\fnmatch.py first seen with mtime 1728289608.0
File C:\Users\Maltin\Desktop\portfolio_backend\venv\Lib\site-packages\cryptography\hazmat\primitives\serialization\ssh.py first seen with mtime 1738445239.802037
File C:\Users\Maltin\AppData\Local\Programs\Python\Python313\Lib\asyncio\staggered.py first seen with mtime 1728289608.0
File C:\Users\Maltin\AppData\Local\Programs\Python\Python313\DLLs\_overlapped.pyd first seen with mtime 1728289646.0
File C:\Users\Maltin\AppData\Local\Programs\Python\Python313\Lib\re\_compiler.py first seen with mtime 1728289608.0
File C:\Users\Maltin\Desktop\portfolio_backend\venv\Lib\site-packages\requests\models.py first seen with mtime 1738445238.729164
File C:\Users\Maltin\AppData\Local\Programs\Python\Python313\Lib\pickle.py first seen with mtime 1728289608.0
File C:\Users\Maltin\AppData\Local\Programs\Python\Python313\Lib\importlib\__init__.py first seen with mtime 1728289608.0
File C:\Users\Maltin\Desktop\portfolio_backend\venv\Lib\site-packages\django\views\decorators\debug.py first seen with mtime 1738445043.8304539
File C:\Users\Maltin\Desktop\portfolio_backend\venv\Lib\site-packages\django\urls\converters.py first seen with mtime 1738445043.6184523
File C:\Users\Maltin\Desktop\portfolio_backend\venv\Lib\site-packages\django\core\checks\security\base.py first seen with mtime 1738445042.7074518
File C:\Users\Maltin\Desktop\portfolio_backend\venv\Lib\site-packages\django\core\handlers\exception.py first seen with mtime 1738445042.776455
File C:\Users\Maltin\Desktop\portfolio_backend\venv\Lib\site-packages\psycopg\pq\__init__.py first seen with mtime 1738445507.0383372
File C:\Users\Maltin\AppData\Local\Programs\Python\Python313\Lib\asyncio\streams.py first seen with mtime 1728289608.0
File C:\Users\Maltin\Desktop\portfolio_backend\venv\Lib\site-packages\django\template\autoreload.py first seen with mtime 1738445043.4324527
File C:\Users\Maltin\Desktop\portfolio_backend\venv\Lib\site-packages\django\views\decorators\common.py first seen with mtime 1738445043.8204532
File C:\Users\Maltin\Desktop\portfolio_backend\venv\Lib\site-packages\django\contrib\postgres\fields\utils.py first seen with mtime 1738445038.690941
File C:\Users\Maltin\Desktop\portfolio_backend\venv\Lib\site-packages\rest_framework\authtoken\__init__.py first seen with mtime 1738445065.3280241
File C:\Users\Maltin\Desktop\portfolio_backend\venv\Lib\site-packages\django\contrib\contenttypes\management\__init__.py first seen with mtime 1738445034.8001611
File C:\Users\Maltin\AppData\Local\Programs\Python\Python313\Lib\xml\etree\ElementTree.py first seen with mtime 1728289608.0
File C:\Users\Maltin\AppData\Local\Programs\Python\Python313\Lib\pathlib\__init__.py first seen with mtime 1728289608.0
File C:\Users\Maltin\Desktop\portfolio_backend\venv\Lib\site-packages\urllib3\__init__.py first seen with mtime 1738445235.4007692
File C:\Users\Maltin\Desktop\portfolio_backend\venv\Lib\site-packages\django\db\models\functions\datetime.py first seen with mtime 1738445043.1374538
File C:\Users\Maltin\Desktop\portfolio_backend\venv\Lib\site-packages\django\contrib\postgres\fields\hstore.py first seen with mtime 1738445038.6859396
File C:\Users\Maltin\AppData\Local\Programs\Python\Python313\Lib\decimal.py first seen with mtime 1728289608.0
File C:\Users\Maltin\Desktop\portfolio_backend\venv\Lib\site-packages\charset_normalizer\legacy.py first seen with mtime 1738445238.0144174
File C:\Users\Maltin\AppData\Local\Programs\Python\Python313\Lib\gettext.py first seen with mtime 1728289608.0
File C:\Users\Maltin\Desktop\portfolio_backend\venv\Lib\site-packages\social_django\apps.py first seen with mtime 1738445321.39617
File C:\Users\Maltin\Desktop\portfolio_backend\venv\Lib\site-packages\oauth2_provider\views\generic.py first seen with mtime 1738445241.853112
File C:\Users\Maltin\Desktop\portfolio_backend\venv\Lib\site-packages\psycopg\types\enum.py first seen with mtime 1738445507.0573392
File C:\Users\Maltin\Desktop\portfolio_backend\venv\Lib\site-packages\django\contrib\sessions\backends\__init__.py first seen with mtime 1738445040.0609474
File C:\Users\Maltin\Desktop\portfolio_backend\venv\Lib\site-packages\django\contrib\postgres\fields\jsonb.py first seen with mtime 1738445038.6869402
File C:\Users\Maltin\AppData\Local\Programs\Python\Python313\Lib\lzma.py first seen with mtime 1728289608.0
File C:\Users\Maltin\Desktop\portfolio_backend\venv\Lib\site-packages\django\contrib\sessions\exceptions.py first seen with mtime 1738445040.0539508
File C:\Users\Maltin\AppData\Local\Programs\Python\Python313\Lib\token.py first seen with mtime 1728289608.0
File C:\Users\Maltin\Desktop\portfolio_backend\venv\Lib\site-packages\django\db\models\sql\subqueries.py first seen with mtime 1738445043.1614504
File C:\Users\Maltin\Desktop\portfolio_backend\venv\Lib\site-packages\oauth2_provider\signals.py first seen with mtime 1738445241.798504
File C:\Users\Maltin\Desktop\portfolio_backend\venv\Lib\site-packages\psycopg\pq\abc.py first seen with mtime 1738445507.0433397
File C:\Users\Maltin\Desktop\portfolio_backend\venv\Lib\site-packages\django\db\backends\utils.py first seen with mtime 1738445042.9214597
File C:\Users\Maltin\AppData\Local\Programs\Python\Python313\Lib\json\scanner.py first seen with mtime 1728289608.0
File C:\Users\Maltin\Desktop\portfolio_backend\venv\Lib\site-packages\django\contrib\messages\storage\base.py first seen with mtime 1738445038.6179385
File C:\Users\Maltin\AppData\Local\Programs\Python\Python313\DLLs\_ctypes.pyd first seen with mtime 1728289646.0
File C:\Users\Maltin\Desktop\portfolio_backend\venv\Lib\site-packages\charset_normalizer\constant.py first seen with mtime 1738445238.0134182
File C:\Users\Maltin\Desktop\portfolio_backend\venv\Lib\site-packages\urllib3\exceptions.py first seen with mtime 1738445235.4093776
File C:\Users\Maltin\Desktop\portfolio_backend\venv\Lib\site-packages\django\utils\dateparse.py first seen with mtime 1738445043.643454
File C:\Users\Maltin\Desktop\portfolio_backend\venv\Lib\site-packages\django\db\backends\base\validation.py first seen with mtime 1738445042.939454
File C:\Users\Maltin\AppData\Local\Programs\Python\Python313\Lib\asyncio\windows_events.py first seen with mtime 1728289608.0
File C:\Users\Maltin\Desktop\portfolio_backend\venv\Lib\site-packages\django\contrib\auth\tokens.py first seen with mtime 1738445032.6685956
File C:\Users\Maltin\Desktop\portfolio_backend\venv\Lib\site-packages\django\views\generic\detail.py first seen with mtime 1738445043.8454525
File C:\Users\Maltin\Desktop\portfolio_backend\venv\Lib\site-packages\psycopg\connection.py first seen with mtime 1738445507.0153377
File C:\Users\Maltin\Desktop\portfolio_backend\venv\Lib\site-packages\psycopg\rows.py first seen with mtime 1738445507.0273402
File C:\Users\Maltin\Desktop\portfolio_backend\venv\Lib\site-packages\django\db\backends\base\features.py first seen with mtime 1738445042.9314542
File C:\Users\Maltin\Desktop\portfolio_backend\venv\Lib\site-packages\rest_framework\utils\formatting.py first seen with mtime 1738445065.6529343
File C:\Users\Maltin\Desktop\portfolio_backend\venv\Lib\site-packages\urllib3\poolmanager.py first seen with mtime 1738445235.4133697
File C:\Users\Maltin\Desktop\portfolio_backend\venv\Lib\site-packages\oauth2_provider\oauth2_validators.py first seen with mtime 1738445241.7945077
File C:\Users\Maltin\Desktop\portfolio_backend\venv\Lib\site-packages\oauthlib\openid\connect\core\grant_types\hybrid.py first seen with mtime 1738445236.8815644
File C:\Users\Maltin\Desktop\portfolio_backend\venv\Lib\site-packages\asgiref\__init__.py first seen with mtime 1738445024.3739493
File C:\Users\Maltin\Desktop\portfolio_backend\portfolio\portfolioapp\__init__.py first seen with mtime 1733261409.0266829
File C:\Users\Maltin\Desktop\portfolio_backend\venv\Lib\site-packages\psycopg\_encodings.py first seen with mtime 1738445506.996343
File C:\Users\Maltin\Desktop\portfolio_backend\venv\Lib\site-packages\charset_normalizer\cd.py first seen with mtime 1738445238.0134182
File C:\Users\Maltin\AppData\Local\Programs\Python\Python313\Lib\hmac.py first seen with mtime 1728289608.0
File C:\Users\Maltin\Desktop\portfolio_backend\venv\Lib\site-packages\psycopg\version.py first seen with mtime 1738445507.032344
File C:\Users\Maltin\AppData\Local\Programs\Python\Python313\Lib\concurrent\futures\__init__.py first seen with mtime 1728289608.0
File C:\Users\Maltin\Desktop\portfolio_backend\venv\Lib\site-packages\django\apps\registry.py first seen with mtime 1738445024.8545802
File C:\Users\Maltin\AppData\Local\Programs\Python\Python313\Lib\email\headerregistry.py first seen with mtime 1728289608.0
File C:\Users\Maltin\Desktop\portfolio_backend\venv\Lib\site-packages\oauthlib\openid\__init__.py first seen with mtime 1738445236.867566
File C:\Users\Maltin\Desktop\portfolio_backend\venv\Lib\site-packages\cryptography\hazmat\primitives\asymmetric\x25519.py first seen with mtime 1738445239.7764673
File C:\Users\Maltin\Desktop\portfolio_backend\venv\Lib\site-packages\oauth2_provider\views\mixins.py first seen with mtime 1738445241.85611
File C:\Users\Maltin\Desktop\portfolio_backend\venv\Lib\site-packages\django\db\models\fields\related_lookups.py first seen with mtime 1738445043.131453
File C:\Users\Maltin\Desktop\portfolio_backend\venv\Lib\site-packages\urllib3\fields.py first seen with mtime 1738445235.41037
File C:\Users\Maltin\Desktop\portfolio_backend\venv\Lib\site-packages\django\contrib\messages\utils.py first seen with mtime 1738445038.6119409
File C:\Users\Maltin\Desktop\portfolio_backend\venv\Lib\site-packages\django\utils\termcolors.py first seen with mtime 1738445043.745456
File C:\Users\Maltin\Desktop\portfolio_backend\venv\Lib\site-packages\django\db\migrations\exceptions.py first seen with mtime 1738445043.038457
File C:\Users\Maltin\AppData\Local\Programs\Python\Python313\Lib\asyncio\selector_events.py first seen with mtime 1728289608.0
File C:\Users\Maltin\Desktop\portfolio_backend\venv\Lib\site-packages\django\contrib\staticfiles\utils.py first seen with mtime 1738445042.6164572
File C:\Users\Maltin\AppData\Local\Programs\Python\Python313\Lib\asyncio\exceptions.py first seen with mtime 1728289608.0
File C:\Users\Maltin\Desktop\portfolio_backend\venv\Lib\site-packages\django\contrib\contenttypes\__init__.py first seen with mtime 1738445033.738453
File C:\Users\Maltin\AppData\Local\Programs\Python\Python313\Lib\nturl2path.py first seen with mtime 1728289608.0
File C:\Users\Maltin\Desktop\portfolio_backend\venv\Lib\site-packages\oauth2_provider\admin.py first seen with mtime 1738445241.7735019
File C:\Users\Maltin\Desktop\portfolio_backend\venv\Lib\site-packages\django\contrib\postgres\search.py first seen with mtime 1738445038.6409557
File C:\Users\Maltin\Desktop\portfolio_backend\venv\Lib\site-packages\psycopg\_typemod.py first seen with mtime 1738445507.0093372
File C:\Users\Maltin\AppData\Local\Programs\Python\Python313\Lib\importlib\_abc.py first seen with mtime 1728289608.0
File C:\Users\Maltin\Desktop\portfolio_backend\venv\Lib\site-packages\cryptography\hazmat\primitives\hmac.py first seen with mtime 1738445239.7874627
File C:\Users\Maltin\Desktop\portfolio_backend\venv\Lib\site-packages\django\db\models\enums.py first seen with mtime 1738445043.0924554
File C:\Users\Maltin\Desktop\portfolio_backend\venv\Lib\site-packages\requests\status_codes.py first seen with mtime 1738445238.7346284
File C:\Users\Maltin\Desktop\portfolio_backend\venv\Lib\site-packages\django\core\files\uploadedfile.py first seen with mtime 1738445042.7504747
File C:\Users\Maltin\AppData\Local\Programs\Python\Python313\Lib\asyncio\proactor_events.py first seen with mtime 1728289608.0
File C:\Users\Maltin\Desktop\portfolio_backend\venv\Lib\site-packages\django\middleware\__init__.py first seen with mtime 1738445043.3894513
File C:\Users\Maltin\Desktop\portfolio_backend\venv\Lib\site-packages\django\db\models\manager.py first seen with mtime 1738445043.09946
File C:\Users\Maltin\Desktop\portfolio_backend\venv\Lib\site-packages\urllib3\util\__init__.py first seen with mtime 1738445235.4333713
File C:\Users\Maltin\Desktop\portfolio_backend\venv\Lib\site-packages\django\contrib\postgres\lookups.py first seen with mtime 1738445038.636939
File C:\Users\Maltin\Desktop\portfolio_backend\venv\Lib\site-packages\django\middleware\security.py first seen with mtime 1738445043.4294555
File C:\Users\Maltin\Desktop\portfolio_backend\venv\Lib\site-packages\psycopg\_connection_info.py first seen with mtime 1738445506.9853394
File C:\Users\Maltin\Desktop\portfolio_backend\venv\Lib\site-packages\rest_framework\exceptions.py first seen with mtime 1738445065.289026
File C:\Users\Maltin\Desktop\portfolio_backend\venv\Lib\site-packages\urllib3\util\ssltransport.py first seen with mtime 1738445235.4413693
File C:\Users\Maltin\AppData\Local\Programs\Python\Python313\Lib\wsgiref\headers.py first seen with mtime 1728289608.0
File C:\Users\Maltin\AppData\Local\Programs\Python\Python313\Lib\urllib\error.py first seen with mtime 1728289608.0
File C:\Users\Maltin\Desktop\portfolio_backend\venv\Lib\site-packages\django\template\loaders\base.py first seen with mtime 1738445043.509454
File C:\Users\Maltin\Desktop\portfolio_backend\venv\Lib\site-packages\django\core\handlers\wsgi.py first seen with mtime 1738445042.778453
File C:\Users\Maltin\AppData\Local\Programs\Python\Python313\Lib\json\decoder.py first seen with mtime 1728289608.0
File C:\Users\Maltin\Desktop\portfolio_backend\venv\Lib\site-packages\idna\core.py first seen with mtime 1738445237.6992784
File C:\Users\Maltin\AppData\Local\Programs\Python\Python313\Lib\json\encoder.py first seen with mtime 1728289608.0
File C:\Users\Maltin\Desktop\portfolio_backend\venv\Lib\site-packages\rest_framework\authtoken\admin.py first seen with mtime 1738445065.329023
File C:\Users\Maltin\Desktop\portfolio_backend\venv\Lib\site-packages\sqlparse\utils.py first seen with mtime 1738445023.4355574
File C:\Users\Maltin\AppData\Local\Programs\Python\Python313\Lib\re\_constants.py first seen with mtime 1728289608.0
File C:\Users\Maltin\Desktop\portfolio_backend\venv\Lib\site-packages\cryptography\__init__.py first seen with mtime 1738445239.8276017
File C:\Users\Maltin\Desktop\portfolio_backend\venv\Lib\site-packages\django\contrib\admin\options.py first seen with mtime 1738445028.448338
File C:\Users\Maltin\AppData\Local\Programs\Python\Python313\Lib\email\encoders.py first seen with mtime 1728289608.0
File C:\Users\Maltin\Desktop\portfolio_backend\venv\Lib\site-packages\django\core\checks\security\__init__.py first seen with mtime 1738445042.7054567
File C:\Users\Maltin\AppData\Local\Programs\Python\Python313\Lib\importlib\metadata\_text.py first seen with mtime 1728289608.0
File C:\Users\Maltin\Desktop\portfolio_backend\venv\Lib\site-packages\oauthlib\oauth2\rfc6749\tokens.py first seen with mtime 1738445236.806569
File C:\Users\Maltin\Desktop\portfolio_backend\venv\Lib\site-packages\cryptography\x509\extensions.py first seen with mtime 1738445239.8195965
File C:\Users\Maltin\Desktop\portfolio_backend\portfolio\users\signals.py first seen with mtime 1728498619.2887306
File C:\Users\Maltin\AppData\Local\Programs\Python\Python313\Lib\email\charset.py first seen with mtime 1728289608.0
File C:\Users\Maltin\Desktop\portfolio_backend\venv\Lib\site-packages\django\utils\datastructures.py first seen with mtime 1738445043.640451
File C:\Users\Maltin\Desktop\portfolio_backend\venv\Lib\site-packages\oauthlib\oauth2\rfc6749\endpoints\pre_configured.py first seen with mtime 1738445236.8325675
File C:\Users\Maltin\AppData\Local\Programs\Python\Python313\Lib\random.py first seen with mtime 1728289608.0
File C:\Users\Maltin\Desktop\portfolio_backend\portfolio\portfolioapp\serializers.py first seen with mtime 1738367450.4363315
File C:\Users\Maltin\Desktop\portfolio_backend\venv\Lib\site-packages\rest_framework\schemas\utils.py first seen with mtime 1738445065.4805868
File C:\Users\Maltin\Desktop\portfolio_backend\venv\Lib\site-packages\django\template\smartif.py first seen with mtime 1738445043.4614544
File C:\Users\Maltin\Desktop\portfolio_backend\venv\Lib\site-packages\django\core\serializers\python.py first seen with mtime 1738445042.8914523
File C:\Users\Maltin\Desktop\portfolio_backend\venv\Lib\site-packages\oauth2_provider\views\__init__.py first seen with mtime 1738445241.8501105
File C:\Users\Maltin\Desktop\portfolio_backend\venv\Lib\site-packages\django\db\backends\postgresql\schema.py first seen with mtime 1738445043.013455
File C:\Users\Maltin\Desktop\portfolio_backend\venv\Lib\site-packages\django\forms\forms.py first seen with mtime 1738445043.177454
File C:\Users\Maltin\Desktop\portfolio_backend\venv\Lib\site-packages\cryptography\hazmat\primitives\_asymmetric.py first seen with mtime 1738445239.8080845
File C:\Users\Maltin\AppData\Local\Programs\Python\Python313\Lib\http\server.py first seen with mtime 1728289608.0
File C:\Users\Maltin\AppData\Local\Programs\Python\Python313\Lib\asyncio\runners.py first seen with mtime 1728289608.0
File C:\Users\Maltin\Desktop\portfolio_backend\venv\Lib\site-packages\psycopg\__init__.py first seen with mtime 1738445506.9753358
File C:\Users\Maltin\Desktop\portfolio_backend\venv\Lib\site-packages\django\utils\tree.py first seen with mtime 1738445043.7854517
File C:\Users\Maltin\Desktop\portfolio_backend\venv\Lib\site-packages\requests\packages.py first seen with mtime 1738445238.7329004
File C:\Users\Maltin\AppData\Local\Programs\Python\Python313\Lib\asyncio\mixins.py first seen with mtime 1728289608.0
File C:\Users\Maltin\Desktop\portfolio_backend\venv\Lib\site-packages\social_core\pipeline\utils.py first seen with mtime 1738445318.015315
File C:\Users\Maltin\AppData\Local\Programs\Python\Python313\Lib\copy.py first seen with mtime 1728289608.0
File C:\Users\Maltin\Desktop\portfolio_backend\venv\Lib\site-packages\django\dispatch\dispatcher.py first seen with mtime 1738445043.1674564
File C:\Users\Maltin\Desktop\portfolio_backend\venv\Lib\site-packages\django\db\models\functions\text.py first seen with mtime 1738445043.146451
File C:\Users\Maltin\Desktop\portfolio_backend\venv\Lib\site-packages\drf_social_oauth2\__init__.py first seen with mtime 1738445414.2912614
File C:\Users\Maltin\Desktop\portfolio_backend\venv\Lib\site-packages\oauthlib\oauth2\rfc6749\clients\base.py first seen with mtime 1738445236.811565
File C:\Users\Maltin\Desktop\portfolio_backend\venv\Lib\site-packages\rest_framework\urls.py first seen with mtime 1738445065.3210232
File C:\Users\Maltin\Desktop\portfolio_backend\venv\Lib\site-packages\django\contrib\contenttypes\forms.py first seen with mtime 1738445033.7614543
File C:\Users\Maltin\Desktop\portfolio_backend\venv\Lib\site-packages\corsheaders\apps.py first seen with mtime 1738445147.2648327
File C:\Users\Maltin\AppData\Local\Programs\Python\Python313\Lib\email\mime\__init__.py first seen with mtime 1728289608.0
File C:\Users\Maltin\Desktop\portfolio_backend\venv\Lib\site-packages\oauth2_provider\views\application.py first seen with mtime 1738445241.851113
File C:\Users\Maltin\Desktop\portfolio_backend\venv\Lib\site-packages\cryptography\hazmat\primitives\kdf\pbkdf2.py first seen with mtime 1738445239.7930384
File C:\Users\Maltin\Desktop\portfolio_backend\venv\Lib\site-packages\psycopg\_adapters_map.py first seen with mtime 1738445506.9783382
File C:\Users\Maltin\Desktop\portfolio_backend\venv\Lib\site-packages\cryptography\hazmat\primitives\kdf\concatkdf.py first seen with mtime 1738445239.789464
File C:\Users\Maltin\Desktop\portfolio_backend\venv\Lib\site-packages\psycopg\pq\_pq_ctypes.py first seen with mtime 1738445507.042337
File C:\Users\Maltin\Desktop\portfolio_backend\venv\Lib\site-packages\oauthlib\__init__.py first seen with mtime 1738445236.7689898
File C:\Users\Maltin\Desktop\portfolio_backend\venv\Lib\site-packages\psycopg\pq\_enums.py first seen with mtime 1738445507.0403416
File C:\Users\Maltin\AppData\Local\Programs\Python\Python313\Lib\re\_casefix.py first seen with mtime 1728289608.0
File C:\Users\Maltin\Desktop\portfolio_backend\venv\Lib\site-packages\requests\api.py first seen with mtime 1738445238.719092
File C:\Users\Maltin\Desktop\portfolio_backend\venv\Lib\site-packages\sqlparse\engine\filter_stack.py first seen with mtime 1738445023.438555
File C:\Users\Maltin\Desktop\portfolio_backend\venv\Lib\site-packages\psycopg\_struct.py first seen with mtime 1738445507.005338
File C:\Users\Maltin\AppData\Local\Programs\Python\Python313\Lib\email\_parseaddr.py first seen with mtime 1728289608.0
File C:\Users\Maltin\Desktop\portfolio_backend\venv\Lib\site-packages\django\contrib\staticfiles\management\commands\runserver.py first seen with mtime 1738445042.628453
File C:\Users\Maltin\Desktop\portfolio_backend\venv\Lib\site-packages\django\db\models\__init__.py first seen with mtime 1738445043.0794532
File C:\Users\Maltin\Desktop\portfolio_backend\venv\Lib\site-packages\django\utils\translation\reloader.py first seen with mtime 1738445043.7964525
File C:\Users\Maltin\AppData\Local\Programs\Python\Python313\DLLs\_decimal.pyd first seen with mtime 1728289646.0
File C:\Users\Maltin\Desktop\portfolio_backend\venv\Lib\site-packages\django\db\backends\base\base.py first seen with mtime 1738445042.9264507
File C:\Users\Maltin\Desktop\portfolio_backend\venv\Lib\site-packages\drf_social_oauth2\oauth2_grants.py first seen with mtime 1738445414.297265
File C:\Users\Maltin\Desktop\portfolio_backend\venv\Lib\site-packages\django\contrib\postgres\fields\array.py first seen with mtime 1738445038.6789396
File C:\Users\Maltin\AppData\Local\Programs\Python\Python313\Lib\traceback.py first seen with mtime 1728289608.0
File C:\Users\Maltin\AppData\Local\Programs\Python\Python313\Lib\queue.py first seen with mtime 1728289608.0
File C:\Users\Maltin\Desktop\portfolio_backend\venv\Lib\site-packages\rest_framework\schemas\generators.py first seen with mtime 1738445065.4755912
File C:\Users\Maltin\Desktop\portfolio_backend\venv\Lib\site-packages\oauthlib\openid\connect\core\grant_types\__init__.py first seen with mtime 1738445236.8775787
File C:\Users\Maltin\Desktop\portfolio_backend\venv\Lib\site-packages\asgiref\sync.py first seen with mtime 1738445024.38395
File C:\Users\Maltin\Desktop\portfolio_backend\venv\Lib\site-packages\django\db\migrations\operations\models.py first seen with mtime 1738445043.0754607
File C:\Users\Maltin\AppData\Local\Programs\Python\Python313\Lib\locale.py first seen with mtime 1728289608.0
File C:\Users\Maltin\Desktop\portfolio_backend\venv\Lib\site-packages\jwcrypto\common.py first seen with mtime 1738445241.3455389
File C:\Users\Maltin\Desktop\portfolio_backend\venv\Lib\site-packages\oauthlib\oauth2\rfc6749\grant_types\refresh_token.py first seen with mtime 1738445236.8485682
File C:\Users\Maltin\Desktop\portfolio_backend\venv\Lib\site-packages\oauthlib\openid\connect\core\grant_types\refresh_token.py first seen with mtime 1738445236.883567
File C:\Users\Maltin\Desktop\portfolio_backend\venv\Lib\site-packages\oauthlib\oauth2\rfc6749\grant_types\client_credentials.py first seen with mtime 1738445236.8435671
File C:\Users\Maltin\AppData\Local\Programs\Python\Python313\Lib\urllib\request.py first seen with mtime 1728289608.0
File C:\Users\Maltin\Desktop\portfolio_backend\venv\Lib\site-packages\django\template\base.py first seen with mtime 1738445043.437453
File C:\Users\Maltin\Desktop\portfolio_backend\venv\Lib\site-packages\django\contrib\admin\models.py first seen with mtime 1738445028.4463384
File C:\Users\Maltin\Desktop\portfolio_backend\venv\Lib\site-packages\django\core\files\base.py first seen with mtime 1738445042.7394557
File C:\Users\Maltin\Desktop\portfolio_backend\venv\Lib\site-packages\django\template\loaders\__init__.py first seen with mtime 1738445043.505457
File C:\Users\Maltin\AppData\Local\Programs\Python\Python313\Lib\logging\handlers.py first seen with mtime 1728289608.0
File C:\Users\Maltin\Desktop\portfolio_backend\venv\Lib\site-packages\cryptography\x509\base.py first seen with mtime 1738445239.816602
File C:\Users\Maltin\AppData\Local\Programs\Python\Python313\Lib\ctypes\wintypes.py first seen with mtime 1728289608.0
File C:\Users\Maltin\Desktop\portfolio_backend\venv\Lib\site-packages\oauthlib\oauth2\rfc6749\utils.py first seen with mtime 1738445236.8075683
File C:\Users\Maltin\Desktop\portfolio_backend\venv\Lib\site-packages\psycopg\_cursor_base.py first seen with mtime 1738445506.992338
File C:\Users\Maltin\Desktop\portfolio_backend\venv\Lib\site-packages\cryptography\hazmat\primitives\asymmetric\__init__.py first seen with mtime 1738445239.7794623
File C:\Users\Maltin\AppData\Local\Programs\Python\Python313\Lib\asyncio\base_subprocess.py first seen with mtime 1728289608.0
File C:\Users\Maltin\Desktop\portfolio_backend\venv\Lib\site-packages\django\forms\utils.py first seen with mtime 1738445043.1874597
File C:\Users\Maltin\AppData\Local\Programs\Python\Python313\Lib\email\iterators.py first seen with mtime 1728289608.0
File C:\Users\Maltin\Desktop\portfolio_backend\venv\Lib\site-packages\oauthlib\openid\connect\core\endpoints\userinfo.py first seen with mtime 1738445236.8755655
File C:\Users\Maltin\Desktop\portfolio_backend\venv\Lib\site-packages\sqlparse\formatter.py first seen with mtime 1738445023.391555
File C:\Users\Maltin\Desktop\portfolio_backend\venv\Lib\site-packages\openid\store\nonce.py first seen with mtime 1738445317.0226204
File C:\Users\Maltin\Desktop\portfolio_backend\venv\Lib\site-packages\psycopg\_transformer.py first seen with mtime 1738445507.0063398
File C:\Users\Maltin\Desktop\portfolio_backend\venv\Lib\site-packages\django\utils\http.py first seen with mtime 1738445043.7274551
File C:\Users\Maltin\Desktop\portfolio_backend\venv\Lib\site-packages\django\utils\hashable.py first seen with mtime 1738445043.7254536
File C:\Users\Maltin\AppData\Local\Programs\Python\Python313\Lib\importlib\resources\_common.py first seen with mtime 1728289608.0
File C:\Users\Maltin\Desktop\portfolio_backend\venv\Lib\site-packages\django\core\checks\registry.py first seen with mtime 1738445042.6954546
File C:\Users\Maltin\Desktop\portfolio_backend\venv\Lib\site-packages\cryptography\utils.py first seen with mtime 1738445239.8145986
File C:\Users\Maltin\Desktop\portfolio_backend\venv\Lib\site-packages\django\db\backends\ddl_references.py first seen with mtime 1738445042.9164553
File C:\Users\Maltin\Desktop\portfolio_backend\venv\Lib\site-packages\django\utils\text.py first seen with mtime 1738445043.7464578
File C:\Users\Maltin\Desktop\portfolio_backend\venv\Lib\site-packages\jwcrypto\jws.py first seen with mtime 1738445241.351538
File C:\Users\Maltin\Desktop\portfolio_backend\venv\Lib\site-packages\PIL\__init__.py first seen with mtime 1738445562.219098
File C:\Users\Maltin\Desktop\portfolio_backend\venv\Lib\site-packages\django\middleware\clickjacking.py first seen with mtime 1738445043.3924537
File C:\Users\Maltin\Desktop\portfolio_backend\venv\Lib\site-packages\rest_framework\generics.py first seen with mtime 1738445065.2950284
File C:\Users\Maltin\AppData\Local\Programs\Python\Python313\Lib\encodings\idna.py first seen with mtime 1728289608.0
File C:\Users\Maltin\Desktop\portfolio_backend\venv\Lib\site-packages\django\template\backends\django.py first seen with mtime 1738445043.4924545
File C:\Users\Maltin\Desktop\portfolio_backend\venv\Lib\site-packages\rest_framework\utils\breadcrumbs.py first seen with mtime 1738445065.6489377
File C:\Users\Maltin\Desktop\portfolio_backend\venv\Lib\site-packages\psycopg\types\json.py first seen with mtime 1738445507.05934
File C:\Users\Maltin\Desktop\portfolio_backend\venv\Lib\site-packages\django\core\checks\async_checks.py first seen with mtime 1738445042.6834536
File C:\Users\Maltin\Desktop\portfolio_backend\venv\Lib\site-packages\django\utils\translation\__init__.py first seen with mtime 1738445043.7954614
File C:\Users\Maltin\Desktop\portfolio_backend\venv\Lib\site-packages\django\db\models\sql\constants.py first seen with mtime 1738445043.1534543
File C:\Users\Maltin\AppData\Local\Programs\Python\Python313\DLLs\select.pyd first seen with mtime 1728289646.0
File C:\Users\Maltin\Desktop\portfolio_backend\venv\Lib\site-packages\certifi\__init__.py first seen with mtime 1738445238.6090934
File C:\Users\Maltin\AppData\Local\Programs\Python\Python313\Lib\logging\config.py first seen with mtime 1728289608.0
File C:\Users\Maltin\Desktop\portfolio_backend\venv\Lib\site-packages\django\db\backends\postgresql\psycopg_any.py first seen with mtime 1738445043.0104663
File C:\Users\Maltin\Desktop\portfolio_backend\venv\Lib\site-packages\urllib3\util\timeout.py first seen with mtime 1738445235.4423704
File C:\Users\Maltin\AppData\Local\Programs\Python\Python313\Lib\socketserver.py first seen with mtime 1728289608.0
File C:\Users\Maltin\Desktop\portfolio_backend\venv\Lib\site-packages\django\contrib\postgres\validators.py first seen with mtime 1738445038.648939
File C:\Users\Maltin\AppData\Local\Programs\Python\Python313\DLLs\_elementtree.pyd first seen with mtime 1728289646.0
File C:\Users\Maltin\Desktop\portfolio_backend\venv\Lib\site-packages\cryptography\hazmat\primitives\asymmetric\ed25519.py first seen with mtime 1738445239.7694619
File C:\Users\Maltin\Desktop\portfolio_backend\venv\Lib\site-packages\django\core\checks\security\csrf.py first seen with mtime 1738445042.7144532
File C:\Users\Maltin\Desktop\portfolio_backend\venv\Lib\site-packages\oauth2_provider\compat.py first seen with mtime 1738445241.778505
File C:\Users\Maltin\Desktop\portfolio_backend\venv\Lib\site-packages\django\utils\duration.py first seen with mtime 1738445043.7174528
File C:\Users\Maltin\Desktop\portfolio_backend\venv\Lib\site-packages\django\conf\urls\__init__.py first seen with mtime 1738445028.4213378
File C:\Users\Maltin\Desktop\portfolio_backend\venv\Lib\site-packages\requests\compat.py first seen with mtime 1738445238.7220948
File C:\Users\Maltin\Desktop\portfolio_backend\venv\Lib\site-packages\django\core\files\utils.py first seen with mtime 1738445042.754455
File C:\Users\Maltin\Desktop\portfolio_backend\venv\Lib\site-packages\django\db\models\lookups.py first seen with mtime 1738445043.0984538
File C:\Users\Maltin\Desktop\portfolio_backend\venv\Lib\site-packages\django\views\generic\list.py first seen with mtime 1738445043.849457
File C:\Users\Maltin\Desktop\portfolio_backend\venv\Lib\site-packages\rest_framework\metadata.py first seen with mtime 1738445065.297024
File C:\Users\Maltin\Desktop\portfolio_backend\venv\Lib\site-packages\django\middleware\http.py first seen with mtime 1738445043.4014566
File C:\Users\Maltin\Desktop\portfolio_backend\venv\Lib\site-packages\django\core\management\__init__.py first seen with mtime 1738445042.8024554
File C:\Users\Maltin\Desktop\portfolio_backend\venv\Lib\site-packages\django\utils\crypto.py first seen with mtime 1738445043.6394696
File C:\Users\Maltin\Desktop\portfolio_backend\venv\Lib\site-packages\psycopg\types\net.py first seen with mtime 1738445507.0603385
File C:\Users\Maltin\Desktop\portfolio_backend\venv\Lib\site-packages\cryptography\hazmat\primitives\padding.py first seen with mtime 1738445239.7970428
File C:\Users\Maltin\Desktop\portfolio_backend\venv\Lib\site-packages\django\db\models\indexes.py first seen with mtime 1738445043.0964684
File C:\Users\Maltin\Desktop\portfolio_backend\venv\Lib\site-packages\django\db\migrations\operations\special.py first seen with mtime 1738445043.0764592
File C:\Users\Maltin\AppData\Local\Programs\Python\Python313\Lib\importlib\resources\__init__.py first seen with mtime 1728289608.0
File C:\Users\Maltin\Desktop\portfolio_backend\venv\Lib\site-packages\jwcrypto\jwk.py first seen with mtime 1738445241.3505385
File C:\Users\Maltin\Desktop\portfolio_backend\venv\Lib\site-packages\corsheaders\signals.py first seen with mtime 1738445147.2708306
File C:\Users\Maltin\Desktop\portfolio_backend\venv\Lib\site-packages\cryptography\hazmat\primitives\_serialization.py first seen with mtime 1738445239.8095973
File C:\Users\Maltin\AppData\Local\Programs\Python\Python313\Lib\difflib.py first seen with mtime 1728289608.0
File C:\Users\Maltin\Desktop\portfolio_backend\venv\Lib\site-packages\django\apps\config.py first seen with mtime 1738445024.8535807
File C:\Users\Maltin\Desktop\portfolio_backend\venv\Lib\site-packages\django\shortcuts.py first seen with mtime 1738445024.8495765
File C:\Users\Maltin\Desktop\portfolio_backend\venv\Lib\site-packages\rest_framework\utils\field_mapping.py first seen with mtime 1738445065.650936
File C:\Users\Maltin\Desktop\portfolio_backend\venv\Lib\site-packages\oauthlib\oauth2\rfc8628\__init__.py first seen with mtime 1738445236.8555653
File C:\Users\Maltin\Desktop\portfolio_backend\venv\Lib\site-packages\oauthlib\oauth2\rfc8628\clients\device.py first seen with mtime 1738445236.861569
File C:\Users\Maltin\Desktop\portfolio_backend\venv\Lib\site-packages\urllib3\util\ssl_.py first seen with mtime 1738445235.4393725
File C:\Users\Maltin\Desktop\portfolio_backend\venv\Lib\site-packages\sqlparse\lexer.py first seen with mtime 1738445023.4315615
File C:\Users\Maltin\Desktop\portfolio_backend\portfolio\portfolioapp\admin.py first seen with mtime 1728498619.2777312
File C:\Users\Maltin\Desktop\portfolio_backend\venv\Lib\site-packages\psycopg\_connection_base.py first seen with mtime 1738445506.9843388
File C:\Users\Maltin\Desktop\portfolio_backend\venv\Lib\site-packages\django\contrib\admindocs\views.py first seen with mtime 1738445031.5340717
File C:\Users\Maltin\AppData\Local\Programs\Python\Python313\Lib\tempfile.py first seen with mtime 1728289608.0
File C:\Users\Maltin\Desktop\portfolio_backend\venv\Lib\site-packages\psycopg\types\string.py first seen with mtime 1738445507.0993397
File C:\Users\Maltin\Desktop\portfolio_backend\venv\Lib\site-packages\cryptography\hazmat\primitives\constant_time.py first seen with mtime 1738445239.785462
File C:\Users\Maltin\Desktop\portfolio_backend\venv\Lib\site-packages\psycopg\_pipeline.py first seen with mtime 1738445507.0013375
File C:\Users\Maltin\Desktop\portfolio_backend\venv\Lib\site-packages\cryptography\hazmat\decrepit\ciphers\algorithms.py first seen with mtime 1738445239.760466
File C:\Users\Maltin\AppData\Local\Programs\Python\Python313\Lib\shutil.py first seen with mtime 1728289608.0
File C:\Users\Maltin\AppData\Local\Programs\Python\Python313\Lib\email\utils.py first seen with mtime 1728289608.0
File C:\Users\Maltin\Desktop\portfolio_backend\venv\Lib\site-packages\django\core\checks\messages.py first seen with mtime 1738445042.6914537
File C:\Users\Maltin\AppData\Local\Programs\Python\Python313\Lib\encodings\aliases.py first seen with mtime 1728289608.0
File C:\Users\Maltin\Desktop\portfolio_backend\venv\Lib\site-packages\psycopg\_tpc.py first seen with mtime 1738445507.0063398
File C:\Users\Maltin\AppData\Local\Programs\Python\Python313\Lib\bz2.py first seen with mtime 1728289608.0
File C:\Users\Maltin\Desktop\portfolio_backend\venv\Lib\site-packages\django\contrib\auth\hashers.py first seen with mtime 1738445032.6572127
File C:\Users\Maltin\Desktop\portfolio_backend\venv\Lib\site-packages\django\contrib\admin\utils.py first seen with mtime 1738445028.4543393
File C:\Users\Maltin\Desktop\portfolio_backend\venv\Lib\site-packages\django\db\models\utils.py first seen with mtime 1738445043.1114545
File C:\Users\Maltin\Desktop\portfolio_backend\venv\Lib\site-packages\django\core\checks\urls.py first seen with mtime 1738445042.700454
File C:\Users\Maltin\AppData\Local\Programs\Python\Python313\Lib\dataclasses.py first seen with mtime 1728289608.0
File C:\Users\Maltin\AppData\Local\Programs\Python\Python313\Lib\asyncio\constants.py first seen with mtime 1728289608.0
File C:\Users\Maltin\Desktop\portfolio_backend\venv\Lib\site-packages\django\contrib\postgres\forms\ranges.py first seen with mtime 1738445038.6989398
File C:\Users\Maltin\Desktop\portfolio_backend\venv\Lib\site-packages\django\core\files\move.py first seen with mtime 1738445042.7464557
File C:\Users\Maltin\Desktop\portfolio_backend\venv\Lib\site-packages\django\db\models\functions\__init__.py first seen with mtime 1738445043.1354542
File C:\Users\Maltin\Desktop\portfolio_backend\venv\Lib\site-packages\django\contrib\admindocs\utils.py first seen with mtime 1738445031.5315492
File C:\Users\Maltin\AppData\Local\Programs\Python\Python313\Lib\email\feedparser.py first seen with mtime 1728289608.0
File C:\Users\Maltin\AppData\Local\Programs\Python\Python313\Lib\http\cookies.py first seen with mtime 1728289608.0
File C:\Users\Maltin\AppData\Local\Programs\Python\Python313\Lib\zipfile\__init__.py first seen with mtime 1728289608.0
File C:\Users\Maltin\Desktop\portfolio_backend\venv\Lib\site-packages\psycopg\types\range.py first seen with mtime 1738445507.097345
File C:\Users\Maltin\Desktop\portfolio_backend\venv\Lib\site-packages\oauthlib\oauth2\rfc6749\grant_types\implicit.py first seen with mtime 1738445236.8445675
File C:\Users\Maltin\Desktop\portfolio_backend\venv\Lib\site-packages\django\core\files\storage\handler.py first seen with mtime 1738445042.763453
File C:\Users\Maltin\AppData\Local\Programs\Python\Python313\Lib\heapq.py first seen with mtime 1728289608.0
File C:\Users\Maltin\Desktop\portfolio_backend\venv\Lib\site-packages\rest_framework\serializers.py first seen with mtime 1738445065.315025
File C:\Users\Maltin\Desktop\portfolio_backend\venv\Lib\site-packages\sqlparse\filters\__init__.py first seen with mtime 1738445023.4435554
File C:\Users\Maltin\Desktop\portfolio_backend\venv\Lib\site-packages\sqlparse\keywords.py first seen with mtime 1738445023.426553
File C:\Users\Maltin\Desktop\portfolio_backend\venv\Lib\site-packages\psycopg\conninfo.py first seen with mtime 1738445507.017341
File C:\Users\Maltin\Desktop\portfolio_backend\venv\Lib\site-packages\django\template\loader_tags.py first seen with mtime 1738445043.4544528
File C:\Users\Maltin\Desktop\portfolio_backend\venv\Lib\site-packages\django\core\files\__init__.py first seen with mtime 1738445042.7384658
File C:\Users\Maltin\AppData\Local\Programs\Python\Python313\Lib\concurrent\__init__.py first seen with mtime 1728289608.0
File C:\Users\Maltin\Desktop\portfolio_backend\venv\Lib\site-packages\django\core\wsgi.py first seen with mtime 1738445042.6514552
File C:\Users\Maltin\Desktop\portfolio_backend\venv\Lib\site-packages\django\template\backends\__init__.py first seen with mtime 1738445043.489465
File C:\Users\Maltin\Desktop\portfolio_backend\venv\Lib\site-packages\django\contrib\sessions\backends\base.py first seen with mtime 1738445040.0619533
File C:\Users\Maltin\Desktop\portfolio_backend\venv\Lib\site-packages\django\core\signing.py first seen with mtime 1738445042.6474552
File C:\Users\Maltin\Desktop\portfolio_backend\venv\Lib\site-packages\django\template\backends\base.py first seen with mtime 1738445043.4904556
File C:\Users\Maltin\Desktop\portfolio_backend\venv\Lib\site-packages\oauthlib\signals.py first seen with mtime 1738445236.7709897
File C:\Users\Maltin\Desktop\portfolio_backend\venv\Lib\site-packages\django\templatetags\tz.py first seen with mtime 1738445043.5264533
File C:\Users\Maltin\Desktop\portfolio_backend\venv\Lib\site-packages\psycopg\_compat.py first seen with mtime 1738445506.9833386
File C:\Users\Maltin\Desktop\portfolio_backend\venv\Lib\site-packages\sqlparse\sql.py first seen with mtime 1738445023.432556
File C:\Users\Maltin\AppData\Local\Programs\Python\Python313\Lib\zoneinfo\_common.py first seen with mtime 1728289608.0
File C:\Users\Maltin\Desktop\portfolio_backend\venv\Lib\site-packages\rest_framework\utils\mediatypes.py first seen with mtime 1738445065.657935
File C:\Users\Maltin\Desktop\portfolio_backend\venv\Lib\site-packages\psycopg\types\bool.py first seen with mtime 1738445507.0543356
File C:\Users\Maltin\Desktop\portfolio_backend\portfolio\users\admin.py first seen with mtime 1738366940.6403625
File C:\Users\Maltin\Desktop\portfolio_backend\venv\Lib\site-packages\django\core\files\temp.py first seen with mtime 1738445042.7484527
File C:\Users\Maltin\Desktop\portfolio_backend\venv\Lib\site-packages\django\contrib\messages\__init__.py first seen with mtime 1738445038.5999396
File C:\Users\Maltin\Desktop\portfolio_backend\venv\Lib\site-packages\django\http\response.py first seen with mtime 1738445043.3864565
File C:\Users\Maltin\Desktop\portfolio_backend\venv\Lib\site-packages\psycopg\waiting.py first seen with mtime 1738445507.0333445
File C:\Users\Maltin\Desktop\portfolio_backend\venv\Lib\site-packages\django\core\files\images.py first seen with mtime 1738445042.7414532
File C:\Users\Maltin\AppData\Local\Programs\Python\Python313\Lib\ast.py first seen with mtime 1728289608.0
File C:\Users\Maltin\Desktop\portfolio_backend\venv\Lib\site-packages\cryptography\hazmat\primitives\asymmetric\ed448.py first seen with mtime 1738445239.771465
File C:\Users\Maltin\Desktop\portfolio_backend\venv\Lib\site-packages\django\core\files\storage\__init__.py first seen with mtime 1738445042.7584548
File C:\Users\Maltin\Desktop\portfolio_backend\venv\Lib\site-packages\rest_framework\schemas\__init__.py first seen with mtime 1738445065.4725893
File C:\Users\Maltin\Desktop\portfolio_backend\venv\Lib\site-packages\urllib3\response.py first seen with mtime 1738445235.4153774
File C:\Users\Maltin\Desktop\portfolio_backend\portfolio\portfolioapi\urls.py first seen with mtime 1738408240.9272652
File C:\Users\Maltin\Desktop\portfolio_backend\venv\Lib\site-packages\django\templatetags\cache.py first seen with mtime 1738445043.520453
File C:\Users\Maltin\AppData\Local\Programs\Python\Python313\Lib\http\cookiejar.py first seen with mtime 1728289608.0
File C:\Users\Maltin\Desktop\portfolio_backend\venv\Lib\site-packages\django\db\models\sql\query.py first seen with mtime 1738445043.1594558
File C:\Users\Maltin\Desktop\portfolio_backend\venv\Lib\site-packages\requests\cookies.py first seen with mtime 1738445238.7230954
File C:\Users\Maltin\Desktop\portfolio_backend\venv\Lib\site-packages\psycopg\server_cursor.py first seen with mtime 1738445507.0283368
File C:\Users\Maltin\Desktop\portfolio_backend\venv\Lib\site-packages\django\contrib\admin\exceptions.py first seen with mtime 1738445028.4403396
File C:\Users\Maltin\Desktop\portfolio_backend\venv\Lib\site-packages\django\contrib\postgres\fields\__init__.py first seen with mtime 1738445038.6749399
File C:\Users\Maltin\AppData\Local\Programs\Python\Python313\Lib\hashlib.py first seen with mtime 1728289608.0
File C:\Users\Maltin\Desktop\portfolio_backend\venv\Lib\site-packages\drf_social_oauth2\authentication.py first seen with mtime 1738445414.2912614
File C:\Users\Maltin\Desktop\portfolio_backend\venv\Lib\site-packages\urllib3\contrib\__init__.py first seen with mtime 1738445235.4163706
File C:\Users\Maltin\Desktop\portfolio_backend\portfolio\portfolioapp\views.py first seen with mtime 1738367546.09948
File C:\Users\Maltin\Desktop\portfolio_backend\venv\Lib\site-packages\oauth2_provider\views\base.py first seen with mtime 1738445241.852112
File C:\Users\Maltin\Desktop\portfolio_backend\venv\Lib\site-packages\django\contrib\sessions\base_session.py first seen with mtime 1738445040.0529578
File C:\Users\Maltin\Desktop\portfolio_backend\venv\Lib\site-packages\idna\package_data.py first seen with mtime 1738445237.702279
File C:\Users\Maltin\Desktop\portfolio_backend\venv\Lib\site-packages\psycopg\copy.py first seen with mtime 1738445507.0183365
File C:\Users\Maltin\Desktop\portfolio_backend\venv\Lib\site-packages\cryptography\hazmat\primitives\serialization\base.py first seen with mtime 1738445239.8000376
File C:\Users\Maltin\Desktop\portfolio_backend\venv\Lib\site-packages\django\db\backends\base\__init__.py first seen with mtime 1738445042.9234545
File C:\Users\Maltin\Desktop\portfolio_backend\venv\Lib\site-packages\django\utils\log.py first seen with mtime 1738445043.7364562
File C:\Users\Maltin\Desktop\portfolio_backend\venv\Lib\site-packages\django\contrib\admin\widgets.py first seen with mtime 1738445028.4563406
File C:\Users\Maltin\Desktop\portfolio_backend\venv\Lib\site-packages\oauthlib\oauth2\rfc6749\clients\__init__.py first seen with mtime 1738445236.8095655
File C:\Users\Maltin\Desktop\portfolio_backend\portfolio\portfolioapi\__init__.py first seen with mtime 1728498619.2745743
File C:\Users\Maltin\Desktop\portfolio_backend\venv\Lib\site-packages\psycopg\_py_transformer.py first seen with mtime 1738445507.0033386
File C:\Users\Maltin\Desktop\portfolio_backend\venv\Lib\site-packages\psycopg\_tz.py first seen with mtime 1738445507.0103383
File C:\Users\Maltin\Desktop\portfolio_backend\venv\Lib\site-packages\charset_normalizer\md__mypyc.cp313-win_amd64.pyd first seen with mtime 1738445238.0194168
File C:\Users\Maltin\Desktop\portfolio_backend\venv\Lib\site-packages\cryptography\hazmat\primitives\ciphers\base.py first seen with mtime 1738445239.7814653
File C:\Users\Maltin\AppData\Local\Programs\Python\Python313\Lib\wsgiref\__init__.py first seen with mtime 1728289608.0
File C:\Users\Maltin\Desktop\portfolio_backend\venv\Lib\site-packages\rest_framework\reverse.py first seen with mtime 1738445065.3110223
File C:\Users\Maltin\Desktop\portfolio_backend\venv\Lib\site-packages\django\contrib\postgres\forms\__init__.py first seen with mtime 1738445038.6929402
File C:\Users\Maltin\Desktop\portfolio_backend\venv\Lib\site-packages\drf_social_oauth2\serializers.py first seen with mtime 1738445414.298281
File C:\Users\Maltin\Desktop\portfolio_backend\venv\Lib\site-packages\psycopg\client_cursor.py first seen with mtime 1738445507.014341
File C:\Users\Maltin\Desktop\portfolio_backend\venv\Lib\site-packages\drf_social_oauth2\oauth2_backends.py first seen with mtime 1738445414.2942595
File C:\Users\Maltin\Desktop\portfolio_backend\venv\Lib\site-packages\django\utils\autoreload.py first seen with mtime 1738445043.6324568
File C:\Users\Maltin\Desktop\portfolio_backend\venv\Lib\site-packages\oauth2_provider\contrib\rest_framework\permissions.py first seen with mtime 1738445241.8065028
File C:\Users\Maltin\AppData\Local\Programs\Python\Python313\Lib\enum.py first seen with mtime 1728289608.0
File C:\Users\Maltin\Desktop\portfolio_backend\venv\Lib\site-packages\psycopg\_capabilities.py first seen with mtime 1738445506.979339
File C:\Users\Maltin\AppData\Local\Programs\Python\Python313\Lib\email\message.py first seen with mtime 1728289608.0
File C:\Users\Maltin\Desktop\portfolio_backend\venv\Lib\site-packages\psycopg\adapt.py first seen with mtime 1738445507.0133362
File C:\Users\Maltin\AppData\Local\Programs\Python\Python313\Lib\email\mime\text.py first seen with mtime 1728289608.0
File C:\Users\Maltin\Desktop\portfolio_backend\venv\Lib\site-packages\social_core\__init__.py first seen with mtime 1738445317.7871094
File C:\Users\Maltin\AppData\Local\Programs\Python\Python313\Lib\tokenize.py first seen with mtime 1728289608.0
File C:\Users\Maltin\Desktop\portfolio_backend\venv\Lib\site-packages\cryptography\hazmat\bindings\_rust.pyd first seen with mtime 1738445239.8975985
File C:\Users\Maltin\Desktop\portfolio_backend\venv\Lib\site-packages\django\views\static.py first seen with mtime 1738445043.8144526
File C:\Users\Maltin\Desktop\portfolio_backend\venv\Lib\site-packages\django\core\management\commands\runserver.py first seen with mtime 1738445042.857455
File C:\Users\Maltin\Desktop\portfolio_backend\venv\Lib\site-packages\oauth2_provider\views\oidc.py first seen with mtime 1738445241.8571124
File C:\Users\Maltin\Desktop\portfolio_backend\venv\Lib\site-packages\psycopg\errors.py first seen with mtime 1738445507.0223386
File C:\Users\Maltin\Desktop\portfolio_backend\venv\Lib\site-packages\django\db\backends\postgresql\features.py first seen with mtime 1738445043.0044518
File C:\Users\Maltin\Desktop\portfolio_backend\venv\Lib\site-packages\oauthlib\openid\connect\core\endpoints\pre_configured.py first seen with mtime 1738445236.8755655
File C:\Users\Maltin\AppData\Local\Programs\Python\Python313\Lib\pkgutil.py first seen with mtime 1728289608.0
File C:\Users\Maltin\Desktop\portfolio_backend\venv\Lib\site-packages\rest_framework\mixins.py first seen with mtime 1738445065.2990253
File C:\Users\Maltin\Desktop\portfolio_backend\venv\Lib\site-packages\django\db\backends\base\introspection.py first seen with mtime 1738445042.9334636
File C:\Users\Maltin\AppData\Local\Programs\Python\Python313\Lib\email\errors.py first seen with mtime 1728289608.0
File C:\Users\Maltin\Desktop\portfolio_backend\venv\Lib\site-packages\oauthlib\oauth2\rfc6749\clients\web_application.py first seen with mtime 1738445236.8185694
File C:\Users\Maltin\Desktop\portfolio_backend\venv\Lib\site-packages\psycopg\transaction.py first seen with mtime 1738445507.0313368
File C:\Users\Maltin\Desktop\portfolio_backend\venv\Lib\site-packages\rest_framework\authtoken\models.py first seen with mtime 1738445065.3320272
File C:\Users\Maltin\Desktop\portfolio_backend\venv\Lib\site-packages\sqlparse\filters\others.py first seen with mtime 1738445023.4455583
File C:\Users\Maltin\Desktop\portfolio_backend\venv\Lib\site-packages\oauthlib\openid\connect\core\endpoints\__init__.py first seen with mtime 1738445236.8745658
File C:\Users\Maltin\AppData\Local\Programs\Python\Python313\Lib\wsgiref\util.py first seen with mtime 1728289608.0
File C:\Users\Maltin\Desktop\portfolio_backend\venv\Lib\site-packages\django\utils\choices.py first seen with mtime 1738445043.6364508
File C:\Users\Maltin\AppData\Local\Programs\Python\Python313\Lib\html\entities.py first seen with mtime 1728289608.0
File C:\Users\Maltin\AppData\Local\Programs\Python\Python313\Lib\encodings\utf_8.py first seen with mtime 1728289608.0
File C:\Users\Maltin\Desktop\portfolio_backend\venv\Lib\site-packages\django\db\backends\__init__.py first seen with mtime 1738445042.9134536
File C:\Users\Maltin\Desktop\portfolio_backend\venv\Lib\site-packages\django\core\management\base.py first seen with mtime 1738445042.8044567
File C:\Users\Maltin\Desktop\portfolio_backend\venv\Lib\site-packages\django\contrib\sites\shortcuts.py first seen with mtime 1738445042.0044553
File C:\Users\Maltin\Desktop\portfolio_backend\venv\Lib\site-packages\django\views\defaults.py first seen with mtime 1738445043.8104541
File C:\Users\Maltin\Desktop\portfolio_backend\venv\Lib\site-packages\django\contrib\staticfiles\handlers.py first seen with mtime 1738445042.607452
File C:\Users\Maltin\Desktop\portfolio_backend\venv\Lib\site-packages\rest_framework\utils\model_meta.py first seen with mtime 1738445065.6599362
File C:\Users\Maltin\AppData\Local\Programs\Python\Python313\Lib\importlib\readers.py first seen with mtime 1728289608.0
File C:\Users\Maltin\Desktop\portfolio_backend\venv\Lib\site-packages\rest_framework\utils\timezone.py first seen with mtime 1738445065.6629357
File C:\Users\Maltin\AppData\Local\Programs\Python\Python313\Lib\collections\__init__.py first seen with mtime 1728289608.0
File C:\Users\Maltin\AppData\Local\Programs\Python\Python313\Lib\argparse.py first seen with mtime 1728289608.0
File C:\Users\Maltin\Desktop\portfolio_backend\portfolio\manage.py first seen with mtime 1728498619.2575707
File C:\Users\Maltin\Desktop\portfolio_backend\venv\Lib\site-packages\django\templatetags\__init__.py first seen with mtime 1738445043.5184517
File C:\Users\Maltin\Desktop\portfolio_backend\venv\Lib\site-packages\oauthlib\oauth2\rfc6749\endpoints\__init__.py first seen with mtime 1738445236.8205645
File C:\Users\Maltin\Desktop\portfolio_backend\venv\Lib\site-packages\rest_framework\renderers.py first seen with mtime 1738445065.3070233
File C:\Users\Maltin\Desktop\portfolio_backend\venv\Lib\site-packages\django\core\handlers\asgi.py first seen with mtime 1738445042.7724547
File C:\Users\Maltin\Desktop\portfolio_backend\venv\Lib\site-packages\sqlparse\engine\__init__.py first seen with mtime 1738445023.4375584
File C:\Users\Maltin\Desktop\portfolio_backend\venv\Lib\site-packages\requests\structures.py first seen with mtime 1738445238.7357147
File C:\Users\Maltin\AppData\Local\Programs\Python\Python313\Lib\selectors.py first seen with mtime 1728289608.0
File C:\Users\Maltin\Desktop\portfolio_backend\venv\Lib\site-packages\cryptography\hazmat\primitives\keywrap.py first seen with mtime 1738445239.7970428
File C:\Users\Maltin\Desktop\portfolio_backend\venv\Lib\site-packages\rest_framework\permissions.py first seen with mtime 1738445065.304023
File C:\Users\Maltin\Desktop\portfolio_backend\venv\Lib\site-packages\psycopg\_preparing.py first seen with mtime 1738445507.0023372
File C:\Users\Maltin\Desktop\portfolio_backend\venv\Lib\site-packages\django\contrib\admin\templatetags\base.py first seen with mtime 1738445031.4882178
File C:\Users\Maltin\Desktop\portfolio_backend\venv\Lib\site-packages\rest_framework\schemas\openapi.py first seen with mtime 1738445065.4785864
File C:\Users\Maltin\Desktop\portfolio_backend\venv\Lib\site-packages\rest_framework\validators.py first seen with mtime 1738445065.323022
File C:\Users\Maltin\AppData\Local\Programs\Python\Python313\Lib\importlib\metadata\_itertools.py first seen with mtime 1728289608.0
File C:\Users\Maltin\Desktop\portfolio_backend\venv\Lib\site-packages\oauth2_provider\scopes.py first seen with mtime 1738445241.7965047
File C:\Users\Maltin\AppData\Local\Programs\Python\Python313\Lib\copyreg.py first seen with mtime 1728289608.0
File C:\Users\Maltin\Desktop\portfolio_backend\venv\Lib\site-packages\oauth2_provider\__init__.py first seen with mtime 1738445241.7725008
File C:\Users\Maltin\Desktop\portfolio_backend\venv\Lib\site-packages\social_core\backends\utils.py first seen with mtime 1738445317.9793148
File C:\Users\Maltin\Desktop\portfolio_backend\venv\Lib\site-packages\django\contrib\admin\views\main.py first seen with mtime 1738445031.5142221
File C:\Users\Maltin\AppData\Local\Programs\Python\Python313\Lib\contextvars.py first seen with mtime 1728289608.0
File C:\Users\Maltin\Desktop\portfolio_backend\venv\Lib\site-packages\django\contrib\auth\management\__init__.py first seen with mtime 1738445033.672454
File C:\Users\Maltin\Desktop\portfolio_backend\venv\Lib\site-packages\jwcrypto\jwa.py first seen with mtime 1738445241.3475423
File C:\Users\Maltin\Desktop\portfolio_backend\venv\Lib\site-packages\oauth2_provider\utils.py first seen with mtime 1738445241.8015049
File C:\Users\Maltin\Desktop\portfolio_backend\venv\Lib\site-packages\django\contrib\sites\__init__.py first seen with mtime 1738445041.9744544
File C:\Users\Maltin\AppData\Local\Programs\Python\Python313\Lib\asyncio\__init__.py first seen with mtime 1728289608.0
File C:\Users\Maltin\Desktop\portfolio_backend\venv\Lib\site-packages\rest_framework\utils\serializer_helpers.py first seen with mtime 1738445065.6619358
File C:\Users\Maltin\Desktop\portfolio_backend\venv\Lib\site-packages\django\core\cache\backends\base.py first seen with mtime 1738445042.6604552
File C:\Users\Maltin\Desktop\portfolio_backend\venv\Lib\site-packages\rest_framework\urlpatterns.py first seen with mtime 1738445065.3200269
File C:\Users\Maltin\AppData\Local\Programs\Python\Python313\Lib\datetime.py first seen with mtime 1728289608.0
File C:\Users\Maltin\Desktop\portfolio_backend\venv\Lib\site-packages\django\contrib\auth\signals.py first seen with mtime 1738445032.6655982
File C:\Users\Maltin\Desktop\portfolio_backend\venv\Lib\site-packages\oauthlib\oauth2\rfc6749\grant_types\base.py first seen with mtime 1738445236.8415685
File C:\Users\Maltin\Desktop\portfolio_backend\venv\Lib\site-packages\rest_framework\__init__.py first seen with mtime 1738445065.279023
File C:\Users\Maltin\AppData\Local\Programs\Python\Python313\Lib\textwrap.py first seen with mtime 1728289608.0
File C:\Users\Maltin\Desktop\portfolio_backend\venv\Lib\site-packages\django\contrib\sites\requests.py first seen with mtime 1738445042.0034559
File C:\Users\Maltin\AppData\Local\Programs\Python\Python313\DLLs\_ssl.pyd first seen with mtime 1728289646.0
File C:\Users\Maltin\Desktop\portfolio_backend\venv\Lib\site-packages\django\forms\models.py first seen with mtime 1738445043.1844544
File C:\Users\Maltin\Desktop\portfolio_backend\venv\Lib\site-packages\urllib3\_collections.py first seen with mtime 1738445235.4028533
File C:\Users\Maltin\Desktop\portfolio_backend\venv\Lib\site-packages\rest_framework\routers.py first seen with mtime 1738445065.3130262
File C:\Users\Maltin\Desktop\portfolio_backend\venv\Lib\site-packages\social_core\pipeline\__init__.py first seen with mtime 1738445318.0063176
File C:\Users\Maltin\Desktop\portfolio_backend\venv\Lib\site-packages\django\db\models\fields\files.py first seen with mtime 1738445043.1174555
File C:\Users\Maltin\AppData\Local\Programs\Python\Python313\Lib\secrets.py first seen with mtime 1728289608.0
File C:\Users\Maltin\AppData\Local\Programs\Python\Python313\Lib\asyncio\tasks.py first seen with mtime 1728289608.0
File C:\Users\Maltin\Desktop\portfolio_backend\venv\Lib\site-packages\rest_framework\utils\html.py first seen with mtime 1738445065.6539373
File C:\Users\Maltin\Desktop\portfolio_backend\venv\Lib\site-packages\requests\exceptions.py first seen with mtime 1738445238.7244003
File C:\Users\Maltin\AppData\Local\Programs\Python\Python313\Lib\importlib\metadata\_adapters.py first seen with mtime 1728289608.0
File C:\Users\Maltin\Desktop\portfolio_backend\venv\Lib\site-packages\django\utils\_os.py first seen with mtime 1738445043.6274524
File C:\Users\Maltin\AppData\Local\Programs\Python\Python313\Lib\email\mime\multipart.py first seen with mtime 1728289608.0
File C:\Users\Maltin\Desktop\portfolio_backend\venv\Lib\site-packages\rest_framework\settings.py first seen with mtime 1738445065.3160233
File C:\Users\Maltin\Desktop\portfolio_backend\venv\Lib\site-packages\django\views\decorators\__init__.py first seen with mtime 1738445043.8164525
File C:\Users\Maltin\Desktop\portfolio_backend\venv\Lib\site-packages\rest_framework\status.py first seen with mtime 1738445065.317025
File C:\Users\Maltin\AppData\Local\Programs\Python\Python313\Lib\concurrent\futures\thread.py first seen with mtime 1728289608.0
File C:\Users\Maltin\Desktop\portfolio_backend\venv\Lib\site-packages\django\core\cache\__init__.py first seen with mtime 1738445042.6544516
File C:\Users\Maltin\Desktop\portfolio_backend\venv\Lib\site-packages\oauthlib\oauth2\rfc6749\clients\service_application.py first seen with mtime 1738445236.8175657
File C:\Users\Maltin\Desktop\portfolio_backend\venv\Lib\site-packages\social_django\utils.py first seen with mtime 1738445321.41517
File C:\Users\Maltin\Desktop\portfolio_backend\venv\Lib\site-packages\django\db\models\constants.py first seen with mtime 1738445043.0854514
File C:\Users\Maltin\Desktop\portfolio_backend\venv\Lib\site-packages\django\utils\formats.py first seen with mtime 1738445043.7214582
File C:\Users\Maltin\Desktop\portfolio_backend\venv\Lib\site-packages\social_django\managers.py first seen with mtime 1738445321.4041722
File C:\Users\Maltin\Desktop\portfolio_backend\venv\Lib\site-packages\django\contrib\postgres\fields\citext.py first seen with mtime 1738445038.68094
File C:\Users\Maltin\Desktop\portfolio_backend\venv\Lib\site-packages\django\contrib\staticfiles\management\commands\__init__.py first seen with mtime 1738445042.6224568
File C:\Users\Maltin\AppData\Local\Programs\Python\Python313\Lib\inspect.py first seen with mtime 1728289608.0
File C:\Users\Maltin\Desktop\portfolio_backend\venv\Lib\site-packages\oauthlib\oauth2\rfc6749\endpoints\authorization.py first seen with mtime 1738445236.82157
File C:\Users\Maltin\Desktop\portfolio_backend\venv\Lib\site-packages\django\core\mail\__init__.py first seen with mtime 1738445042.7804527
File C:\Users\Maltin\Desktop\portfolio_backend\venv\Lib\site-packages\django\contrib\auth\admin.py first seen with mtime 1738445032.63638
File C:\Users\Maltin\Desktop\portfolio_backend\venv\Lib\site-packages\django\contrib\admin\sites.py first seen with mtime 1738445028.4513385
File C:\Users\Maltin\Desktop\portfolio_backend\venv\Lib\site-packages\idna\idnadata.py first seen with mtime 1738445237.7002795
File C:\Users\Maltin\Desktop\portfolio_backend\venv\Lib\site-packages\requests\utils.py first seen with mtime 1738445238.7368464
File C:\Users\Maltin\Desktop\portfolio_backend\venv\Lib\site-packages\django\contrib\admin\templatetags\__init__.py first seen with mtime 1738445031.4732187
File C:\Users\Maltin\Desktop\portfolio_backend\venv\Lib\site-packages\sqlparse\filters\aligned_indent.py first seen with mtime 1738445023.4445572
File C:\Users\Maltin\AppData\Local\Programs\Python\Python313\Lib\pprint.py first seen with mtime 1728289608.0
File C:\Users\Maltin\Desktop\portfolio_backend\venv\Lib\site-packages\rest_framework\schemas\views.py first seen with mtime 1738445065.481589
File C:\Users\Maltin\Desktop\portfolio_backend\venv\Lib\site-packages\django\contrib\admin\decorators.py first seen with mtime 1738445028.4373398
File C:\Users\Maltin\Desktop\portfolio_backend\venv\Lib\site-packages\openid\cryptutil.py first seen with mtime 1738445316.9876232
File C:\Users\Maltin\Desktop\portfolio_backend\venv\Lib\site-packages\cryptography\hazmat\primitives\asymmetric\dh.py first seen with mtime 1738445239.7654653
File C:\Users\Maltin\AppData\Local\Programs\Python\Python313\Lib\importlib\resources\abc.py first seen with mtime 1728289608.0
File C:\Users\Maltin\AppData\Local\Programs\Python\Python313\Lib\getpass.py first seen with mtime 1728289608.0
File C:\Users\Maltin\Desktop\portfolio_backend\venv\Lib\site-packages\django\core\checks\templates.py first seen with mtime 1738445042.6964545
File C:\Users\Maltin\AppData\Local\Programs\Python\Python313\Lib\asyncio\base_events.py first seen with mtime 1728289608.0
File C:\Users\Maltin\Desktop\portfolio_backend\venv\Lib\site-packages\django\contrib\postgres\fields\ranges.py first seen with mtime 1738445038.6889398
File C:\Users\Maltin\Desktop\portfolio_backend\venv\Lib\site-packages\urllib3\http2\__init__.py first seen with mtime 1738445235.429372
File C:\Users\Maltin\Desktop\portfolio_backend\venv\Lib\site-packages\django\template\library.py first seen with mtime 1738445043.4514537
File C:\Users\Maltin\Desktop\portfolio_backend\venv\Lib\site-packages\requests\_internal_utils.py first seen with mtime 1738445238.716092
File C:\Users\Maltin\Desktop\portfolio_backend\venv\Lib\site-packages\django\contrib\admin\views\decorators.py first seen with mtime 1738445031.512221
File C:\Users\Maltin\AppData\Local\Programs\Python\Python313\Lib\ssl.py first seen with mtime 1728289608.0
File C:\Users\Maltin\AppData\Local\Programs\Python\Python313\Lib\asyncio\trsock.py first seen with mtime 1728289608.0
File C:\Users\Maltin\Desktop\portfolio_backend\venv\Lib\site-packages\django\contrib\messages\middleware.py first seen with mtime 1738445038.6089387
File C:\Users\Maltin\Desktop\portfolio_backend\venv\Lib\site-packages\psycopg\types\datetime.py first seen with mtime 1738445507.0564091
File C:\Users\Maltin\Desktop\portfolio_backend\venv\Lib\site-packages\jwcrypto\__init__.py first seen with mtime 1738445241.3445547
File C:\Users\Maltin\Desktop\portfolio_backend\venv\Lib\site-packages\django\contrib\admin\templatetags\log.py first seen with mtime 1738445031.5052185
File C:\Users\Maltin\AppData\Local\Programs\Python\Python313\Lib\keyword.py first seen with mtime 1728289608.0
File C:\Users\Maltin\AppData\Local\Programs\Python\Python313\Lib\ctypes\util.py first seen with mtime 1728289608.0
File C:\Users\Maltin\Desktop\portfolio_backend\venv\Lib\site-packages\django\views\generic\base.py first seen with mtime 1738445043.8424551
File C:\Users\Maltin\Desktop\portfolio_backend\venv\Lib\site-packages\oauthlib\oauth2\rfc6749\endpoints\token.py first seen with mtime 1738445236.8365695
File C:\Users\Maltin\Desktop\portfolio_backend\venv\Lib\site-packages\cryptography\hazmat\__init__.py first seen with mtime 1738445239.8135972
File C:\Users\Maltin\Desktop\portfolio_backend\venv\Lib\site-packages\django\db\models\fields\mixins.py first seen with mtime 1738445043.122464
File C:\Users\Maltin\Desktop\portfolio_backend\venv\Lib\site-packages\django\views\generic\dates.py first seen with mtime 1738445043.8434546
File C:\Users\Maltin\Desktop\portfolio_backend\venv\Lib\site-packages\social_django\strategy.py first seen with mtime 1738445321.4121847
File C:\Users\Maltin\Desktop\portfolio_backend\venv\Lib\site-packages\urllib3\util\ssl_match_hostname.py first seen with mtime 1738445235.440374
File C:\Users\Maltin\AppData\Local\Programs\Python\Python313\Lib\email\quoprimime.py first seen with mtime 1728289608.0
File C:\Users\Maltin\Desktop\portfolio_backend\venv\Lib\site-packages\oauth2_provider\apps.py first seen with mtime 1738445241.774505
File C:\Users\Maltin\Desktop\portfolio_backend\venv\Lib\site-packages\oauthlib\openid\connect\core\grant_types\implicit.py first seen with mtime 1738445236.8825674
File C:\Users\Maltin\Desktop\portfolio_backend\venv\Lib\site-packages\rest_framework\relations.py first seen with mtime 1738445065.3060365
File C:\Users\Maltin\Desktop\portfolio_backend\venv\Lib\site-packages\jwcrypto\jwt.py first seen with mtime 1738445241.3535378
File C:\Users\Maltin\Desktop\portfolio_backend\venv\Lib\site-packages\social_core\strategy.py first seen with mtime 1738445317.7921247
File C:\Users\Maltin\Desktop\portfolio_backend\venv\Lib\site-packages\django\contrib\auth\mixins.py first seen with mtime 1738445032.6602159
File C:\Users\Maltin\Desktop\portfolio_backend\venv\Lib\site-packages\rest_framework\compat.py first seen with mtime 1738445065.2840269
File C:\Users\Maltin\Desktop\portfolio_backend\venv\Lib\site-packages\sqlparse\tokens.py first seen with mtime 1738445023.4345572
File C:\Users\Maltin\AppData\Local\Programs\Python\Python313\Lib\xml\etree\ElementPath.py first seen with mtime 1728289608.0
File C:\Users\Maltin\Desktop\portfolio_backend\venv\Lib\site-packages\django\utils\ipv6.py first seen with mtime 1738445043.7314515
File C:\Users\Maltin\Desktop\portfolio_backend\venv\Lib\site-packages\django\db\models\fields\json.py first seen with mtime 1738445043.1204531
File C:\Users\Maltin\Desktop\portfolio_backend\venv\Lib\site-packages\drf_social_oauth2\oauth2_endpoints.py first seen with mtime 1738445414.29626
File C:\Users\Maltin\Desktop\portfolio_backend\venv\Lib\site-packages\social_django\admin.py first seen with mtime 1738445321.3951821
File C:\Users\Maltin\AppData\Local\Programs\Python\Python313\Lib\socket.py first seen with mtime 1728289608.0
File C:\Users\Maltin\AppData\Local\Programs\Python\Python313\Lib\_colorize.py first seen with mtime 1728289608.0
File C:\Users\Maltin\Desktop\portfolio_backend\venv\Lib\site-packages\typing_extensions.py first seen with mtime 1738445236.1837342
File C:\Users\Maltin\Desktop\portfolio_backend\venv\Lib\site-packages\oauthlib\oauth2\rfc6749\endpoints\resource.py first seen with mtime 1738445236.8335822
File C:\Users\Maltin\Desktop\portfolio_backend\venv\Lib\site-packages\django\db\transaction.py first seen with mtime 1738445042.9104517
File C:\Users\Maltin\AppData\Local\Programs\Python\Python313\Lib\asyncio\threads.py first seen with mtime 1728289608.0
File C:\Users\Maltin\Desktop\portfolio_backend\venv\Lib\site-packages\asgiref\current_thread_executor.py first seen with mtime 1738445024.377951
File C:\Users\Maltin\AppData\Local\Programs\Python\Python313\Lib\importlib\abc.py first seen with mtime 1728289608.0
File C:\Users\Maltin\AppData\Local\Programs\Python\Python313\Lib\pathlib\_abc.py first seen with mtime 1728289608.0
File C:\Users\Maltin\AppData\Local\Programs\Python\Python313\DLLs\_wmi.pyd first seen with mtime 1728289646.0
File C:\Users\Maltin\Desktop\portfolio_backend\venv\Lib\site-packages\django\core\checks\model_checks.py first seen with mtime 1738445042.6934555
File C:\Users\Maltin\AppData\Local\Programs\Python\Python313\Lib\__future__.py first seen with mtime 1728289608.0
File C:\Users\Maltin\Desktop\portfolio_backend\venv\Lib\site-packages\django\template\loaders\app_directories.py first seen with mtime 1738445043.5074527
File C:\Users\Maltin\Desktop\portfolio_backend\venv\Lib\site-packages\psycopg\_acompat.py first seen with mtime 1738445506.977337
File C:\Users\Maltin\AppData\Local\Programs\Python\Python313\DLLs\_lzma.pyd first seen with mtime 1728289646.0
File C:\Users\Maltin\Desktop\portfolio_backend\venv\Lib\site-packages\oauthlib\openid\connect\core\request_validator.py first seen with mtime 1738445236.8715649
File C:\Users\Maltin\Desktop\portfolio_backend\venv\Lib\site-packages\psycopg\types\multirange.py first seen with mtime 1738445507.0603385
File C:\Users\Maltin\Desktop\portfolio_backend\venv\Lib\site-packages\social_django\storage.py first seen with mtime 1738445321.411168
File C:\Users\Maltin\Desktop\portfolio_backend\venv\Lib\site-packages\psycopg\_conninfo_attempts_async.py first seen with mtime 1738445506.9873378
File C:\Users\Maltin\Desktop\portfolio_backend\venv\Lib\site-packages\django\contrib\admin\templatetags\admin_urls.py first seen with mtime 1738445031.4852183
File C:\Users\Maltin\AppData\Local\Programs\Python\Python313\Lib\zipfile\_path\glob.py first seen with mtime 1728289608.0
File C:\Users\Maltin\AppData\Local\Programs\Python\Python313\Lib\importlib\metadata\_meta.py first seen with mtime 1728289608.0
File C:\Users\Maltin\Desktop\portfolio_backend\venv\Lib\site-packages\psycopg\abc.py first seen with mtime 1738445507.0123374
File C:\Users\Maltin\Desktop\portfolio_backend\venv\Lib\site-packages\django\db\models\sql\__init__.py first seen with mtime 1738445043.1504557
File C:\Users\Maltin\Desktop\portfolio_backend\venv\Lib\site-packages\cryptography\hazmat\primitives\asymmetric\dsa.py first seen with mtime 1738445239.766463
File C:\Users\Maltin\Desktop\portfolio_backend\venv\Lib\site-packages\oauthlib\oauth2\__init__.py first seen with mtime 1738445236.7965655
File C:\Users\Maltin\Desktop\portfolio_backend\venv\Lib\site-packages\urllib3\http2\probe.py first seen with mtime 1738445235.4313712
File C:\Users\Maltin\Desktop\portfolio_backend\venv\Lib\site-packages\psycopg\postgres.py first seen with mtime 1738445507.025342
File C:\Users\Maltin\AppData\Local\Programs\Python\Python313\Lib\asyncio\events.py first seen with mtime 1728289608.0
File C:\Users\Maltin\Desktop\portfolio_backend\venv\Lib\site-packages\django\contrib\admin\templatetags\admin_modify.py first seen with mtime 1738445031.4782207
File C:\Users\Maltin\Desktop\portfolio_backend\venv\Lib\site-packages\django\core\mail\message.py first seen with mtime 1738445042.7834566
File C:\Users\Maltin\Desktop\portfolio_backend\venv\Lib\site-packages\django\core\paginator.py first seen with mtime 1738445042.6434536
File C:\Users\Maltin\Desktop\portfolio_backend\venv\Lib\site-packages\django\core\serializers\__init__.py first seen with mtime 1738445042.884454
File C:\Users\Maltin\Desktop\portfolio_backend\venv\Lib\site-packages\django\db\models\fields\__init__.py first seen with mtime 1738445043.1154544
File C:\Users\Maltin\Desktop\portfolio_backend\venv\Lib\site-packages\django\utils\dates.py first seen with mtime 1738445043.645451
File C:\Users\Maltin\AppData\Local\Programs\Python\Python313\Lib\email\contentmanager.py first seen with mtime 1728289608.0
File C:\Users\Maltin\AppData\Local\Programs\Python\Python313\Lib\mimetypes.py first seen with mtime 1728289608.0
File C:\Users\Maltin\AppData\Local\Programs\Python\Python313\Lib\asyncio\coroutines.py first seen with mtime 1728289608.0
File C:\Users\Maltin\Desktop\portfolio_backend\venv\Lib\site-packages\django\db\backends\base\creation.py first seen with mtime 1738445042.929453
File C:\Users\Maltin\Desktop\portfolio_backend\venv\Lib\site-packages\oauthlib\oauth2\rfc6749\clients\mobile_application.py first seen with mtime 1738445236.815568
File C:\Users\Maltin\Desktop\portfolio_backend\venv\Lib\site-packages\charset_normalizer\api.py first seen with mtime 1738445238.011418
File C:\Users\Maltin\Desktop\portfolio_backend\venv\Lib\site-packages\cryptography\hazmat\primitives\asymmetric\x448.py first seen with mtime 1738445239.7774663
File C:\Users\Maltin\Desktop\portfolio_backend\venv\Lib\site-packages\cryptography\x509\certificate_transparency.py first seen with mtime 1738445239.817602
File C:\Users\Maltin\Desktop\portfolio_backend\venv\Lib\site-packages\django\template\context.py first seen with mtime 1738445043.4394524
File C:\Users\Maltin\Desktop\portfolio_backend\venv\Lib\site-packages\django\template\engine.py first seen with mtime 1738445043.4464526
File C:\Users\Maltin\Desktop\portfolio_backend\venv\Lib\site-packages\sqlparse\filters\output.py first seen with mtime 1738445023.4525557
File C:\Users\Maltin\Desktop\portfolio_backend\venv\Lib\site-packages\sqlparse\filters\right_margin.py first seen with mtime 1738445023.4545596
File C:\Users\Maltin\Desktop\portfolio_backend\venv\Lib\site-packages\urllib3\connection.py first seen with mtime 1738445235.4063723
File C:\Users\Maltin\AppData\Local\Programs\Python\Python313\Lib\asyncio\protocols.py first seen with mtime 1728289608.0
File C:\Users\Maltin\Desktop\portfolio_backend\venv\Lib\site-packages\django\core\servers\basehttp.py first seen with mtime 1738445042.8994536
File C:\Users\Maltin\Desktop\portfolio_backend\venv\Lib\site-packages\oauthlib\openid\connect\core\grant_types\authorization_code.py first seen with mtime 1738445236.8785663
File C:\Users\Maltin\Desktop\portfolio_backend\venv\Lib\site-packages\django\views\decorators\csrf.py first seen with mtime 1738445043.8284507
File C:\Users\Maltin\Desktop\portfolio_backend\venv\Lib\site-packages\django\contrib\auth\validators.py first seen with mtime 1738445032.6725962
File C:\Users\Maltin\Desktop\portfolio_backend\venv\Lib\site-packages\social_django\models.py first seen with mtime 1738445321.4101691
File C:\Users\Maltin\Desktop\portfolio_backend\venv\Lib\site-packages\oauthlib\oauth2\rfc6749\request_validator.py first seen with mtime 1738445236.8055687
File C:\Users\Maltin\Desktop\portfolio_backend\venv\Lib\site-packages\psycopg\dbapi20.py first seen with mtime 1738445507.0213397
File C:\Users\Maltin\Desktop\portfolio_backend\venv\Lib\site-packages\django\template\response.py first seen with mtime 1738445043.458453
File C:\Users\Maltin\Desktop\portfolio_backend\venv\Lib\site-packages\django\core\files\storage\mixins.py first seen with mtime 1738445042.768458
File C:\Users\Maltin\Desktop\portfolio_backend\venv\Lib\site-packages\django\core\validators.py first seen with mtime 1738445042.6494553
File C:\Users\Maltin\Desktop\portfolio_backend\venv\Lib\site-packages\django\utils\decorators.py first seen with mtime 1738445043.71145
File C:\Users\Maltin\Desktop\portfolio_backend\venv\Lib\site-packages\rest_framework\authentication.py first seen with mtime 1738445065.2810247
File C:\Users\Maltin\AppData\Local\Programs\Python\Python313\Lib\graphlib.py first seen with mtime 1728289608.0
File C:\Users\Maltin\Desktop\portfolio_backend\venv\Lib\site-packages\django\db\models\query.py first seen with mtime 1738445043.1064508
File C:\Users\Maltin\Desktop\portfolio_backend\venv\Lib\site-packages\django\contrib\contenttypes\apps.py first seen with mtime 1738445033.7434535
File C:\Users\Maltin\Desktop\portfolio_backend\venv\Lib\site-packages\cryptography\x509\__init__.py first seen with mtime 1738445239.8245966
File C:\Users\Maltin\Desktop\portfolio_backend\venv\Lib\site-packages\django\utils\module_loading.py first seen with mtime 1738445043.7394521
File C:\Users\Maltin\AppData\Local\Programs\Python\Python313\Lib\string.py first seen with mtime 1728289608.0
File C:\Users\Maltin\Desktop\portfolio_backend\venv\Lib\site-packages\django\contrib\admin\views\autocomplete.py first seen with mtime 1738445031.5092204
File C:\Users\Maltin\AppData\Local\Programs\Python\Python313\Lib\email\header.py first seen with mtime 1728289608.0
File C:\Users\Maltin\Desktop\portfolio_backend\venv\Lib\site-packages\django\contrib\auth\checks.py first seen with mtime 1738445032.647147
File C:\Users\Maltin\Desktop\portfolio_backend\venv\Lib\site-packages\requests\certs.py first seen with mtime 1738445238.7210925
File C:\Users\Maltin\Desktop\portfolio_backend\venv\Lib\site-packages\cryptography\hazmat\primitives\__init__.py first seen with mtime 1738445239.811597
File C:\Users\Maltin\Desktop\portfolio_backend\venv\Lib\site-packages\charset_normalizer\models.py first seen with mtime 1738445238.0204184
File C:\Users\Maltin\Desktop\portfolio_backend\venv\Lib\site-packages\oauthlib\oauth2\rfc6749\endpoints\revocation.py first seen with mtime 1738445236.8355656
File C:\Users\Maltin\Desktop\portfolio_backend\venv\Lib\site-packages\django\contrib\staticfiles\apps.py first seen with mtime 1738445042.6014547
File C:\Users\Maltin\Desktop\portfolio_backend\venv\Lib\site-packages\django\forms\__init__.py first seen with mtime 1738445043.1714506
File C:\Users\Maltin\Desktop\portfolio_backend\venv\Lib\site-packages\social_core\backends\base.py first seen with mtime 1738445317.8061113
File C:\Users\Maltin\Desktop\portfolio_backend\venv\Lib\site-packages\django\utils\cache.py first seen with mtime 1738445043.634454
File C:\Users\Maltin\Desktop\portfolio_backend\venv\Lib\site-packages\cryptography\x509\general_name.py first seen with mtime 1738445239.820609
File C:\Users\Maltin\AppData\Local\Programs\Python\Python313\DLLs\_queue.pyd first seen with mtime 1728289646.0
File C:\Users\Maltin\Desktop\portfolio_backend\venv\Lib\site-packages\django\contrib\admin\filters.py first seen with mtime 1738445028.44234
File C:\Users\Maltin\Desktop\portfolio_backend\venv\Lib\site-packages\oauthlib\oauth2\rfc6749\__init__.py first seen with mtime 1738445236.8015666
File C:\Users\Maltin\Desktop\portfolio_backend\venv\Lib\site-packages\rest_framework\negotiation.py first seen with mtime 1738445065.3010232
File C:\Users\Maltin\AppData\Local\Programs\Python\Python313\Lib\logging\__init__.py first seen with mtime 1728289608.0
File C:\Users\Maltin\AppData\Local\Programs\Python\Python313\Lib\operator.py first seen with mtime 1728289608.0
File C:\Users\Maltin\Desktop\portfolio_backend\venv\Lib\site-packages\django\views\i18n.py first seen with mtime 1738445043.8124514
File C:\Users\Maltin\Desktop\portfolio_backend\venv\Lib\site-packages\django\contrib\admin\actions.py first seen with mtime 1738445028.4333384
File C:\Users\Maltin\AppData\Local\Programs\Python\Python313\DLLs\_uuid.pyd first seen with mtime 1728289646.0
File C:\Users\Maltin\Desktop\portfolio_backend\venv\Lib\site-packages\psycopg\cursor_async.py first seen with mtime 1738445507.0203376
File C:\Users\Maltin\Desktop\portfolio_backend\venv\Lib\site-packages\oauthlib\oauth2\rfc6749\errors.py first seen with mtime 1738445236.8025703
File C:\Users\Maltin\Desktop\portfolio_backend\venv\Lib\site-packages\django\db\models\functions\comparison.py first seen with mtime 1738445043.1364596
File C:\Users\Maltin\Desktop\portfolio_backend\venv\Lib\site-packages\django\core\handlers\__init__.py first seen with mtime 1738445042.7694554
File C:\Users\Maltin\Desktop\portfolio_backend\venv\Lib\site-packages\oauthlib\oauth2\rfc6749\endpoints\metadata.py first seen with mtime 1738445236.831565
File C:\Users\Maltin\Desktop\portfolio_backend\venv\Lib\site-packages\django\template\exceptions.py first seen with mtime 1738445043.4494543
File C:\Users\Maltin\Desktop\portfolio_backend\venv\Lib\site-packages\social_core\backends\__init__.py first seen with mtime 1738445317.794109
File C:\Users\Maltin\Desktop\portfolio_backend\venv\Lib\site-packages\django\contrib\contenttypes\checks.py first seen with mtime 1738445033.746454
File C:\Users\Maltin\AppData\Local\Programs\Python\Python313\Lib\pathlib\_local.py first seen with mtime 1728289608.0
File C:\Users\Maltin\Desktop\portfolio_backend\venv\Lib\site-packages\django\conf\global_settings.py first seen with mtime 1738445024.8585753
File C:\Users\Maltin\Desktop\portfolio_backend\venv\Lib\site-packages\oauthlib\openid\connect\core\grant_types\dispatchers.py first seen with mtime 1738445236.8805668
File C:\Users\Maltin\Desktop\portfolio_backend\venv\Lib\site-packages\django\utils\lorem_ipsum.py first seen with mtime 1738445043.7374525
File C:\Users\Maltin\Desktop\portfolio_backend\venv\Lib\site-packages\django\views\generic\edit.py first seen with mtime 1738445043.8484547
File C:\Users\Maltin\Desktop\portfolio_backend\venv\Lib\site-packages\django\http\__init__.py first seen with mtime 1738445043.3774529
File C:\Users\Maltin\Desktop\portfolio_backend\venv\Lib\site-packages\urllib3\util\util.py first seen with mtime 1738445235.444377
File C:\Users\Maltin\Desktop\portfolio_backend\venv\Lib\site-packages\django\core\cache\backends\filebased.py first seen with mtime 1738445042.6704514
File C:\Users\Maltin\Desktop\portfolio_backend\venv\Lib\site-packages\rest_framework\utils\json.py first seen with mtime 1738445065.6559348
File C:\Users\Maltin\AppData\Local\Programs\Python\Python313\Lib\struct.py first seen with mtime 1728289608.0
File C:\Users\Maltin\AppData\Local\Programs\Python\Python313\Lib\html\parser.py first seen with mtime 1728289608.0
File C:\Users\Maltin\Desktop\portfolio_backend\venv\Lib\site-packages\psycopg\types\numeric.py first seen with mtime 1738445507.0953407
File C:\Users\Maltin\AppData\Local\Programs\Python\Python313\Lib\asyncio\base_tasks.py first seen with mtime 1728289608.0
File C:\Users\Maltin\Desktop\portfolio_backend\venv\Lib\site-packages\django\contrib\staticfiles\__init__.py first seen with mtime 1738445042.5974596
File C:\Users\Maltin\Desktop\portfolio_backend\venv\Lib\site-packages\django\contrib\admin\apps.py first seen with mtime 1738445028.4343424
File C:\Users\Maltin\Desktop\portfolio_backend\venv\Lib\site-packages\django\core\management\color.py first seen with mtime 1738445042.806457
File C:\Users\Maltin\AppData\Local\Programs\Python\Python313\Lib\email\_encoded_words.py first seen with mtime 1728289608.0
File C:\Users\Maltin\Desktop\portfolio_backend\venv\Lib\site-packages\django\contrib\admin\templatetags\admin_list.py first seen with mtime 1738445031.4752195
File C:\Users\Maltin\Desktop\portfolio_backend\venv\Lib\site-packages\social_core\storage.py first seen with mtime 1738445317.791108
File C:\Users\Maltin\Desktop\portfolio_backend\venv\Lib\site-packages\django\contrib\sessions\__init__.py first seen with mtime 1738445040.0499399
File C:\Users\Maltin\Desktop\portfolio_backend\venv\Lib\site-packages\urllib3\util\url.py first seen with mtime 1738445235.4433694
File C:\Users\Maltin\Desktop\portfolio_backend\venv\Lib\site-packages\django\contrib\admin\views\__init__.py first seen with mtime 1738445031.5072196
File C:\Users\Maltin\Desktop\portfolio_backend\venv\Lib\site-packages\psycopg\_copy_async.py first seen with mtime 1738445506.9903355
File C:\Users\Maltin\Desktop\portfolio_backend\venv\Lib\site-packages\drf_social_oauth2\settings.py first seen with mtime 1738445414.2992606
File C:\Users\Maltin\Desktop\portfolio_backend\venv\Lib\site-packages\django\template\loader.py first seen with mtime 1738445043.4534562
File C:\Users\Maltin\Desktop\portfolio_backend\venv\Lib\site-packages\urllib3\_version.py first seen with mtime 1738445235.404374
File C:\Users\Maltin\AppData\Local\Programs\Python\Python313\DLLs\_hashlib.pyd first seen with mtime 1728289646.0
File C:\Users\Maltin\Desktop\portfolio_backend\venv\Lib\site-packages\django\db\backends\base\client.py first seen with mtime 1738445042.9274552
File C:\Users\Maltin\Desktop\portfolio_backend\venv\Lib\site-packages\idna\__init__.py first seen with mtime 1738445237.6962788
File C:\Users\Maltin\AppData\Local\Programs\Python\Python313\Lib\dis.py first seen with mtime 1728289608.0
File C:\Users\Maltin\Desktop\portfolio_backend\venv\Lib\site-packages\django\urls\__init__.py first seen with mtime 1738445043.6134565
File C:\Users\Maltin\Desktop\portfolio_backend\venv\Lib\site-packages\rest_framework\fields.py first seen with mtime 1738445065.292025
File C:\Users\Maltin\Desktop\portfolio_backend\venv\Lib\site-packages\django\utils\functional.py first seen with mtime 1738445043.7234514
File C:\Users\Maltin\Desktop\portfolio_backend\venv\Lib\site-packages\django\http\request.py first seen with mtime 1738445043.3844526
File C:\Users\Maltin\Desktop\portfolio_backend\venv\Lib\site-packages\django\contrib\staticfiles\checks.py first seen with mtime 1738445042.6034582
File C:\Users\Maltin\Desktop\portfolio_backend\venv\Lib\site-packages\django\db\backends\postgresql\__init__.py first seen with mtime 1738445042.997453
File C:\Users\Maltin\Desktop\portfolio_backend\venv\Lib\site-packages\django\templatetags\l10n.py first seen with mtime 1738445043.5224516
File C:\Users\Maltin\Desktop\portfolio_backend\venv\Lib\site-packages\sqlparse\engine\grouping.py first seen with mtime 1738445023.4405565
File C:\Users\Maltin\AppData\Local\Programs\Python\Python313\DLLs\_socket.pyd first seen with mtime 1728289646.0
File C:\Users\Maltin\Desktop\portfolio_backend\venv\Lib\site-packages\oauthlib\common.py first seen with mtime 1738445236.76999
File C:\Users\Maltin\AppData\Local\Programs\Python\Python313\Lib\email\mime\message.py first seen with mtime 1728289608.0
File C:\Users\Maltin\Desktop\portfolio_backend\portfolio\portfolioapp\urls.py first seen with mtime 1728498619.2837293
File C:\Users\Maltin\AppData\Local\Programs\Python\Python313\Lib\_compat_pickle.py first seen with mtime 1728289608.0
File C:\Users\Maltin\Desktop\portfolio_backend\venv\Lib\site-packages\psycopg\types\composite.py first seen with mtime 1738445507.0553348
File C:\Users\Maltin\Desktop\portfolio_backend\venv\Lib\site-packages\charset_normalizer\__init__.py first seen with mtime 1738445238.0084178
File C:\Users\Maltin\Desktop\portfolio_backend\venv\Lib\site-packages\django\urls\resolvers.py first seen with mtime 1738445043.6214545
File C:\Users\Maltin\Desktop\portfolio_backend\venv\Lib\site-packages\django\views\decorators\cache.py first seen with mtime 1738445043.818454
File C:\Users\Maltin\Desktop\portfolio_backend\venv\Lib\site-packages\django\core\checks\files.py first seen with mtime 1738445042.6884518
File C:\Users\Maltin\Desktop\portfolio_backend\venv\Lib\site-packages\psycopg\_queries.py first seen with mtime 1738445507.0043378
File C:\Users\Maltin\Desktop\portfolio_backend\venv\Lib\site-packages\django\utils\inspect.py first seen with mtime 1738445043.7294536
File C:\Users\Maltin\Desktop\portfolio_backend\venv\Lib\site-packages\django\db\models\fields\related.py first seen with mtime 1738445043.126456
File C:\Users\Maltin\Desktop\portfolio_backend\venv\Lib\site-packages\corsheaders\middleware.py first seen with mtime 1738445147.2688308
File C:\Users\Maltin\Desktop\portfolio_backend\venv\Lib\site-packages\django\template\defaultfilters.py first seen with mtime 1738445043.4424531
File C:\Users\Maltin\Desktop\portfolio_backend\venv\Lib\site-packages\django\forms\renderers.py first seen with mtime 1738445043.1854594
File C:\Users\Maltin\AppData\Local\Programs\Python\Python313\Lib\signal.py first seen with mtime 1728289608.0
File C:\Users\Maltin\AppData\Local\Programs\Python\Python313\Lib\xml\__init__.py first seen with mtime 1728289608.0
File C:\Users\Maltin\AppData\Local\Programs\Python\Python313\Lib\asyncio\taskgroups.py first seen with mtime 1728289608.0
File C:\Users\Maltin\Desktop\portfolio_backend\venv\Lib\site-packages\sqlparse\exceptions.py first seen with mtime 1738445023.3805568
File C:\Users\Maltin\Desktop\portfolio_backend\venv\Lib\site-packages\django\contrib\auth\__init__.py first seen with mtime 1738445032.6333816
File C:\Users\Maltin\Desktop\portfolio_backend\venv\Lib\site-packages\django\forms\boundfield.py first seen with mtime 1738445043.174454
File C:\Users\Maltin\Desktop\portfolio_backend\venv\Lib\site-packages\django\db\migrations\operations\__init__.py first seen with mtime 1738445043.070457
File C:\Users\Maltin\AppData\Local\Programs\Python\Python313\Lib\_compression.py first seen with mtime 1728289608.0
File C:\Users\Maltin\Desktop\portfolio_backend\venv\Lib\site-packages\django\db\models\fields\related_descriptors.py first seen with mtime 1738445043.1284542
File C:\Users\Maltin\AppData\Local\Programs\Python\Python313\Lib\wsgiref\simple_server.py first seen with mtime 1728289608.0
File C:\Users\Maltin\Desktop\portfolio_backend\venv\Lib\site-packages\rest_framework\response.py first seen with mtime 1738445065.3100245
File C:\Users\Maltin\Desktop\portfolio_backend\venv\Lib\site-packages\rest_framework\utils\__init__.py first seen with mtime 1738445065.646934
File C:\Users\Maltin\AppData\Local\Programs\Python\Python313\Lib\email\parser.py first seen with mtime 1728289608.0
File C:\Users\Maltin\AppData\Local\Programs\Python\Python313\DLLs\_zoneinfo.pyd first seen with mtime 1728289646.0
File C:\Users\Maltin\Desktop\portfolio_backend\venv\Lib\site-packages\psycopg\types\numpy.py first seen with mtime 1738445507.0963385
File C:\Users\Maltin\AppData\Local\Programs\Python\Python313\Lib\ctypes\_endian.py first seen with mtime 1728289608.0
File C:\Users\Maltin\Desktop\portfolio_backend\venv\Lib\site-packages\urllib3\connectionpool.py first seen with mtime 1738445235.4083712
File C:\Users\Maltin\Desktop\portfolio_backend\venv\Lib\site-packages\django\contrib\auth\models.py first seen with mtime 1738445032.6625829
File C:\Users\Maltin\Desktop\portfolio_backend\venv\Lib\site-packages\django\db\models\base.py first seen with mtime 1738445043.0834556
File C:\Users\Maltin\Desktop\portfolio_backend\venv\Lib\site-packages\django\template\defaulttags.py first seen with mtime 1738445043.445453
File C:\Users\Maltin\Desktop\portfolio_backend\venv\Lib\site-packages\oauthlib\oauth2\rfc6749\clients\legacy_application.py first seen with mtime 1738445236.8135655
File C:\Users\Maltin\AppData\Local\Programs\Python\Python313\Lib\_markupbase.py first seen with mtime 1728289608.0
File C:\Users\Maltin\Desktop\portfolio_backend\venv\Lib\site-packages\django\core\management\commands\__init__.py first seen with mtime 1738445042.8234534
File C:\Users\Maltin\Desktop\portfolio_backend\venv\Lib\site-packages\django\db\models\signals.py first seen with mtime 1738445043.1094518
File C:\Users\Maltin\Desktop\portfolio_backend\venv\Lib\site-packages\psycopg\_copy.py first seen with mtime 1738445506.9893377
File C:\Users\Maltin\AppData\Local\Programs\Python\Python313\Lib\re\_parser.py first seen with mtime 1728289608.0
File C:\Users\Maltin\AppData\Local\Programs\Python\Python313\Lib\calendar.py first seen with mtime 1728289608.0
File C:\Users\Maltin\Desktop\portfolio_backend\venv\Lib\site-packages\cryptography\hazmat\primitives\asymmetric\utils.py first seen with mtime 1738445239.7754662
File C:\Users\Maltin\Desktop\portfolio_backend\venv\Lib\site-packages\requests\__version__.py first seen with mtime 1738445238.716092
File C:\Users\Maltin\Desktop\portfolio_backend\venv\Lib\site-packages\django\conf\locale\__init__.py first seen with mtime 1738445024.8701434
File C:\Users\Maltin\Desktop\portfolio_backend\venv\Lib\site-packages\rest_framework\schemas\inspectors.py first seen with mtime 1738445065.47659
File C:\Users\Maltin\Desktop\portfolio_backend\venv\Lib\site-packages\sqlparse\filters\tokens.py first seen with mtime 1738445023.4565558
File C:\Users\Maltin\AppData\Local\Programs\Python\Python313\Lib\reprlib.py first seen with mtime 1728289608.0
File C:\Users\Maltin\Desktop\portfolio_backend\venv\Lib\site-packages\social_core\exceptions.py first seen with mtime 1738445317.7891092
File C:\Users\Maltin\Desktop\portfolio_backend\venv\Lib\site-packages\django\conf\urls\static.py first seen with mtime 1738445028.42634
File C:\Users\Maltin\Desktop\portfolio_backend\venv\Lib\site-packages\cryptography\hazmat\primitives\ciphers\modes.py first seen with mtime 1738445239.7824616
File C:\Users\Maltin\Desktop\portfolio_backend\venv\Lib\site-packages\rest_framework\checks.py first seen with mtime 1738445065.282025
File C:\Users\Maltin\AppData\Local\Programs\Python\Python313\Lib\json\__init__.py first seen with mtime 1728289608.0
File C:\Users\Maltin\Desktop\portfolio_backend\venv\Lib\site-packages\django\core\servers\__init__.py first seen with mtime 1738445042.896453
File C:\Users\Maltin\Desktop\portfolio_backend\venv\Lib\site-packages\cryptography\hazmat\decrepit\ciphers\__init__.py first seen with mtime 1738445239.762463
File C:\Users\Maltin\Desktop\portfolio_backend\venv\Lib\site-packages\django\utils\translation\trans_real.py first seen with mtime 1738445043.8034515
File C:\Users\Maltin\AppData\Local\Programs\Python\Python313\Lib\importlib\resources\_adapters.py first seen with mtime 1728289608.0
File C:\Users\Maltin\Desktop\portfolio_backend\venv\Lib\site-packages\urllib3\util\request.py first seen with mtime 1738445235.4363732
File C:\Users\Maltin\AppData\Local\Programs\Python\Python313\Lib\importlib\resources\_itertools.py first seen with mtime 1728289608.0
File C:\Users\Maltin\Desktop\portfolio_backend\venv\Lib\site-packages\django\contrib\sessions\models.py first seen with mtime 1738445040.0579414
File C:\Users\Maltin\Desktop\portfolio_backend\venv\Lib\site-packages\django\core\signals.py first seen with mtime 1738445042.645456
File C:\Users\Maltin\Desktop\portfolio_backend\venv\Lib\site-packages\django\forms\formsets.py first seen with mtime 1738445043.1804535
File C:\Users\Maltin\Desktop\portfolio_backend\venv\Lib\site-packages\django\middleware\cache.py first seen with mtime 1738445043.391454
File C:\Users\Maltin\AppData\Local\Programs\Python\Python313\Lib\importlib\metadata\__init__.py first seen with mtime 1728289608.0
File C:\Users\Maltin\Desktop\portfolio_backend\venv\Lib\site-packages\psycopg\cursor.py first seen with mtime 1738445507.0193372
File C:\Users\Maltin\Desktop\portfolio_backend\venv\Lib\site-packages\django\middleware\common.py first seen with mtime 1738445043.3954518
File C:\Users\Maltin\Desktop\portfolio_backend\venv\Lib\site-packages\sqlparse\cli.py first seen with mtime 1738445023.378556
File C:\Users\Maltin\Desktop\portfolio_backend\venv\Lib\site-packages\django\apps\__init__.py first seen with mtime 1738445024.8515778
File C:\Users\Maltin\Desktop\portfolio_backend\venv\Lib\site-packages\django\db\backends\postgresql\creation.py first seen with mtime 1738445043.003451
File C:\Users\Maltin\Desktop\portfolio_backend\venv\Lib\site-packages\oauthlib\oauth2\rfc6749\grant_types\resource_owner_password_credentials.py first seen with mtime 1738445236.849568
File C:\Users\Maltin\AppData\Local\Programs\Python\Python313\Lib\asyncio\sslproto.py first seen with mtime 1728289608.0
File C:\Users\Maltin\Desktop\portfolio_backend\venv\Lib\site-packages\openid\message.py first seen with mtime 1738445316.99262
File C:\Users\Maltin\Desktop\portfolio_backend\venv\Lib\site-packages\urllib3\util\wait.py first seen with mtime 1738445235.4453738
File C:\Users\Maltin\AppData\Local\Programs\Python\Python313\Lib\wsgiref\handlers.py first seen with mtime 1728289608.0
File C:\Users\Maltin\Desktop\portfolio_backend\venv\Lib\site-packages\cryptography\x509\verification.py first seen with mtime 1738445239.8245966
File C:\Users\Maltin\AppData\Local\Programs\Python\Python313\Lib\_weakrefset.py first seen with mtime 1728289608.0
File C:\Users\Maltin\Desktop\portfolio_backend\venv\Lib\site-packages\django\contrib\admin\helpers.py first seen with mtime 1738445028.445341
File C:\Users\Maltin\AppData\Local\Programs\Python\Python313\Lib\base64.py first seen with mtime 1728289608.0
File C:\Users\Maltin\Desktop\portfolio_backend\venv\Lib\site-packages\django\db\migrations\__init__.py first seen with mtime 1738445043.0344524
File C:\Users\Maltin\Desktop\portfolio_backend\venv\Lib\site-packages\psycopg\pq\misc.py first seen with mtime 1738445507.0443375
File C:\Users\Maltin\AppData\Local\Programs\Python\Python313\Lib\quopri.py first seen with mtime 1728289608.0
File C:\Users\Maltin\Desktop\portfolio_backend\venv\Lib\site-packages\psycopg\_conninfo_attempts.py first seen with mtime 1738445506.9863374
File C:\Users\Maltin\AppData\Local\Programs\Python\Python313\Lib\stringprep.py first seen with mtime 1728289608.0
File C:\Users\Maltin\Desktop\portfolio_backend\venv\Lib\site-packages\oauthlib\uri_validate.py first seen with mtime 1738445236.772
File C:\Users\Maltin\Desktop\portfolio_backend\venv\Lib\site-packages\django\contrib\contenttypes\models.py first seen with mtime 1738445033.7634544
File C:\Users\Maltin\Desktop\portfolio_backend\venv\Lib\site-packages\django\utils\connection.py first seen with mtime 1738445043.6374547
File C:\Users\Maltin\Desktop\portfolio_backend\venv\Lib\site-packages\django\http\cookie.py first seen with mtime 1738445043.3794522
File C:\Users\Maltin\AppData\Local\Programs\Python\Python313\Lib\email\base64mime.py first seen with mtime 1728289608.0
File C:\Users\Maltin\Desktop\portfolio_backend\venv\Lib\site-packages\django\core\serializers\json.py first seen with mtime 1738445042.8884585
File C:\Users\Maltin\AppData\Local\Programs\Python\Python313\Lib\subprocess.py first seen with mtime 1728289608.0
File C:\Users\Maltin\Desktop\portfolio_backend\venv\Lib\site-packages\_cffi_backend.cp313-win_amd64.pyd first seen with mtime 1738445239.1734307
File C:\Users\Maltin\Desktop\portfolio_backend\venv\Lib\site-packages\cryptography\hazmat\primitives\_cipheralgorithm.py first seen with mtime 1738445239.80859
File C:\Users\Maltin\Desktop\portfolio_backend\venv\Lib\site-packages\openid\oidutil.py first seen with mtime 1738445316.9946225
File C:\Users\Maltin\Desktop\portfolio_backend\venv\Lib\site-packages\psycopg\connection_async.py first seen with mtime 1738445507.016338
File C:\Users\Maltin\Desktop\portfolio_backend\venv\Lib\site-packages\django\contrib\auth\decorators.py first seen with mtime 1738445032.6522138
File C:\Users\Maltin\Desktop\portfolio_backend\venv\Lib\site-packages\django\core\checks\compatibility\django_4_0.py first seen with mtime 1738445042.7034535
File C:\Users\Maltin\Desktop\portfolio_backend\venv\Lib\site-packages\oauth2_provider\forms.py first seen with mtime 1738445241.7845025
File C:\Users\Maltin\Desktop\portfolio_backend\venv\Lib\site-packages\social_django\__init__.py first seen with mtime 1738445321.3941717
File C:\Users\Maltin\Desktop\portfolio_backend\venv\Lib\site-packages\django\contrib\staticfiles\finders.py first seen with mtime 1738445042.6054552
File C:\Users\Maltin\AppData\Local\Programs\Python\Python313\Lib\importlib\resources\readers.py first seen with mtime 1728289608.0
File C:\Users\Maltin\AppData\Local\Programs\Python\Python313\Lib\glob.py first seen with mtime 1728289608.0
File C:\Users\Maltin\Desktop\portfolio_backend\venv\Lib\site-packages\cryptography\hazmat\backends\__init__.py first seen with mtime 1738445239.7214646
File C:\Users\Maltin\AppData\Local\Programs\Python\Python313\DLLs\_asyncio.pyd first seen with mtime 1728289646.0
File C:\Users\Maltin\Desktop\portfolio_backend\venv\Lib\site-packages\django\db\models\sql\where.py first seen with mtime 1738445043.1634517
File C:\Users\Maltin\Desktop\portfolio_backend\venv\Lib\site-packages\django\contrib\messages\storage\__init__.py first seen with mtime 1738445038.615942
File C:\Users\Maltin\Desktop\portfolio_backend\venv\Lib\site-packages\django\utils\html.py first seen with mtime 1738445043.7264533
File C:\Users\Maltin\AppData\Local\Programs\Python\Python313\Lib\opcode.py first seen with mtime 1728289608.0
File C:\Users\Maltin\AppData\Local\Programs\Python\Python313\Lib\concurrent\futures\_base.py first seen with mtime 1728289608.0
File C:\Users\Maltin\Desktop\portfolio_backend\venv\Lib\site-packages\django\db\__init__.py first seen with mtime 1738445042.908474
File C:\Users\Maltin\Desktop\portfolio_backend\venv\Lib\site-packages\django\utils\timesince.py first seen with mtime 1738445043.7614622
File C:\Users\Maltin\AppData\Local\Programs\Python\Python313\Lib\_opcode_metadata.py first seen with mtime 1728289608.0
File C:\Users\Maltin\AppData\Local\Programs\Python\Python313\Lib\html\__init__.py first seen with mtime 1728289608.0
File C:\Users\Maltin\Desktop\portfolio_backend\venv\Lib\site-packages\django\core\checks\caches.py first seen with mtime 1738445042.685453
File C:\Users\Maltin\Desktop\portfolio_backend\venv\Lib\site-packages\django\core\checks\security\sessions.py first seen with mtime 1738445042.736456
File C:\Users\Maltin\Desktop\portfolio_backend\portfolio\users\models.py first seen with mtime 1738446969.1366546
File C:\Users\Maltin\Desktop\portfolio_backend\venv\Lib\site-packages\django\urls\base.py first seen with mtime 1738445043.615456
File C:\Users\Maltin\Desktop\portfolio_backend\venv\Lib\site-packages\django\utils\timezone.py first seen with mtime 1738445043.7844567
File C:\Users\Maltin\Desktop\portfolio_backend\venv\Lib\site-packages\django\utils\regex_helper.py first seen with mtime 1738445043.7424648
File C:\Users\Maltin\Desktop\portfolio_backend\venv\Lib\site-packages\drf_social_oauth2\urls.py first seen with mtime 1738445414.300263
File C:\Users\Maltin\AppData\Local\Programs\Python\Python313\Lib\http\__init__.py first seen with mtime 1728289608.0
File C:\Users\Maltin\Desktop\portfolio_backend\venv\Lib\site-packages\rest_framework\schemas\coreapi.py first seen with mtime 1738445065.4735904
File C:\Users\Maltin\AppData\Local\Programs\Python\Python313\Lib\asyncio\base_futures.py first seen with mtime 1728289608.0
File C:\Users\Maltin\Desktop\portfolio_backend\venv\Lib\site-packages\oauth2_provider\validators.py first seen with mtime 1738445241.8025024
File C:\Users\Maltin\Desktop\portfolio_backend\venv\Lib\site-packages\psycopg\_conninfo_utils.py first seen with mtime 1738445506.9883368
File C:\Users\Maltin\Desktop\portfolio_backend\venv\Lib\site-packages\django\core\checks\__init__.py first seen with mtime 1738445042.681454
File C:\Users\Maltin\Desktop\portfolio_backend\venv\Lib\site-packages\django\utils\asyncio.py first seen with mtime 1738445043.6304517
File C:\Users\Maltin\Desktop\portfolio_backend\venv\Lib\site-packages\django\contrib\postgres\__init__.py first seen with mtime 1738445038.6269395
File C:\Users\Maltin\Desktop\portfolio_backend\portfolio\portfolioapp\models.py first seen with mtime 1738368430.590345
File C:\Users\Maltin\Desktop\portfolio_backend\venv\Lib\site-packages\psycopg\types\array.py first seen with mtime 1738445507.048339
File C:\Users\Maltin\Desktop\portfolio_backend\venv\Lib\site-packages\cryptography\hazmat\primitives\kdf\__init__.py first seen with mtime 1738445239.7960386
File C:\Users\Maltin\AppData\Local\Programs\Python\Python313\Lib\gzip.py first seen with mtime 1728289608.0
File C:\Users\Maltin\Desktop\portfolio_backend\venv\Lib\site-packages\rest_framework\utils\representation.py first seen with mtime 1738445065.6609342
File C:\Users\Maltin\Desktop\portfolio_backend\venv\Lib\site-packages\django\core\files\storage\base.py first seen with mtime 1738445042.7604537
File C:\Users\Maltin\Desktop\portfolio_backend\venv\Lib\site-packages\django\db\models\functions\mixins.py first seen with mtime 1738445043.1444528
File C:\Users\Maltin\AppData\Local\Programs\Python\Python313\Lib\zoneinfo\__init__.py first seen with mtime 1728289608.0
File C:\Users\Maltin\AppData\Local\Programs\Python\Python313\Lib\email\policy.py first seen with mtime 1728289608.0
File C:\Users\Maltin\Desktop\portfolio_backend\venv\Lib\site-packages\rest_framework\views.py first seen with mtime 1738445065.3250277
File C:\Users\Maltin\Desktop\portfolio_backend\venv\Lib\site-packages\django\core\mail\utils.py first seen with mtime 1738445042.785453
File C:\Users\Maltin\Desktop\portfolio_backend\venv\Lib\site-packages\cryptography\hazmat\_oid.py first seen with mtime 1738445239.812599
File C:\Users\Maltin\Desktop\portfolio_backend\venv\Lib\site-packages\django\template\utils.py first seen with mtime 1738445043.4844723
File C:\Users\Maltin\Desktop\portfolio_backend\venv\Lib\site-packages\oauthlib\oauth2\rfc8628\clients\__init__.py first seen with mtime 1738445236.860565
File C:\Users\Maltin\Desktop\portfolio_backend\venv\Lib\site-packages\django\db\migrations\operations\base.py first seen with mtime 1738445043.0724506
File C:\Users\Maltin\Desktop\portfolio_backend\venv\Lib\site-packages\rest_framework\apps.py first seen with mtime 1738445065.2800238
File C:\Users\Maltin\Desktop\portfolio_backend\venv\Lib\site-packages\django\db\migrations\migration.py first seen with mtime 1738445043.0464523
File C:\Users\Maltin\Desktop\portfolio_backend\venv\Lib\site-packages\rest_framework\authtoken\apps.py first seen with mtime 1738445065.3310246
File C:\Users\Maltin\AppData\Local\Programs\Python\Python313\Lib\venv\__init__.py first seen with mtime 1728289608.0
File C:\Users\Maltin\Desktop\portfolio_backend\venv\Lib\site-packages\django\db\models\fields\proxy.py first seen with mtime 1738445043.1234527
File C:\Users\Maltin\Desktop\portfolio_backend\venv\Lib\site-packages\django\contrib\auth\apps.py first seen with mtime 1738445032.6393764
File C:\Users\Maltin\Desktop\portfolio_backend\venv\Lib\site-packages\django\contrib\messages\api.py first seen with mtime 1738445038.6009383
File C:\Users\Maltin\Desktop\portfolio_backend\venv\Lib\site-packages\django\db\utils.py first seen with mtime 1738445042.912455
File C:\Users\Maltin\Desktop\portfolio_backend\venv\Lib\site-packages\oauthlib\oauth2\rfc6749\clients\backend_application.py first seen with mtime 1738445236.8105652
File C:\Users\Maltin\Desktop\portfolio_backend\venv\Lib\site-packages\openid\store\__init__.py first seen with mtime 1738445317.018619
File C:\Users\Maltin\AppData\Local\Programs\Python\Python313\Lib\uuid.py first seen with mtime 1728289608.0
File C:\Users\Maltin\AppData\Local\Programs\Python\Python313\DLLs\unicodedata.pyd first seen with mtime 1728289646.0
File C:\Users\Maltin\Desktop\portfolio_backend\venv\Lib\site-packages\django\contrib\contenttypes\views.py first seen with mtime 1738445033.7664547
File C:\Users\Maltin\Desktop\portfolio_backend\venv\Lib\site-packages\django\contrib\sessions\apps.py first seen with mtime 1738445040.0519404
File C:\Users\Maltin\AppData\Local\Programs\Python\Python313\Lib\asyncio\futures.py first seen with mtime 1728289608.0
File C:\Users\Maltin\Desktop\portfolio_backend\venv\Lib\site-packages\oauthlib\oauth2\rfc6749\parameters.py first seen with mtime 1738445236.8045688
File C:\Users\Maltin\AppData\Local\Programs\Python\Python313\Lib\urllib\response.py first seen with mtime 1728289608.0
File C:\Users\Maltin\Desktop\portfolio_backend\venv\Lib\site-packages\psycopg\generators.py first seen with mtime 1738445507.023338
File C:\Users\Maltin\Desktop\portfolio_backend\venv\Lib\site-packages\django\contrib\auth\views.py first seen with mtime 1738445032.6762545
File C:\Users\Maltin\Desktop\portfolio_backend\venv\Lib\site-packages\corsheaders\__init__.py first seen with mtime 1738445147.2638304
File C:\Users\Maltin\Desktop\portfolio_backend\venv\Lib\site-packages\django\template\__init__.py first seen with mtime 1738445043.4314542
File C:\Users\Maltin\AppData\Local\Programs\Python\Python313\Lib\email\_header_value_parser.py first seen with mtime 1728289608.0
File C:\Users\Maltin\Desktop\portfolio_backend\venv\Lib\site-packages\django\http\multipartparser.py first seen with mtime 1738445043.3824515
File C:\Users\Maltin\Desktop\portfolio_backend\venv\Lib\site-packages\rest_framework\utils\urls.py first seen with mtime 1738445065.663936
File C:\Users\Maltin\AppData\Local\Programs\Python\Python313\Lib\asyncio\subprocess.py first seen with mtime 1728289608.0
File C:\Users\Maltin\Desktop\portfolio_backend\venv\Lib\site-packages\requests\auth.py first seen with mtime 1738445238.7210925
File C:\Users\Maltin\Desktop\portfolio_backend\venv\Lib\site-packages\charset_normalizer\md.cp313-win_amd64.pyd first seen with mtime 1738445238.0164173
File C:\Users\Maltin\Desktop\portfolio_backend\venv\Lib\site-packages\django\core\files\storage\memory.py first seen with mtime 1738445042.7664683
File C:\Users\Maltin\Desktop\portfolio_backend\venv\Lib\site-packages\cryptography\__about__.py first seen with mtime 1738445239.8255987
File C:\Users\Maltin\Desktop\portfolio_backend\venv\Lib\site-packages\urllib3\util\proxy.py first seen with mtime 1738445235.4353716
File C:\Users\Maltin\Desktop\portfolio_backend\venv\Lib\site-packages\social_django\views.py first seen with mtime 1738445321.4161682
File C:\Users\Maltin\Desktop\portfolio_backend\venv\Lib\site-packages\cryptography\hazmat\primitives\serialization\__init__.py first seen with mtime 1738445239.8030374
File C:\Users\Maltin\Desktop\portfolio_backend\venv\Lib\site-packages\corsheaders\conf.py first seen with mtime 1738445147.266832
File C:\Users\Maltin\Desktop\portfolio_backend\venv\Lib\site-packages\social_core\store.py first seen with mtime 1738445317.791108
File C:\Users\Maltin\AppData\Local\Programs\Python\Python313\Lib\warnings.py first seen with mtime 1728289608.0
File C:\Users\Maltin\Desktop\portfolio_backend\venv\Lib\site-packages\django\db\backends\signals.py first seen with mtime 1738445042.9184566
File C:\Users\Maltin\Desktop\portfolio_backend\venv\Lib\site-packages\django\utils\deprecation.py first seen with mtime 1738445043.7154539
File C:\Users\Maltin\AppData\Local\Programs\Python\Python313\Lib\contextlib.py first seen with mtime 1728289608.0
File C:\Users\Maltin\Desktop\portfolio_backend\venv\Lib\site-packages\oauth2_provider\contrib\__init__.py first seen with mtime 1738445241.8035028
File C:\Users\Maltin\Desktop\portfolio_backend\venv\Lib\site-packages\django\db\models\expressions.py first seen with mtime 1738445043.0944612
File C:\Users\Maltin\AppData\Local\Programs\Python\Python313\Lib\importlib\metadata\_collections.py first seen with mtime 1728289608.0
File C:\Users\Maltin\AppData\Local\Programs\Python\Python313\Lib\zipfile\_path\__init__.py first seen with mtime 1728289608.0
File C:\Users\Maltin\Desktop\portfolio_backend\venv\Lib\site-packages\django\db\migrations\operations\fields.py first seen with mtime 1738445043.0734549
File C:\Users\Maltin\Desktop\portfolio_backend\venv\Lib\site-packages\psycopg\_enums.py first seen with mtime 1738445506.9983382
File C:\Users\Maltin\Desktop\portfolio_backend\venv\Lib\site-packages\openid\__init__.py first seen with mtime 1738445316.984622
File C:\Users\Maltin\Desktop\portfolio_backend\venv\Lib\site-packages\django\db\backends\postgresql\operations.py first seen with mtime 1738445043.0084538
File C:\Users\Maltin\Desktop\portfolio_backend\venv\Lib\site-packages\oauthlib\oauth2\rfc6749\grant_types\__init__.py first seen with mtime 1738445236.838567
File C:\Users\Maltin\Desktop\portfolio_backend\venv\Lib\site-packages\django\db\backends\postgresql\client.py first seen with mtime 1738445043.001451
File C:\Users\Maltin\Desktop\portfolio_backend\venv\Lib\site-packages\rest_framework\request.py first seen with mtime 1738445065.3080215
File C:\Users\Maltin\Desktop\portfolio_backend\venv\Lib\site-packages\cryptography\x509\name.py first seen with mtime 1738445239.8215988
File C:\Users\Maltin\Desktop\portfolio_backend\venv\Lib\site-packages\django\db\models\functions\window.py first seen with mtime 1738445043.1484556
File C:\Users\Maltin\Desktop\portfolio_backend\venv\Lib\site-packages\psycopg\_typeinfo.py first seen with mtime 1738445507.0073366
File C:\Users\Maltin\AppData\Local\Programs\Python\Python313\Lib\xml\etree\__init__.py first seen with mtime 1728289608.0
File C:\Users\Maltin\Desktop\portfolio_backend\venv\Lib\site-packages\django\db\models\sql\datastructures.py first seen with mtime 1738445043.156454
File C:\Users\Maltin\AppData\Local\Programs\Python\Python313\Lib\platform.py first seen with mtime 1728289608.0
File C:\Users\Maltin\Desktop\portfolio_backend\venv\Lib\site-packages\oauthlib\oauth2\rfc6749\grant_types\authorization_code.py first seen with mtime 1738445236.8395655
File C:\Users\Maltin\Desktop\portfolio_backend\venv\Lib\site-packages\django\db\backends\base\schema.py first seen with mtime 1738445042.9374537
File C:\Users\Maltin\Desktop\portfolio_backend\venv\Lib\site-packages\django\utils\__init__.py first seen with mtime 1738445043.6244533
File C:\Users\Maltin\Desktop\portfolio_backend\venv\Lib\site-packages\django\contrib\postgres\forms\array.py first seen with mtime 1738445038.6939435
File C:\Users\Maltin\Desktop\portfolio_backend\venv\Lib\site-packages\django\db\models\functions\math.py first seen with mtime 1738445043.1414557
File C:\Users\Maltin\Desktop\portfolio_backend\venv\Lib\site-packages\cryptography\hazmat\decrepit\__init__.py first seen with mtime 1738445239.7634635
File C:\Users\Maltin\Desktop\portfolio_backend\venv\Lib\site-packages\corsheaders\defaults.py first seen with mtime 1738445147.267838
File C:\Users\Maltin\AppData\Local\Programs\Python\Python313\Lib\encodings\cp1252.py first seen with mtime 1728289608.0
File C:\Users\Maltin\AppData\Local\Programs\Python\Python313\Lib\functools.py first seen with mtime 1728289608.0
File C:\Users\Maltin\Desktop\portfolio_backend\venv\Lib\site-packages\oauth2_provider\templates\oauth2_provider first seen with mtime 1738445241.8471131
File C:\Users\Maltin\Desktop\portfolio_backend\venv\Lib\site-packages\oauth2_provider\templates\oauth2_provider\application_confirm_delete.html first seen with mtime 1738445241.8323882
File C:\Users\Maltin\Desktop\portfolio_backend\venv\Lib\site-packages\oauth2_provider\templates\oauth2_provider\application_detail.html first seen with mtime 1738445241.8341017
File C:\Users\Maltin\Desktop\portfolio_backend\venv\Lib\site-packages\oauth2_provider\templates\oauth2_provider\application_form.html first seen with mtime 1738445241.836112
File C:\Users\Maltin\Desktop\portfolio_backend\venv\Lib\site-packages\oauth2_provider\templates\oauth2_provider\application_list.html first seen with mtime 1738445241.8371117
File C:\Users\Maltin\Desktop\portfolio_backend\venv\Lib\site-packages\oauth2_provider\templates\oauth2_provider\application_registration_form.html first seen with mtime 1738445241.839111
File C:\Users\Maltin\Desktop\portfolio_backend\venv\Lib\site-packages\oauth2_provider\templates\oauth2_provider\authorize.html first seen with mtime 1738445241.8401124
File C:\Users\Maltin\Desktop\portfolio_backend\venv\Lib\site-packages\oauth2_provider\templates\oauth2_provider\authorized-token-delete.html first seen with mtime 1738445241.8431158
File C:\Users\Maltin\Desktop\portfolio_backend\venv\Lib\site-packages\oauth2_provider\templates\oauth2_provider\authorized-tokens.html first seen with mtime 1738445241.8441126
File C:\Users\Maltin\Desktop\portfolio_backend\venv\Lib\site-packages\oauth2_provider\templates\oauth2_provider\base.html first seen with mtime 1738445241.8471131
File C:\Users\Maltin\Desktop\portfolio_backend\venv\Lib\site-packages\oauth2_provider\templates\oauth2_provider\logout_confirm.html first seen with mtime 1738445241.8481135
File C:\Users\Maltin\Desktop\portfolio_backend\venv\Lib\site-packages\rest_framework\templates\rest_framework first seen with mtime 1738445065.6209373
File C:\Users\Maltin\Desktop\portfolio_backend\venv\Lib\site-packages\rest_framework\templates\rest_framework\admin first seen with mtime 1738445065.5565875
File C:\Users\Maltin\Desktop\portfolio_backend\venv\Lib\site-packages\rest_framework\templates\rest_framework\admin.html first seen with mtime 1738445065.5435905
File C:\Users\Maltin\Desktop\portfolio_backend\venv\Lib\site-packages\rest_framework\templates\rest_framework\api.html first seen with mtime 1738445065.5445886
File C:\Users\Maltin\Desktop\portfolio_backend\venv\Lib\site-packages\rest_framework\templates\rest_framework\base.html first seen with mtime 1738445065.5465903
File C:\Users\Maltin\Desktop\portfolio_backend\venv\Lib\site-packages\rest_framework\templates\rest_framework\docs first seen with mtime 1738445065.570592
File C:\Users\Maltin\Desktop\portfolio_backend\venv\Lib\site-packages\rest_framework\templates\rest_framework\filters first seen with mtime 1738445065.5815895
File C:\Users\Maltin\Desktop\portfolio_backend\venv\Lib\site-packages\rest_framework\templates\rest_framework\horizontal first seen with mtime 1738445065.600246
File C:\Users\Maltin\Desktop\portfolio_backend\venv\Lib\site-packages\rest_framework\templates\rest_framework\inline first seen with mtime 1738445065.6169357
File C:\Users\Maltin\Desktop\portfolio_backend\venv\Lib\site-packages\rest_framework\templates\rest_framework\login.html first seen with mtime 1738445065.5475926
File C:\Users\Maltin\Desktop\portfolio_backend\venv\Lib\site-packages\rest_framework\templates\rest_framework\login_base.html first seen with mtime 1738445065.5485933
File C:\Users\Maltin\Desktop\portfolio_backend\venv\Lib\site-packages\rest_framework\templates\rest_framework\pagination first seen with mtime 1738445065.6199362
File C:\Users\Maltin\Desktop\portfolio_backend\venv\Lib\site-packages\rest_framework\templates\rest_framework\raw_data_form.html first seen with mtime 1738445065.5495913
File C:\Users\Maltin\Desktop\portfolio_backend\venv\Lib\site-packages\rest_framework\templates\rest_framework\schema.js first seen with mtime 1738445065.5515869
File C:\Users\Maltin\Desktop\portfolio_backend\venv\Lib\site-packages\rest_framework\templates\rest_framework\vertical first seen with mtime 1738445065.637937
File C:\Users\Maltin\Desktop\portfolio_backend\venv\Lib\site-packages\rest_framework\templates\rest_framework\admin\detail.html first seen with mtime 1738445065.5525918
File C:\Users\Maltin\Desktop\portfolio_backend\venv\Lib\site-packages\rest_framework\templates\rest_framework\admin\dict_value.html first seen with mtime 1738445065.553591
File C:\Users\Maltin\Desktop\portfolio_backend\venv\Lib\site-packages\rest_framework\templates\rest_framework\admin\list.html first seen with mtime 1738445065.5545888
File C:\Users\Maltin\Desktop\portfolio_backend\venv\Lib\site-packages\rest_framework\templates\rest_framework\admin\list_value.html first seen with mtime 1738445065.555591
File C:\Users\Maltin\Desktop\portfolio_backend\venv\Lib\site-packages\rest_framework\templates\rest_framework\admin\simple_list_value.html first seen with mtime 1738445065.5565875
File C:\Users\Maltin\Desktop\portfolio_backend\venv\Lib\site-packages\rest_framework\templates\rest_framework\docs\auth first seen with mtime 1738445065.5685914
File C:\Users\Maltin\Desktop\portfolio_backend\venv\Lib\site-packages\rest_framework\templates\rest_framework\docs\document.html first seen with mtime 1738445065.5585897
File C:\Users\Maltin\Desktop\portfolio_backend\venv\Lib\site-packages\rest_framework\templates\rest_framework\docs\error.html first seen with mtime 1738445065.5595922
File C:\Users\Maltin\Desktop\portfolio_backend\venv\Lib\site-packages\rest_framework\templates\rest_framework\docs\index.html first seen with mtime 1738445065.5605886
File C:\Users\Maltin\Desktop\portfolio_backend\venv\Lib\site-packages\rest_framework\templates\rest_framework\docs\interact.html first seen with mtime 1738445065.5635858
File C:\Users\Maltin\Desktop\portfolio_backend\venv\Lib\site-packages\rest_framework\templates\rest_framework\docs\langs first seen with mtime 1738445065.5775888
File C:\Users\Maltin\Desktop\portfolio_backend\venv\Lib\site-packages\rest_framework\templates\rest_framework\docs\link.html first seen with mtime 1738445065.5635858
File C:\Users\Maltin\Desktop\portfolio_backend\venv\Lib\site-packages\rest_framework\templates\rest_framework\docs\sidebar.html first seen with mtime 1738445065.5655863
File C:\Users\Maltin\Desktop\portfolio_backend\venv\Lib\site-packages\rest_framework\templates\rest_framework\filters\base.html first seen with mtime 1738445065.5795891
File C:\Users\Maltin\Desktop\portfolio_backend\venv\Lib\site-packages\rest_framework\templates\rest_framework\filters\ordering.html first seen with mtime 1738445065.5805895
File C:\Users\Maltin\Desktop\portfolio_backend\venv\Lib\site-packages\rest_framework\templates\rest_framework\filters\search.html first seen with mtime 1738445065.5815895
File C:\Users\Maltin\Desktop\portfolio_backend\venv\Lib\site-packages\rest_framework\templates\rest_framework\horizontal\checkbox.html first seen with mtime 1738445065.5855894
File C:\Users\Maltin\Desktop\portfolio_backend\venv\Lib\site-packages\rest_framework\templates\rest_framework\horizontal\checkbox_multiple.html first seen with mtime 1738445065.5865912
File C:\Users\Maltin\Desktop\portfolio_backend\venv\Lib\site-packages\rest_framework\templates\rest_framework\horizontal\dict_field.html first seen with mtime 1738445065.5885878
File C:\Users\Maltin\Desktop\portfolio_backend\venv\Lib\site-packages\rest_framework\templates\rest_framework\horizontal\fieldset.html first seen with mtime 1738445065.5895898
File C:\Users\Maltin\Desktop\portfolio_backend\venv\Lib\site-packages\rest_framework\templates\rest_framework\horizontal\form.html first seen with mtime 1738445065.5915887
File C:\Users\Maltin\Desktop\portfolio_backend\venv\Lib\site-packages\rest_framework\templates\rest_framework\horizontal\input.html first seen with mtime 1738445065.592589
File C:\Users\Maltin\Desktop\portfolio_backend\venv\Lib\site-packages\rest_framework\templates\rest_framework\horizontal\list_field.html first seen with mtime 1738445065.5935879
File C:\Users\Maltin\Desktop\portfolio_backend\venv\Lib\site-packages\rest_framework\templates\rest_framework\horizontal\list_fieldset.html first seen with mtime 1738445065.5945885
File C:\Users\Maltin\Desktop\portfolio_backend\venv\Lib\site-packages\rest_framework\templates\rest_framework\horizontal\radio.html first seen with mtime 1738445065.596592
File C:\Users\Maltin\Desktop\portfolio_backend\venv\Lib\site-packages\rest_framework\templates\rest_framework\horizontal\select.html first seen with mtime 1738445065.5977266
File C:\Users\Maltin\Desktop\portfolio_backend\venv\Lib\site-packages\rest_framework\templates\rest_framework\horizontal\select_multiple.html first seen with mtime 1738445065.600246
File C:\Users\Maltin\Desktop\portfolio_backend\venv\Lib\site-packages\rest_framework\templates\rest_framework\horizontal\textarea.html first seen with mtime 1738445065.601251
File C:\Users\Maltin\Desktop\portfolio_backend\venv\Lib\site-packages\rest_framework\templates\rest_framework\inline\checkbox.html first seen with mtime 1738445065.602252
(0.083) 
            SELECT
                c.relname,
                CASE
                    WHEN c.relispartition THEN 'p'
                    WHEN c.relkind IN ('m', 'v') THEN 'v'
                    ELSE 't'
                END,
                obj_description(c.oid, 'pg_class')
            FROM pg_catalog.pg_class c
            LEFT JOIN pg_catalog.pg_namespace n ON n.oid = c.relnamespace
            WHERE c.relkind IN ('f', 'm', 'p', 'r', 'v')
                AND n.nspname NOT IN ('pg_catalog', 'pg_toast')
                AND pg_catalog.pg_table_is_visible(c.oid)
        ; args=None; alias=default
File C:\Users\Maltin\Desktop\portfolio_backend\venv\Lib\site-packages\rest_framework\templates\rest_framework\inline\checkbox_multiple.html first seen with mtime 1738445065.6032498
File C:\Users\Maltin\Desktop\portfolio_backend\venv\Lib\site-packages\rest_framework\templates\rest_framework\inline\dict_field.html first seen with mtime 1738445065.6052494
File C:\Users\Maltin\Desktop\portfolio_backend\venv\Lib\site-packages\rest_framework\templates\rest_framework\inline\fieldset.html first seen with mtime 1738445065.6062489
File C:\Users\Maltin\Desktop\portfolio_backend\venv\Lib\site-packages\rest_framework\templates\rest_framework\inline\form.html first seen with mtime 1738445065.60725
File C:\Users\Maltin\Desktop\portfolio_backend\venv\Lib\site-packages\rest_framework\templates\rest_framework\inline\input.html first seen with mtime 1738445065.6082501
File C:\Users\Maltin\Desktop\portfolio_backend\venv\Lib\site-packages\rest_framework\templates\rest_framework\inline\list_field.html first seen with mtime 1738445065.6092477
File C:\Users\Maltin\Desktop\portfolio_backend\venv\Lib\site-packages\rest_framework\templates\rest_framework\inline\list_fieldset.html first seen with mtime 1738445065.6112473
File C:\Users\Maltin\Desktop\portfolio_backend\venv\Lib\site-packages\rest_framework\templates\rest_framework\inline\radio.html first seen with mtime 1738445065.6122482
File C:\Users\Maltin\Desktop\portfolio_backend\venv\Lib\site-packages\rest_framework\templates\rest_framework\inline\select.html first seen with mtime 1738445065.6144147
File C:\Users\Maltin\Desktop\portfolio_backend\venv\Lib\site-packages\rest_framework\templates\rest_framework\inline\select_multiple.html first seen with mtime 1738445065.615938
File C:\Users\Maltin\Desktop\portfolio_backend\venv\Lib\site-packages\rest_framework\templates\rest_framework\inline\textarea.html first seen with mtime 1738445065.6179376
File C:\Users\Maltin\Desktop\portfolio_backend\venv\Lib\site-packages\rest_framework\templates\rest_framework\pagination\numbers.html first seen with mtime 1738445065.6189382
File C:\Users\Maltin\Desktop\portfolio_backend\venv\Lib\site-packages\rest_framework\templates\rest_framework\pagination\previous_and_next.html first seen with mtime 1738445065.6209373
File C:\Users\Maltin\Desktop\portfolio_backend\venv\Lib\site-packages\rest_framework\templates\rest_framework\vertical\checkbox.html first seen with mtime 1738445065.6219392
File C:\Users\Maltin\Desktop\portfolio_backend\venv\Lib\site-packages\rest_framework\templates\rest_framework\vertical\checkbox_multiple.html first seen with mtime 1738445065.6229374
File C:\Users\Maltin\Desktop\portfolio_backend\venv\Lib\site-packages\rest_framework\templates\rest_framework\vertical\dict_field.html first seen with mtime 1738445065.6249368
File C:\Users\Maltin\Desktop\portfolio_backend\venv\Lib\site-packages\rest_framework\templates\rest_framework\vertical\fieldset.html first seen with mtime 1738445065.6259372
File C:\Users\Maltin\Desktop\portfolio_backend\venv\Lib\site-packages\rest_framework\templates\rest_framework\vertical\form.html first seen with mtime 1738445065.6269367
File C:\Users\Maltin\Desktop\portfolio_backend\venv\Lib\site-packages\rest_framework\templates\rest_framework\vertical\input.html first seen with mtime 1738445065.6279364
File C:\Users\Maltin\Desktop\portfolio_backend\venv\Lib\site-packages\rest_framework\templates\rest_framework\vertical\list_field.html first seen with mtime 1738445065.6299343
File C:\Users\Maltin\Desktop\portfolio_backend\venv\Lib\site-packages\rest_framework\templates\rest_framework\vertical\list_fieldset.html first seen with mtime 1738445065.6309354
File C:\Users\Maltin\Desktop\portfolio_backend\venv\Lib\site-packages\rest_framework\templates\rest_framework\vertical\radio.html first seen with mtime 1738445065.6329362
File C:\Users\Maltin\Desktop\portfolio_backend\venv\Lib\site-packages\rest_framework\templates\rest_framework\vertical\select.html first seen with mtime 1738445065.6339371
File C:\Users\Maltin\Desktop\portfolio_backend\venv\Lib\site-packages\rest_framework\templates\rest_framework\vertical\select_multiple.html first seen with mtime 1738445065.634936
File C:\Users\Maltin\Desktop\portfolio_backend\venv\Lib\site-packages\rest_framework\templates\rest_framework\vertical\textarea.html first seen with mtime 1738445065.6399355
File C:\Users\Maltin\Desktop\portfolio_backend\venv\Lib\site-packages\rest_framework\templates\rest_framework\docs\auth\basic.html first seen with mtime 1738445065.567591
File C:\Users\Maltin\Desktop\portfolio_backend\venv\Lib\site-packages\rest_framework\templates\rest_framework\docs\auth\session.html first seen with mtime 1738445065.5685914
File C:\Users\Maltin\Desktop\portfolio_backend\venv\Lib\site-packages\rest_framework\templates\rest_framework\docs\auth\token.html first seen with mtime 1738445065.5695944
File C:\Users\Maltin\Desktop\portfolio_backend\venv\Lib\site-packages\rest_framework\templates\rest_framework\docs\langs\javascript-intro.html first seen with mtime 1738445065.570592
File C:\Users\Maltin\Desktop\portfolio_backend\venv\Lib\site-packages\rest_framework\templates\rest_framework\docs\langs\javascript.html first seen with mtime 1738445065.5725913
File C:\Users\Maltin\Desktop\portfolio_backend\venv\Lib\site-packages\rest_framework\templates\rest_framework\docs\langs\python-intro.html first seen with mtime 1738445065.573594
File C:\Users\Maltin\Desktop\portfolio_backend\venv\Lib\site-packages\rest_framework\templates\rest_framework\docs\langs\python.html first seen with mtime 1738445065.5755928
File C:\Users\Maltin\Desktop\portfolio_backend\venv\Lib\site-packages\rest_framework\templates\rest_framework\docs\langs\shell-intro.html first seen with mtime 1738445065.576588
File C:\Users\Maltin\Desktop\portfolio_backend\venv\Lib\site-packages\rest_framework\templates\rest_framework\docs\langs\shell.html first seen with mtime 1738445065.5785873
(0.010) SELECT "django_migrations"."id", "django_migrations"."app", "django_migrations"."name", "django_migrations"."applied" FROM "django_migrations"; args=(); alias=default
File C:\Users\Maltin\Desktop\portfolio_backend\venv\Lib\site-packages\rest_framework\locale\zh_TW\LC_MESSAGES\django.mo first seen with mtime 1738445065.4675887
File C:\Users\Maltin\Desktop\portfolio_backend\venv\Lib\site-packages\rest_framework\locale\zh_Hant\LC_MESSAGES\django.mo first seen with mtime 1738445065.4656012
File C:\Users\Maltin\Desktop\portfolio_backend\venv\Lib\site-packages\rest_framework\locale\zh_Hans\LC_MESSAGES\django.mo first seen with mtime 1738445065.4625893
File C:\Users\Maltin\Desktop\portfolio_backend\venv\Lib\site-packages\rest_framework\locale\zh_CN\LC_MESSAGES\django.mo first seen with mtime 1738445065.461588
File C:\Users\Maltin\Desktop\portfolio_backend\venv\Lib\site-packages\rest_framework\locale\vi\LC_MESSAGES\django.mo first seen with mtime 1738445065.4595861
File C:\Users\Maltin\Desktop\portfolio_backend\venv\Lib\site-packages\rest_framework\locale\uk\LC_MESSAGES\django.mo first seen with mtime 1738445065.4565897
File C:\Users\Maltin\Desktop\portfolio_backend\venv\Lib\site-packages\rest_framework\locale\tr_TR\LC_MESSAGES\django.mo first seen with mtime 1738445065.4546068
File C:\Users\Maltin\Desktop\portfolio_backend\venv\Lib\site-packages\rest_framework\locale\tr\LC_MESSAGES\django.mo first seen with mtime 1738445065.4525895
File C:\Users\Maltin\Desktop\portfolio_backend\venv\Lib\site-packages\rest_framework\locale\th\LC_MESSAGES\django.mo first seen with mtime 1738445065.4505925
File C:\Users\Maltin\Desktop\portfolio_backend\venv\Lib\site-packages\rest_framework\locale\sv\LC_MESSAGES\django.mo first seen with mtime 1738445065.4475877
File C:\Users\Maltin\Desktop\portfolio_backend\venv\Lib\site-packages\rest_framework\locale\sl\LC_MESSAGES\django.mo first seen with mtime 1738445065.446592
File C:\Users\Maltin\Desktop\portfolio_backend\venv\Lib\site-packages\rest_framework\locale\sk\LC_MESSAGES\django.mo first seen with mtime 1738445065.4445858
File C:\Users\Maltin\Desktop\portfolio_backend\venv\Lib\site-packages\rest_framework\locale\ru_RU\LC_MESSAGES\django.mo first seen with mtime 1738445065.4425962
File C:\Users\Maltin\Desktop\portfolio_backend\venv\Lib\site-packages\rest_framework\locale\ru\LC_MESSAGES\django.mo first seen with mtime 1738445065.4395874
File C:\Users\Maltin\Desktop\portfolio_backend\venv\Lib\site-packages\rest_framework\locale\ro\LC_MESSAGES\django.mo first seen with mtime 1738445065.4375873
File C:\Users\Maltin\Desktop\portfolio_backend\venv\Lib\site-packages\rest_framework\locale\pt_PT\LC_MESSAGES\django.mo first seen with mtime 1738445065.4355881
File C:\Users\Maltin\Desktop\portfolio_backend\venv\Lib\site-packages\rest_framework\locale\pt_BR\LC_MESSAGES\django.mo first seen with mtime 1738445065.4335887
File C:\Users\Maltin\Desktop\portfolio_backend\venv\Lib\site-packages\rest_framework\locale\pt\LC_MESSAGES\django.mo first seen with mtime 1738445065.4315867
File C:\Users\Maltin\Desktop\portfolio_backend\venv\Lib\site-packages\rest_framework\locale\pl\LC_MESSAGES\django.mo first seen with mtime 1738445065.430588
File C:\Users\Maltin\Desktop\portfolio_backend\venv\Lib\site-packages\rest_framework\locale\no\LC_MESSAGES\django.mo first seen with mtime 1738445065.4285886
File C:\Users\Maltin\Desktop\portfolio_backend\venv\Lib\site-packages\rest_framework\locale\nn\LC_MESSAGES\django.mo first seen with mtime 1738445065.4265878
File C:\Users\Maltin\Desktop\portfolio_backend\venv\Lib\site-packages\rest_framework\locale\nl\LC_MESSAGES\django.mo first seen with mtime 1738445065.424594
File C:\Users\Maltin\Desktop\portfolio_backend\venv\Lib\site-packages\rest_framework\locale\ne_NP\LC_MESSAGES\django.mo first seen with mtime 1738445065.4225862
File C:\Users\Maltin\Desktop\portfolio_backend\venv\Lib\site-packages\rest_framework\locale\nb\LC_MESSAGES\django.mo first seen with mtime 1738445065.4205887
File C:\Users\Maltin\Desktop\portfolio_backend\venv\Lib\site-packages\rest_framework\locale\mk\LC_MESSAGES\django.mo first seen with mtime 1738445065.418588
File C:\Users\Maltin\Desktop\portfolio_backend\venv\Lib\site-packages\rest_framework\locale\lv\LC_MESSAGES\django.mo first seen with mtime 1738445065.416587
File C:\Users\Maltin\Desktop\portfolio_backend\venv\Lib\site-packages\rest_framework\locale\lt\LC_MESSAGES\django.mo first seen with mtime 1738445065.414589
File C:\Users\Maltin\Desktop\portfolio_backend\venv\Lib\site-packages\rest_framework\locale\ko_KR\LC_MESSAGES\django.mo first seen with mtime 1738445065.4135866
File C:\Users\Maltin\Desktop\portfolio_backend\venv\Lib\site-packages\rest_framework\locale\ja\LC_MESSAGES\django.mo first seen with mtime 1738445065.410586
File C:\Users\Maltin\Desktop\portfolio_backend\venv\Lib\site-packages\rest_framework\locale\it\LC_MESSAGES\django.mo first seen with mtime 1738445065.4085763
File C:\Users\Maltin\Desktop\portfolio_backend\venv\Lib\site-packages\rest_framework\locale\id\LC_MESSAGES\django.mo first seen with mtime 1738445065.406008
File C:\Users\Maltin\Desktop\portfolio_backend\venv\Lib\site-packages\rest_framework\locale\hy\LC_MESSAGES\django.mo first seen with mtime 1738445065.4040163
File C:\Users\Maltin\Desktop\portfolio_backend\venv\Lib\site-packages\rest_framework\locale\hu\LC_MESSAGES\django.mo first seen with mtime 1738445065.4020126
File C:\Users\Maltin\Desktop\portfolio_backend\venv\Lib\site-packages\rest_framework\locale\he_IL\LC_MESSAGES\django.mo first seen with mtime 1738445065.4000072
File C:\Users\Maltin\Desktop\portfolio_backend\venv\Lib\site-packages\rest_framework\locale\gl_ES\LC_MESSAGES\django.mo first seen with mtime 1738445065.3980105
File C:\Users\Maltin\Desktop\portfolio_backend\venv\Lib\site-packages\rest_framework\locale\gl\LC_MESSAGES\django.mo first seen with mtime 1738445065.3960116
File C:\Users\Maltin\Desktop\portfolio_backend\venv\Lib\site-packages\rest_framework\locale\fr_CA\LC_MESSAGES\django.mo first seen with mtime 1738445065.3940122
File C:\Users\Maltin\Desktop\portfolio_backend\venv\Lib\site-packages\rest_framework\locale\fr\LC_MESSAGES\django.mo first seen with mtime 1738445065.3910105
File C:\Users\Maltin\Desktop\portfolio_backend\venv\Lib\site-packages\rest_framework\locale\fi\LC_MESSAGES\django.mo first seen with mtime 1738445065.3890092
File C:\Users\Maltin\Desktop\portfolio_backend\venv\Lib\site-packages\rest_framework\locale\fa_IR\LC_MESSAGES\django.mo first seen with mtime 1738445065.3870125
File C:\Users\Maltin\Desktop\portfolio_backend\venv\Lib\site-packages\rest_framework\locale\fa\LC_MESSAGES\django.mo first seen with mtime 1738445065.3840084
File C:\Users\Maltin\Desktop\portfolio_backend\venv\Lib\site-packages\rest_framework\locale\et\LC_MESSAGES\django.mo first seen with mtime 1738445065.3820086
File C:\Users\Maltin\Desktop\portfolio_backend\venv\Lib\site-packages\rest_framework\locale\es\LC_MESSAGES\django.mo first seen with mtime 1738445065.3810112
File C:\Users\Maltin\Desktop\portfolio_backend\venv\Lib\site-packages\rest_framework\locale\en_US\LC_MESSAGES\django.mo first seen with mtime 1738445065.379007
File C:\Users\Maltin\Desktop\portfolio_backend\venv\Lib\site-packages\rest_framework\locale\en_CA\LC_MESSAGES\django.mo first seen with mtime 1738445065.3770099
File C:\Users\Maltin\Desktop\portfolio_backend\venv\Lib\site-packages\rest_framework\locale\en_AU\LC_MESSAGES\django.mo first seen with mtime 1738445065.3750086
File C:\Users\Maltin\Desktop\portfolio_backend\venv\Lib\site-packages\rest_framework\locale\en\LC_MESSAGES\django.mo first seen with mtime 1738445065.3730092
File C:\Users\Maltin\Desktop\portfolio_backend\venv\Lib\site-packages\rest_framework\locale\el_GR\LC_MESSAGES\django.mo first seen with mtime 1738445065.372011
File C:\Users\Maltin\Desktop\portfolio_backend\venv\Lib\site-packages\rest_framework\locale\el\LC_MESSAGES\django.mo first seen with mtime 1738445065.3700094
File C:\Users\Maltin\Desktop\portfolio_backend\venv\Lib\site-packages\rest_framework\locale\de\LC_MESSAGES\django.mo first seen with mtime 1738445065.368011
File C:\Users\Maltin\Desktop\portfolio_backend\venv\Lib\site-packages\rest_framework\locale\da\LC_MESSAGES\django.mo first seen with mtime 1738445065.3650076
File C:\Users\Maltin\Desktop\portfolio_backend\venv\Lib\site-packages\rest_framework\locale\cs\LC_MESSAGES\django.mo first seen with mtime 1738445065.3630092
File C:\Users\Maltin\Desktop\portfolio_backend\venv\Lib\site-packages\rest_framework\locale\ca_ES\LC_MESSAGES\django.mo first seen with mtime 1738445065.3600113
File C:\Users\Maltin\Desktop\portfolio_backend\venv\Lib\site-packages\rest_framework\locale\ca\LC_MESSAGES\django.mo first seen with mtime 1738445065.3570087
File C:\Users\Maltin\Desktop\portfolio_backend\venv\Lib\site-packages\rest_framework\locale\bg\LC_MESSAGES\django.mo first seen with mtime 1738445065.3550112
File C:\Users\Maltin\Desktop\portfolio_backend\venv\Lib\site-packages\rest_framework\locale\be\LC_MESSAGES\django.mo first seen with mtime 1738445065.3540077
File C:\Users\Maltin\Desktop\portfolio_backend\venv\Lib\site-packages\rest_framework\locale\az\LC_MESSAGES\django.mo first seen with mtime 1738445065.3520083
File C:\Users\Maltin\Desktop\portfolio_backend\venv\Lib\site-packages\rest_framework\locale\ar\LC_MESSAGES\django.mo first seen with mtime 1738445065.3500073
File C:\Users\Maltin\Desktop\portfolio_backend\venv\Lib\site-packages\rest_framework\locale\ach\LC_MESSAGES\django.mo first seen with mtime 1738445065.3480132
(0.015) SELECT "oauth2_provider_application"."id", "oauth2_provider_application"."client_id", "oauth2_provider_application"."user_id", "oauth2_provider_application"."redirect_uris", "oauth2_provider_application"."post_logout_redirect_uris", "oauth2_provider_application"."client_type", "oauth2_provider_application"."authorization_grant_type", "oauth2_provider_application"."client_secret", "oauth2_provider_application"."hash_client_secret", "oauth2_provider_application"."name", "oauth2_provider_application"."skip_authorization", "oauth2_provider_application"."created", "oauth2_provider_application"."updated", "oauth2_provider_application"."algorithm", "oauth2_provider_application"."allowed_origins" FROM "oauth2_provider_application" WHERE "oauth2_provider_application"."client_id" = 'YGE2k59Y9myR5ctwxozMvV2EEpHgWWaNwYito2rE' LIMIT 21; args=('YGE2k59Y9myR5ctwxozMvV2EEpHgWWaNwYito2rE',); alias=default
(0.001) SELECT "oauth2_provider_application"."id", "oauth2_provider_application"."client_id", "oauth2_provider_application"."user_id", "oauth2_provider_application"."redirect_uris", "oauth2_provider_application"."post_logout_redirect_uris", "oauth2_provider_application"."client_type", "oauth2_provider_application"."authorization_grant_type", "oauth2_provider_application"."client_secret", "oauth2_provider_application"."hash_client_secret", "oauth2_provider_application"."name", "oauth2_provider_application"."skip_authorization", "oauth2_provider_application"."created", "oauth2_provider_application"."updated", "oauth2_provider_application"."algorithm", "oauth2_provider_application"."allowed_origins" FROM "oauth2_provider_application" WHERE "oauth2_provider_application"."client_id" = 'YGE2k59Y9myR5ctwxozMvV2EEpHgWWaNwYito2rE' LIMIT 21; args=('YGE2k59Y9myR5ctwxozMvV2EEpHgWWaNwYito2rE',); alias=default
File C:\Users\Maltin\AppData\Local\Programs\Python\Python313\Lib\xml\parsers\__init__.py first seen with mtime 1728289608.0
File C:\Users\Maltin\Desktop\portfolio_backend\venv\Lib\site-packages\oauth2_provider\migrations\0011_refreshtoken_token_family.py first seen with mtime 1738445241.827391
File C:\Users\Maltin\Desktop\portfolio_backend\venv\Lib\site-packages\defusedxml\__init__.py first seen with mtime 1738445316.4948738
File C:\Users\Maltin\Desktop\portfolio_backend\venv\Lib\site-packages\oauth2_provider\migrations\0005_auto_20211222_2352.py first seen with mtime 1738445241.8183916
File C:\Users\Maltin\Desktop\portfolio_backend\venv\Lib\site-packages\django\contrib\auth\migrations\0008_alter_user_username_max_length.py first seen with mtime 1738445033.6984553
File C:\Users\Maltin\Desktop\portfolio_backend\venv\Lib\site-packages\social_django\migrations\0016_alter_usersocialauth_extra_data.py first seen with mtime 1738445321.4451673
File C:\Users\Maltin\Desktop\portfolio_backend\venv\Lib\site-packages\rest_framework\authtoken\migrations\0002_auto_20160226_1747.py first seen with mtime 1738445065.3410225
File C:\Users\Maltin\Desktop\portfolio_backend\venv\Lib\site-packages\django\contrib\messages\storage\session.py first seen with mtime 1738445038.6249392
File C:\Users\Maltin\Desktop\portfolio_backend\venv\Lib\site-packages\django\contrib\auth\migrations\__init__.py first seen with mtime 1738445033.7064538
File C:\Users\Maltin\Desktop\portfolio_backend\venv\Lib\site-packages\django\db\migrations\executor.py first seen with mtime 1738445043.0414536
File C:\Users\Maltin\Desktop\portfolio_backend\venv\Lib\site-packages\django\contrib\auth\migrations\0007_alter_validators_add_error_messages.py first seen with mtime 1738445033.696455
File C:\Users\Maltin\Desktop\portfolio_backend\venv\Lib\site-packages\django\db\migrations\recorder.py first seen with mtime 1738445043.0534587
File C:\Users\Maltin\Desktop\portfolio_backend\venv\Lib\site-packages\social_django\migrations\0001_initial.py first seen with mtime 1738445321.42117
File C:\Users\Maltin\Desktop\portfolio_backend\venv\Lib\site-packages\social_django\migrations\0004_auto_20160423_0400.py first seen with mtime 1738445321.4241714
File C:\Users\Maltin\Desktop\portfolio_backend\venv\Lib\site-packages\django\contrib\auth\migrations\0004_alter_user_username_opts.py first seen with mtime 1738445033.6894555
File C:\Users\Maltin\Desktop\portfolio_backend\venv\Lib\site-packages\social_django\migrations\0014_remove_usersocialauth_extra_data.py first seen with mtime 1738445321.4411676
File C:\Users\Maltin\Desktop\portfolio_backend\venv\Lib\site-packages\oauth2_provider\migrations\0008_alter_accesstoken_token.py first seen with mtime 1738445241.8223877
File C:\Users\Maltin\Desktop\portfolio_backend\venv\Lib\site-packages\django\core\cache\backends\locmem.py first seen with mtime 1738445042.675455
File C:\Users\Maltin\Desktop\portfolio_backend\venv\Lib\site-packages\django\contrib\sessions\migrations\0001_initial.py first seen with mtime 1738445041.9504528
File C:\Users\Maltin\Desktop\portfolio_backend\venv\Lib\site-packages\rest_framework\authtoken\migrations\0003_tokenproxy.py first seen with mtime 1738445065.3430283
File C:\Users\Maltin\Desktop\portfolio_backend\venv\Lib\site-packages\rest_framework\authtoken\migrations\__init__.py first seen with mtime 1738445065.3454864
File C:\Users\Maltin\Desktop\portfolio_backend\venv\Lib\site-packages\django\contrib\auth\migrations\0003_alter_user_email_max_length.py first seen with mtime 1738445033.6884556
File C:\Users\Maltin\Desktop\portfolio_backend\venv\Lib\site-packages\django\contrib\auth\migrations\0009_alter_user_last_name_max_length.py first seen with mtime 1738445033.6994536
File C:\Users\Maltin\Desktop\portfolio_backend\venv\Lib\site-packages\social_django\migrations\0008_partial_timestamp.py first seen with mtime 1738445321.4291732
File C:\Users\Maltin\Desktop\portfolio_backend\venv\Lib\site-packages\oauth2_provider\migrations\0003_auto_20201211_1314.py first seen with mtime 1738445241.8155022
File C:\Users\Maltin\Desktop\portfolio_backend\venv\Lib\site-packages\django\contrib\contenttypes\migrations\__init__.py first seen with mtime 1738445034.814157
File C:\Users\Maltin\Desktop\portfolio_backend\venv\Lib\site-packages\oauth2_provider\migrations\0010_application_allowed_origins.py first seen with mtime 1738445241.8263915
File C:\Users\Maltin\Desktop\portfolio_backend\venv\Lib\site-packages\PIL\ImageMode.py first seen with mtime 1738445562.1805544
File C:\Users\Maltin\Desktop\portfolio_backend\venv\Lib\site-packages\django\contrib\sessions\backends\db.py first seen with mtime 1738445040.0689414
File C:\Users\Maltin\Desktop\portfolio_backend\venv\Lib\site-packages\oauth2_provider\migrations\0004_auto_20200902_2022.py first seen with mtime 1738445241.8165026
File C:\Users\Maltin\Desktop\portfolio_backend\venv\Lib\site-packages\django\contrib\auth\migrations\0005_alter_user_last_login_null.py first seen with mtime 1738445033.6914701
File C:\Users\Maltin\Desktop\portfolio_backend\venv\Lib\site-packages\social_django\migrations\0009_auto_20191118_0520.py first seen with mtime 1738445321.4301708
File C:\Users\Maltin\Desktop\portfolio_backend\portfolio\users\migrations\__init__.py first seen with mtime 1728498619.2867322
File C:\Users\Maltin\Desktop\portfolio_backend\venv\Lib\site-packages\oauth2_provider\migrations\0007_application_post_logout_redirect_uris.py first seen with mtime 1738445241.8213894
File C:\Users\Maltin\Desktop\portfolio_backend\venv\Lib\site-packages\social_django\migrations\0002_add_related_name.py first seen with mtime 1738445321.4221687
File C:\Users\Maltin\Desktop\portfolio_backend\venv\Lib\site-packages\django\contrib\admin\migrations\0002_logentry_remove_auto_add.py first seen with mtime 1738445030.029651
File C:\Users\Maltin\Desktop\portfolio_backend\venv\Lib\site-packages\oauth2_provider\migrations\0009_add_hash_client_secret.py first seen with mtime 1738445241.8243968
File C:\Users\Maltin\Desktop\portfolio_backend\venv\Lib\site-packages\social_django\migrations\0003_alter_email_max_length.py first seen with mtime 1738445321.4231687
File C:\Users\Maltin\Desktop\portfolio_backend\venv\Lib\site-packages\PIL\TiffTags.py first seen with mtime 1738445562.2145464
File C:\Users\Maltin\Desktop\portfolio_backend\venv\Lib\site-packages\django\db\migrations\loader.py first seen with mtime 1738445043.0454514
File C:\Users\Maltin\Desktop\portfolio_backend\venv\Lib\site-packages\PIL\Image.py first seen with mtime 1738445562.1685436
File C:\Users\Maltin\Desktop\portfolio_backend\venv\Lib\site-packages\django\db\models\sql\compiler.py first seen with mtime 1738445043.1524537
File C:\Users\Maltin\Desktop\portfolio_backend\venv\Lib\site-packages\oauth2_provider\migrations\__init__.py first seen with mtime 1738445241.8303897
File C:\Users\Maltin\Desktop\portfolio_backend\venv\Lib\site-packages\rest_framework\authtoken\migrations\0004_alter_tokenproxy_options.py first seen with mtime 1738445065.3440242
File C:\Users\Maltin\Desktop\portfolio_backend\venv\Lib\site-packages\oauth2_provider\migrations\0001_initial.py first seen with mtime 1738445241.8135018
File C:\Users\Maltin\Desktop\portfolio_backend\venv\Lib\site-packages\django\contrib\admin\migrations\0001_initial.py first seen with mtime 1738445030.0286443
File C:\Users\Maltin\Desktop\portfolio_backend\venv\Lib\site-packages\PIL\_typing.py first seen with mtime 1738445562.26468
File C:\Users\Maltin\Desktop\portfolio_backend\venv\Lib\site-packages\social_django\migrations\0015_rename_extra_data_new_usersocialauth_extra_data.py first seen with mtime 1738445321.443172
File C:\Users\Maltin\Desktop\portfolio_backend\venv\Lib\site-packages\oauth2_provider\migrations\0002_auto_20190406_1805.py first seen with mtime 1738445241.8145008
File C:\Users\Maltin\Desktop\portfolio_backend\venv\Lib\site-packages\social_django\migrations\0005_auto_20160727_2333.py first seen with mtime 1738445321.4261713
File C:\Users\Maltin\Desktop\portfolio_backend\venv\Lib\site-packages\social_django\migrations\0011_alter_id_fields.py first seen with mtime 1738445321.4351676
File C:\Users\Maltin\Desktop\portfolio_backend\venv\Lib\site-packages\PIL\_binary.py first seen with mtime 1738445562.2210982
File C:\Users\Maltin\Desktop\portfolio_backend\venv\Lib\site-packages\django\contrib\contenttypes\migrations\0002_remove_content_type_name.py first seen with mtime 1738445034.8131557
File C:\Users\Maltin\Desktop\portfolio_backend\venv\Lib\site-packages\social_django\fields.py first seen with mtime 1738445321.4031682
File C:\Users\Maltin\Desktop\portfolio_backend\portfolio\portfolioapi\wsgi.py first seen with mtime 1728498619.2767274
File C:\Users\Maltin\Desktop\portfolio_backend\venv\Lib\site-packages\PIL\_util.py first seen with mtime 1738445562.2656808
File C:\Users\Maltin\Desktop\portfolio_backend\venv\Lib\site-packages\django\contrib\auth\migrations\0001_initial.py first seen with mtime 1738445033.6834545
File C:\Users\Maltin\Desktop\portfolio_backend\venv\Lib\site-packages\oauth2_provider\migrations\0006_alter_application_client_secret.py first seen with mtime 1738445241.819388
File C:\Users\Maltin\AppData\Local\Programs\Python\Python313\Lib\xml\parsers\expat.py first seen with mtime 1728289608.0
File C:\Users\Maltin\Desktop\portfolio_backend\venv\Lib\site-packages\django\contrib\auth\migrations\0012_alter_user_first_name_max_length.py first seen with mtime 1738445033.705453
File C:\Users\Maltin\Desktop\portfolio_backend\venv\Lib\site-packages\django\contrib\auth\migrations\0010_alter_group_name_max_length.py first seen with mtime 1738445033.7014532
File C:\Users\Maltin\Desktop\portfolio_backend\venv\Lib\site-packages\PIL\_imaging.cp313-win_amd64.pyd first seen with mtime 1738445562.2380967
File C:\Users\Maltin\Desktop\portfolio_backend\venv\Lib\site-packages\django\contrib\messages\storage\cookie.py first seen with mtime 1738445038.6199434
File C:\Users\Maltin\Desktop\portfolio_backend\venv\Lib\site-packages\django\contrib\auth\migrations\0002_alter_permission_name_max_length.py first seen with mtime 1738445033.6854532
File C:\Users\Maltin\Desktop\portfolio_backend\venv\Lib\site-packages\django\contrib\messages\storage\fallback.py first seen with mtime 1738445038.6209407
File C:\Users\Maltin\Desktop\portfolio_backend\venv\Lib\site-packages\django\db\migrations\graph.py first seen with mtime 1738445043.0434566
File C:\Users\Maltin\Desktop\portfolio_backend\venv\Lib\site-packages\defusedxml\common.py first seen with mtime 1738445316.4968467
File C:\Users\Maltin\Desktop\portfolio_backend\venv\Lib\site-packages\django\contrib\auth\migrations\0011_update_proxy_permissions.py first seen with mtime 1738445033.7024534
File C:\Users\Maltin\Desktop\portfolio_backend\venv\Lib\site-packages\django\views\csrf.py first seen with mtime 1738445043.807451
File C:\Users\Maltin\Desktop\portfolio_backend\venv\Lib\site-packages\django\contrib\sessions\serializers.py first seen with mtime 1738445040.058942
File C:\Users\Maltin\Desktop\portfolio_backend\portfolio\users\migrations\0001_initial.py first seen with mtime 1738447033.1709208
File C:\Users\Maltin\Desktop\portfolio_backend\venv\Lib\site-packages\django\contrib\auth\migrations\0006_require_contenttypes_0002.py first seen with mtime 1738445033.694452
File C:\Users\Maltin\Desktop\portfolio_backend\venv\Lib\site-packages\PIL\_version.py first seen with mtime 1738445562.2656808
File C:\Users\Maltin\Desktop\portfolio_backend\venv\Lib\site-packages\django\contrib\admin\migrations\__init__.py first seen with mtime 1738445030.0326433
File C:\Users\Maltin\Desktop\portfolio_backend\venv\Lib\site-packages\social_django\migrations\__init__.py first seen with mtime 1738445321.4451673
File C:\Users\Maltin\Desktop\portfolio_backend\venv\Lib\site-packages\PIL\ExifTags.py first seen with mtime 1738445562.1485426
File C:\Users\Maltin\Desktop\portfolio_backend\venv\Lib\site-packages\social_django\migrations\0007_code_timestamp.py first seen with mtime 1738445321.428181
File C:\Users\Maltin\Desktop\portfolio_backend\venv\Lib\site-packages\social_django\migrations\0013_migrate_extra_data.py first seen with mtime 1738445321.4381702
File C:\Users\Maltin\Desktop\portfolio_backend\venv\Lib\site-packages\PIL\_deprecate.py first seen with mtime 1738445562.2210982
File C:\Users\Maltin\Desktop\portfolio_backend\venv\Lib\site-packages\django\contrib\admin\migrations\0003_logentry_add_action_flag_choices.py first seen with mtime 1738445030.0316439
File C:\Users\Maltin\Desktop\portfolio_backend\venv\Lib\site-packages\social_django\migrations\0006_partial.py first seen with mtime 1738445321.4271693
File C:\Users\Maltin\Desktop\portfolio_backend\venv\Lib\site-packages\defusedxml\ElementTree.py first seen with mtime 1738445316.4928474
File C:\Users\Maltin\Desktop\portfolio_backend\venv\Lib\site-packages\django\contrib\sessions\migrations\__init__.py first seen with mtime 1738445041.9564538
File C:\Users\Maltin\Desktop\portfolio_backend\venv\Lib\site-packages\oauth2_provider\migrations\0012_add_token_checksum.py first seen with mtime 1738445241.8293898
File C:\Users\Maltin\Desktop\portfolio_backend\venv\Lib\site-packages\django\contrib\contenttypes\migrations\0001_initial.py first seen with mtime 1738445034.8121555
File C:\Users\Maltin\Desktop\portfolio_backend\venv\Lib\site-packages\social_django\migrations\0010_uid_db_index.py first seen with mtime 1738445321.434167
File C:\Users\Maltin\Desktop\portfolio_backend\venv\Lib\site-packages\social_django\migrations\0012_usersocialauth_extra_data_new.py first seen with mtime 1738445321.4371853
File C:\Users\Maltin\Desktop\portfolio_backend\venv\Lib\site-packages\rest_framework\authtoken\migrations\0001_initial.py first seen with mtime 1738445065.3390248
(0.033) SELECT "social_auth_usersocialauth"."id", "social_auth_usersocialauth"."user_id", "social_auth_usersocialauth"."provider", "social_auth_usersocialauth"."uid", "social_auth_usersocialauth"."extra_data", "social_auth_usersocialauth"."created", "social_auth_usersocialauth"."modified", "users_newuser"."id", "users_newuser"."password", "users_newuser"."last_login", "users_newuser"."is_superuser", "users_newuser"."email", "users_newuser"."username", "users_newuser"."first_name", "users_newuser"."start_date", "users_newuser"."about", "users_newuser"."is_staff", "users_newuser"."is_active" FROM "social_auth_usersocialauth" INNER JOIN "users_newuser" ON ("social_auth_usersocialauth"."user_id" = "users_newuser"."id") WHERE ("social_auth_usersocialauth"."provider" = 'github' AND "social_auth_usersocialauth"."uid" = '37213559'); args=('github', '37213559'); alias=default
(0.001) SELECT 1 AS "a" FROM "users_newuser" WHERE "users_newuser"."email" = 'maltin1234' LIMIT 1; args=(Int4(1), 'maltin1234'); alias=default
(0.000) BEGIN; args=None; alias=default
(0.073) INSERT INTO "users_newuser" ("password", "last_login", "is_superuser", "email", "username", "first_name", "start_date", "about", "is_staff", "is_active") VALUES ('!kV0Qj959K0AJODCp3hvu64O9QCB3pNKUB1SPSrfh', NULL, false, 'maltinimalmo@gmail.com', 'maltin1234', NULL, '2025-02-02 10:19:19.106538+00:00'::timestamptz, '', false, true) RETURNING "users_newuser"."id"; args=('!kV0Qj959K0AJODCp3hvu64O9QCB3pNKUB1SPSrfh', None, False, 'maltinimalmo@gmail.com', 'maltin1234', None, datetime.datetime(2025, 2, 2, 10, 19, 19, 106538, tzinfo=datetime.timezone.utc), '', False, True); alias=default
(0.000) ROLLBACK; args=None; alias=default
(0.001) SELECT "users_newuser"."id", "users_newuser"."password", "users_newuser"."last_login", "users_newuser"."is_superuser", "users_newuser"."email", "users_newuser"."username", "users_newuser"."first_name", "users_newuser"."start_date", "users_newuser"."about", "users_newuser"."is_staff", "users_newuser"."is_active" FROM "users_newuser" WHERE ("users_newuser"."email" = 'maltinimalmo@gmail.com' AND "users_newuser"."username" = 'maltin1234') LIMIT 21; args=('maltinimalmo@gmail.com', 'maltin1234'); alias=default
Bad Request: /auth/convert-token/
"POST /auth/convert-token/ HTTP/1.1" 400 27
File C:\Users\Maltin\Desktop\portfolio_backend\venv\Lib\site-packages\oauthlib\oauth1\rfc5849\endpoints\resource.py first seen with mtime 1738445236.7935674
File C:\Users\Maltin\Desktop\portfolio_backend\venv\Lib\site-packages\jwt\api_jws.py first seen with mtime 1738445316.2360034
File C:\Users\Maltin\Desktop\portfolio_backend\venv\Lib\site-packages\jwt\warnings.py first seen with mtime 1738445316.2459857
File C:\Users\Maltin\Desktop\portfolio_backend\venv\Lib\site-packages\requests_oauthlib\__init__.py first seen with mtime 1738445316.7099564
File C:\Users\Maltin\Desktop\portfolio_backend\venv\Lib\site-packages\oauthlib\oauth1\rfc5849\endpoints\base.py first seen with mtime 1738445236.7895718
File C:\Users\Maltin\Desktop\portfolio_backend\venv\Lib\site-packages\oauthlib\oauth1\rfc5849\endpoints\__init__.py first seen with mtime 1738445236.7855654
File C:\Users\Maltin\Desktop\portfolio_backend\venv\Lib\site-packages\jwt\jwks_client.py first seen with mtime 1738445316.2429864
File C:\Users\Maltin\Desktop\portfolio_backend\venv\Lib\site-packages\social_core\pipeline\user.py first seen with mtime 1738445318.014315
File C:\Users\Maltin\Desktop\portfolio_backend\venv\Lib\site-packages\oauthlib\oauth1\rfc5849\endpoints\request_token.py first seen with mtime 1738445236.7925663
File C:\Users\Maltin\Desktop\portfolio_backend\venv\Lib\site-packages\jwt\api_jwk.py first seen with mtime 1738445316.234977
File C:\Users\Maltin\Desktop\portfolio_backend\venv\Lib\site-packages\drf_social_oauth2\backends.py first seen with mtime 1738445414.2922611
File C:\Users\Maltin\Desktop\portfolio_backend\venv\Lib\site-packages\oauthlib\oauth1\rfc5849\endpoints\signature_only.py first seen with mtime 1738445236.7945673
File C:\Users\Maltin\Desktop\portfolio_backend\venv\Lib\site-packages\jwt\exceptions.py first seen with mtime 1738445316.2379878
File C:\Users\Maltin\Desktop\portfolio_backend\venv\Lib\site-packages\requests_oauthlib\oauth1_session.py first seen with mtime 1738445316.7119532
File C:\Users\Maltin\Desktop\portfolio_backend\venv\Lib\site-packages\requests_oauthlib\oauth1_auth.py first seen with mtime 1738445316.710956
File C:\Users\Maltin\Desktop\portfolio_backend\venv\Lib\site-packages\social_core\backends\github.py first seen with mtime 1738445317.8643122
File C:\Users\Maltin\Desktop\portfolio_backend\venv\Lib\site-packages\oauthlib\oauth1\rfc5849\endpoints\access_token.py first seen with mtime 1738445236.7865655
File C:\Users\Maltin\Desktop\portfolio_backend\venv\Lib\site-packages\oauthlib\oauth1\rfc5849\request_validator.py first seen with mtime 1738445236.7819872
File C:\Users\Maltin\Desktop\portfolio_backend\venv\Lib\site-packages\jwt\utils.py first seen with mtime 1738445316.244988
File C:\Users\Maltin\Desktop\portfolio_backend\venv\Lib\site-packages\jwt\api_jwt.py first seen with mtime 1738445316.236987
File C:\Users\Maltin\Desktop\portfolio_backend\venv\Lib\site-packages\jwt\__init__.py first seen with mtime 1738445316.2313447
File C:\Users\Maltin\Desktop\portfolio_backend\venv\Lib\site-packages\jwt\jwk_set_cache.py first seen with mtime 1738445316.2419887
File C:\Users\Maltin\Desktop\portfolio_backend\venv\Lib\site-packages\oauthlib\oauth1\rfc5849\endpoints\pre_configured.py first seen with mtime 1738445236.7905653
File C:\Users\Maltin\Desktop\portfolio_backend\venv\Lib\site-packages\social_core\pipeline\social_auth.py first seen with mtime 1738445318.013318
File C:\Users\Maltin\AppData\Local\Programs\Python\Python313\Lib\netrc.py first seen with mtime 1728289608.0
File C:\Users\Maltin\Desktop\portfolio_backend\venv\Lib\site-packages\social_core\backends\oauth.py first seen with mtime 1738445317.9103158
File C:\Users\Maltin\Desktop\portfolio_backend\venv\Lib\site-packages\social_core\backends\open_id_connect.py first seen with mtime 1738445317.9143138
File C:\Users\Maltin\Desktop\portfolio_backend\venv\Lib\site-packages\oauthlib\oauth1\rfc5849\signature.py first seen with mtime 1738445236.782989
File C:\Users\Maltin\Desktop\portfolio_backend\venv\Lib\site-packages\social_core\backends\linkedin.py first seen with mtime 1738445317.8823125
File C:\Users\Maltin\Desktop\portfolio_backend\venv\Lib\site-packages\oauthlib\oauth1\rfc5849\parameters.py first seen with mtime 1738445236.779993
File C:\Users\Maltin\Desktop\portfolio_backend\venv\Lib\site-packages\oauthlib\oauth1\rfc5849\__init__.py first seen with mtime 1738445236.777987
File C:\Users\Maltin\Desktop\portfolio_backend\venv\Lib\site-packages\oauthlib\oauth1\rfc5849\errors.py first seen with mtime 1738445236.7789876
File C:\Users\Maltin\Desktop\portfolio_backend\venv\Lib\site-packages\jwt\types.py first seen with mtime 1738445316.244988
File C:\Users\Maltin\Desktop\portfolio_backend\venv\Lib\site-packages\oauthlib\oauth1\rfc5849\endpoints\authorization.py first seen with mtime 1738445236.7885687
File C:\Users\Maltin\Desktop\portfolio_backend\venv\Lib\site-packages\social_core\backends\google.py first seen with mtime 1738445317.869313
File C:\Users\Maltin\Desktop\portfolio_backend\venv\Lib\site-packages\jwt\algorithms.py first seen with mtime 1738445316.2333467
File C:\Users\Maltin\Desktop\portfolio_backend\venv\Lib\site-packages\oauthlib\oauth1\__init__.py first seen with mtime 1738445236.7762034
File C:\Users\Maltin\Desktop\portfolio_backend\venv\Lib\site-packages\requests_oauthlib\oauth2_session.py first seen with mtime 1738445316.7139547
File C:\Users\Maltin\Desktop\portfolio_backend\venv\Lib\site-packages\requests_oauthlib\oauth2_auth.py first seen with mtime 1738445316.7129526
File C:\Users\Maltin\Desktop\portfolio_backend\venv\Lib\site-packages\oauthlib\oauth1\rfc5849\utils.py first seen with mtime 1738445236.7845542
File C:\Users\Maltin\Desktop\portfolio_backend\portfolio\portfolioapi\settings.py previous mtime: 1738491550.789618, current mtime: 1738491601.5608308
C:\Users\Maltin\Desktop\portfolio_backend\portfolio\portfolioapi\settings.py notified as changed. Signal results: [(<function template_changed at 0x0000020BCD206AC0>, None), (<function translation_file_changed at 0x0000020BCE6800E0>, None)].
C:\Users\Maltin\Desktop\portfolio_backend\portfolio\portfolioapi\settings.py changed, reloading.
Watching for file changes with StatReloader
Waiting for apps ready_event.
Apps ready_event triggered. Sending autoreload_started signal.
Watching dir C:\Users\Maltin\Desktop\portfolio_backend\venv\Lib\site-packages\rest_framework\templates with glob **/*.
Watching dir C:\Users\Maltin\Desktop\portfolio_backend\venv\Lib\site-packages\oauth2_provider\templates with glob **/*.
Watching dir C:\Users\Maltin\Desktop\portfolio_backend\portfolio\locale with glob **/*.mo.
Watching dir C:\Users\Maltin\Desktop\portfolio_backend\venv\Lib\site-packages\corsheaders\locale with glob **/*.mo.
Watching dir C:\Users\Maltin\Desktop\portfolio_backend\venv\Lib\site-packages\rest_framework\locale with glob **/*.mo.
Watching dir C:\Users\Maltin\Desktop\portfolio_backend\venv\Lib\site-packages\rest_framework\authtoken\locale with glob **/*.mo.
Watching dir C:\Users\Maltin\Desktop\portfolio_backend\portfolio\portfolioapp\locale with glob **/*.mo.
Watching dir C:\Users\Maltin\Desktop\portfolio_backend\portfolio\users\locale with glob **/*.mo.
Watching dir C:\Users\Maltin\Desktop\portfolio_backend\venv\Lib\site-packages\oauth2_provider\locale with glob **/*.mo.
Watching dir C:\Users\Maltin\Desktop\portfolio_backend\venv\Lib\site-packages\social_django\locale with glob **/*.mo.
Watching dir C:\Users\Maltin\Desktop\portfolio_backend\venv\Lib\site-packages\drf_social_oauth2\locale with glob **/*.mo.
File C:\Users\Maltin\Desktop\portfolio_backend\venv\Lib\site-packages\django\http\request.py first seen with mtime 1738445043.3844526
File C:\Users\Maltin\AppData\Local\Programs\Python\Python313\Lib\copyreg.py first seen with mtime 1728289608.0
File C:\Users\Maltin\Desktop\portfolio_backend\venv\Lib\site-packages\drf_social_oauth2\settings.py first seen with mtime 1738445414.2992606
File C:\Users\Maltin\Desktop\portfolio_backend\venv\Lib\site-packages\django\contrib\sessions\exceptions.py first seen with mtime 1738445040.0539508
File C:\Users\Maltin\AppData\Local\Programs\Python\Python313\Lib\fnmatch.py first seen with mtime 1728289608.0
File C:\Users\Maltin\AppData\Local\Programs\Python\Python313\Lib\html\__init__.py first seen with mtime 1728289608.0
File C:\Users\Maltin\AppData\Local\Programs\Python\Python313\Lib\inspect.py first seen with mtime 1728289608.0
File C:\Users\Maltin\Desktop\portfolio_backend\venv\Lib\site-packages\rest_framework\schemas\coreapi.py first seen with mtime 1738445065.4735904
File C:\Users\Maltin\AppData\Local\Programs\Python\Python313\Lib\zoneinfo\_common.py first seen with mtime 1728289608.0
File C:\Users\Maltin\Desktop\portfolio_backend\venv\Lib\site-packages\django\contrib\auth\__init__.py first seen with mtime 1738445032.6333816
File C:\Users\Maltin\Desktop\portfolio_backend\venv\Lib\site-packages\django\db\migrations\state.py first seen with mtime 1738445043.062454
File C:\Users\Maltin\Desktop\portfolio_backend\venv\Lib\site-packages\sqlparse\engine\grouping.py first seen with mtime 1738445023.4405565
File C:\Users\Maltin\Desktop\portfolio_backend\venv\Lib\site-packages\psycopg\abc.py first seen with mtime 1738445507.0123374
File C:\Users\Maltin\Desktop\portfolio_backend\venv\Lib\site-packages\rest_framework\utils\html.py first seen with mtime 1738445065.6539373
File C:\Users\Maltin\Desktop\portfolio_backend\venv\Lib\site-packages\urllib3\http2\__init__.py first seen with mtime 1738445235.429372
File C:\Users\Maltin\AppData\Local\Programs\Python\Python313\Lib\contextlib.py first seen with mtime 1728289608.0
File C:\Users\Maltin\Desktop\portfolio_backend\venv\Lib\site-packages\social_core\utils.py first seen with mtime 1738445317.7931082
File C:\Users\Maltin\Desktop\portfolio_backend\venv\Lib\site-packages\drf_social_oauth2\oauth2_endpoints.py first seen with mtime 1738445414.29626
File C:\Users\Maltin\Desktop\portfolio_backend\venv\Lib\site-packages\django\core\checks\registry.py first seen with mtime 1738445042.6954546
File C:\Users\Maltin\Desktop\portfolio_backend\venv\Lib\site-packages\urllib3\http2\probe.py first seen with mtime 1738445235.4313712
File C:\Users\Maltin\AppData\Local\Programs\Python\Python313\Lib\email\feedparser.py first seen with mtime 1728289608.0
File C:\Users\Maltin\AppData\Local\Programs\Python\Python313\Lib\sysconfig\__init__.py first seen with mtime 1728289608.0
File C:\Users\Maltin\Desktop\portfolio_backend\venv\Lib\site-packages\django\db\models\fields\related.py first seen with mtime 1738445043.126456
File C:\Users\Maltin\AppData\Local\Programs\Python\Python313\Lib\importlib\resources\readers.py first seen with mtime 1728289608.0
File C:\Users\Maltin\Desktop\portfolio_backend\venv\Lib\site-packages\django\core\serializers\__init__.py first seen with mtime 1738445042.884454
File C:\Users\Maltin\Desktop\portfolio_backend\venv\Lib\site-packages\psycopg\types\multirange.py first seen with mtime 1738445507.0603385
File C:\Users\Maltin\Desktop\portfolio_backend\venv\Lib\site-packages\django\templatetags\cache.py first seen with mtime 1738445043.520453
File C:\Users\Maltin\Desktop\portfolio_backend\venv\Lib\site-packages\psycopg\types\composite.py first seen with mtime 1738445507.0553348
File C:\Users\Maltin\Desktop\portfolio_backend\venv\Lib\site-packages\django\conf\urls\static.py first seen with mtime 1738445028.42634
File C:\Users\Maltin\AppData\Local\Programs\Python\Python313\Lib\keyword.py first seen with mtime 1728289608.0
File C:\Users\Maltin\Desktop\portfolio_backend\venv\Lib\site-packages\urllib3\util\ssl_.py first seen with mtime 1738445235.4393725
File C:\Users\Maltin\Desktop\portfolio_backend\venv\Lib\site-packages\rest_framework\templatetags\__init__.py first seen with mtime 1738445065.642935
File C:\Users\Maltin\AppData\Local\Programs\Python\Python313\Lib\string.py first seen with mtime 1728289608.0
File C:\Users\Maltin\Desktop\portfolio_backend\venv\Lib\site-packages\django\contrib\contenttypes\fields.py first seen with mtime 1738445033.7544546
File C:\Users\Maltin\AppData\Local\Programs\Python\Python313\Lib\xml\etree\cElementTree.py first seen with mtime 1728289608.0
File C:\Users\Maltin\Desktop\portfolio_backend\venv\Lib\site-packages\django\core\signals.py first seen with mtime 1738445042.645456
File C:\Users\Maltin\AppData\Local\Programs\Python\Python313\Lib\gzip.py first seen with mtime 1728289608.0
File C:\Users\Maltin\AppData\Local\Programs\Python\Python313\Lib\_opcode_metadata.py first seen with mtime 1728289608.0
File C:\Users\Maltin\Desktop\portfolio_backend\portfolio\users\models.py first seen with mtime 1738446969.1366546
File C:\Users\Maltin\Desktop\portfolio_backend\venv\Lib\site-packages\urllib3\contrib\__init__.py first seen with mtime 1738445235.4163706
File C:\Users\Maltin\Desktop\portfolio_backend\venv\Lib\site-packages\django\utils\encoding.py first seen with mtime 1738445043.7194521
File C:\Users\Maltin\Desktop\portfolio_backend\venv\Lib\site-packages\idna\intranges.py first seen with mtime 1738445237.7012794
File C:\Users\Maltin\Desktop\portfolio_backend\venv\Lib\site-packages\django\views\generic\base.py first seen with mtime 1738445043.8424551
File C:\Users\Maltin\Desktop\portfolio_backend\venv\Lib\site-packages\django\core\serializers\base.py first seen with mtime 1738445042.8864543
File C:\Users\Maltin\Desktop\portfolio_backend\venv\Lib\site-packages\django\contrib\admin\filters.py first seen with mtime 1738445028.44234
File C:\Users\Maltin\Desktop\portfolio_backend\venv\Lib\site-packages\django\middleware\cache.py first seen with mtime 1738445043.391454
File C:\Users\Maltin\Desktop\portfolio_backend\venv\Lib\site-packages\psycopg\connection.py first seen with mtime 1738445507.0153377
File C:\Users\Maltin\Desktop\portfolio_backend\venv\Lib\site-packages\urllib3\connectionpool.py first seen with mtime 1738445235.4083712
File C:\Users\Maltin\Desktop\portfolio_backend\venv\Lib\site-packages\social_django\utils.py first seen with mtime 1738445321.41517
File C:\Users\Maltin\AppData\Local\Programs\Python\Python313\Lib\email\charset.py first seen with mtime 1728289608.0
File C:\Users\Maltin\Desktop\portfolio_backend\venv\Lib\site-packages\cryptography\exceptions.py first seen with mtime 1738445239.7144642
File C:\Users\Maltin\Desktop\portfolio_backend\venv\Lib\site-packages\django\db\models\sql\constants.py first seen with mtime 1738445043.1534543
File C:\Users\Maltin\Desktop\portfolio_backend\venv\Lib\site-packages\cryptography\__about__.py first seen with mtime 1738445239.8255987
File C:\Users\Maltin\Desktop\portfolio_backend\venv\Lib\site-packages\django\contrib\admin\helpers.py first seen with mtime 1738445028.445341
File C:\Users\Maltin\AppData\Local\Programs\Python\Python313\Lib\zipfile\_path\__init__.py first seen with mtime 1728289608.0
File C:\Users\Maltin\Desktop\portfolio_backend\venv\Lib\site-packages\django\views\debug.py first seen with mtime 1738445043.809452
File C:\Users\Maltin\AppData\Local\Programs\Python\Python313\Lib\typing.py first seen with mtime 1728289608.0
File C:\Users\Maltin\AppData\Local\Programs\Python\Python313\Lib\importlib\resources\__init__.py first seen with mtime 1728289608.0
File C:\Users\Maltin\Desktop\portfolio_backend\venv\Lib\site-packages\requests\utils.py first seen with mtime 1738445238.7368464
File C:\Users\Maltin\Desktop\portfolio_backend\venv\Lib\site-packages\django\core\files\storage\handler.py first seen with mtime 1738445042.763453
File C:\Users\Maltin\AppData\Local\Programs\Python\Python313\Lib\xml\__init__.py first seen with mtime 1728289608.0
File C:\Users\Maltin\Desktop\portfolio_backend\venv\Lib\site-packages\openid\kvform.py first seen with mtime 1738445316.9916267
File C:\Users\Maltin\Desktop\portfolio_backend\venv\Lib\site-packages\django\core\validators.py first seen with mtime 1738445042.6494553
File C:\Users\Maltin\Desktop\portfolio_backend\venv\Lib\site-packages\django\db\backends\postgresql\__init__.py first seen with mtime 1738445042.997453
File C:\Users\Maltin\Desktop\portfolio_backend\venv\Lib\site-packages\psycopg\pq\pq_ctypes.py first seen with mtime 1738445507.0463383
File C:\Users\Maltin\Desktop\portfolio_backend\venv\Lib\site-packages\oauth2_provider\contrib\rest_framework\__init__.py first seen with mtime 1738445241.8045008
File C:\Users\Maltin\Desktop\portfolio_backend\venv\Lib\site-packages\oauthlib\oauth2\rfc6749\clients\backend_application.py first seen with mtime 1738445236.8105652
File C:\Users\Maltin\Desktop\portfolio_backend\venv\Lib\site-packages\social_django\__init__.py first seen with mtime 1738445321.3941717
File C:\Users\Maltin\Desktop\portfolio_backend\venv\Lib\site-packages\psycopg\types\datetime.py first seen with mtime 1738445507.0564091
File C:\Users\Maltin\Desktop\portfolio_backend\venv\Lib\site-packages\openid\association.py first seen with mtime 1738445316.9856188
File C:\Users\Maltin\Desktop\portfolio_backend\venv\Lib\site-packages\oauthlib\oauth2\rfc6749\endpoints\introspect.py first seen with mtime 1738445236.8295722
File C:\Users\Maltin\Desktop\portfolio_backend\portfolio\portfolioapp\models.py first seen with mtime 1738368430.590345
File C:\Users\Maltin\AppData\Local\Programs\Python\Python313\Lib\asyncio\protocols.py first seen with mtime 1728289608.0
File C:\Users\Maltin\Desktop\portfolio_backend\venv\Lib\site-packages\django\db\backends\base\operations.py first seen with mtime 1738445042.935456
File C:\Users\Maltin\Desktop\portfolio_backend\venv\Lib\site-packages\psycopg\connection_async.py first seen with mtime 1738445507.016338
File C:\Users\Maltin\AppData\Local\Programs\Python\Python313\Lib\email\mime\nonmultipart.py first seen with mtime 1728289608.0
File C:\Users\Maltin\Desktop\portfolio_backend\venv\Lib\site-packages\oauthlib\oauth2\rfc6749\request_validator.py first seen with mtime 1738445236.8055687
File C:\Users\Maltin\Desktop\portfolio_backend\venv\Lib\site-packages\oauthlib\oauth2\rfc6749\grant_types\base.py first seen with mtime 1738445236.8415685
File C:\Users\Maltin\Desktop\portfolio_backend\venv\Lib\site-packages\psycopg\_transformer.py first seen with mtime 1738445507.0063398
File C:\Users\Maltin\Desktop\portfolio_backend\venv\Lib\site-packages\django\db\backends\postgresql\schema.py first seen with mtime 1738445043.013455
File C:\Users\Maltin\Desktop\portfolio_backend\venv\Lib\site-packages\django\core\files\temp.py first seen with mtime 1738445042.7484527
File C:\Users\Maltin\Desktop\portfolio_backend\venv\Lib\site-packages\django\template\defaultfilters.py first seen with mtime 1738445043.4424531
File C:\Users\Maltin\Desktop\portfolio_backend\venv\Lib\site-packages\psycopg\postgres.py first seen with mtime 1738445507.025342
File C:\Users\Maltin\Desktop\portfolio_backend\venv\Lib\site-packages\django\contrib\admin\options.py first seen with mtime 1738445028.448338
File C:\Users\Maltin\Desktop\portfolio_backend\venv\Lib\site-packages\idna\core.py first seen with mtime 1738445237.6992784
File C:\Users\Maltin\Desktop\portfolio_backend\venv\Lib\site-packages\django\db\migrations\operations\__init__.py first seen with mtime 1738445043.070457
File C:\Users\Maltin\Desktop\portfolio_backend\venv\Lib\site-packages\rest_framework\renderers.py first seen with mtime 1738445065.3070233
File C:\Users\Maltin\Desktop\portfolio_backend\venv\Lib\site-packages\django\template\__init__.py first seen with mtime 1738445043.4314542
File C:\Users\Maltin\Desktop\portfolio_backend\venv\Lib\site-packages\django\db\models\sql\__init__.py first seen with mtime 1738445043.1504557
File C:\Users\Maltin\Desktop\portfolio_backend\portfolio\users\admin.py first seen with mtime 1738366940.6403625
File C:\Users\Maltin\Desktop\portfolio_backend\venv\Lib\site-packages\requests\status_codes.py first seen with mtime 1738445238.7346284
File C:\Users\Maltin\Desktop\portfolio_backend\venv\Lib\site-packages\psycopg\errors.py first seen with mtime 1738445507.0223386
File C:\Users\Maltin\Desktop\portfolio_backend\venv\Lib\site-packages\django\utils\decorators.py first seen with mtime 1738445043.71145
File C:\Users\Maltin\Desktop\portfolio_backend\venv\Lib\site-packages\django\contrib\messages\storage\base.py first seen with mtime 1738445038.6179385
File C:\Users\Maltin\Desktop\portfolio_backend\venv\Lib\site-packages\oauth2_provider\__init__.py first seen with mtime 1738445241.7725008
File C:\Users\Maltin\AppData\Local\Programs\Python\Python313\Lib\importlib\resources\_functional.py first seen with mtime 1728289608.0
File C:\Users\Maltin\Desktop\portfolio_backend\venv\Lib\site-packages\requests\__version__.py first seen with mtime 1738445238.716092
File C:\Users\Maltin\AppData\Local\Programs\Python\Python313\Lib\token.py first seen with mtime 1728289608.0
File C:\Users\Maltin\Desktop\portfolio_backend\venv\Lib\site-packages\django\db\backends\__init__.py first seen with mtime 1738445042.9134536
File C:\Users\Maltin\Desktop\portfolio_backend\venv\Lib\site-packages\django\db\models\fields\files.py first seen with mtime 1738445043.1174555
File C:\Users\Maltin\Desktop\portfolio_backend\venv\Lib\site-packages\rest_framework\authtoken\models.py first seen with mtime 1738445065.3320272
File C:\Users\Maltin\Desktop\portfolio_backend\venv\Lib\site-packages\django\contrib\postgres\forms\array.py first seen with mtime 1738445038.6939435
File C:\Users\Maltin\Desktop\portfolio_backend\venv\Lib\site-packages\psycopg\_pipeline.py first seen with mtime 1738445507.0013375
File C:\Users\Maltin\Desktop\portfolio_backend\venv\Lib\site-packages\cryptography\hazmat\primitives\asymmetric\ec.py first seen with mtime 1738445239.7684636
File C:\Users\Maltin\Desktop\portfolio_backend\venv\Lib\site-packages\django\utils\deconstruct.py first seen with mtime 1738445043.6464527
File C:\Users\Maltin\AppData\Local\Programs\Python\Python313\Lib\difflib.py first seen with mtime 1728289608.0
File C:\Users\Maltin\Desktop\portfolio_backend\venv\Lib\site-packages\django\contrib\contenttypes\management\__init__.py first seen with mtime 1738445034.8001611
File C:\Users\Maltin\AppData\Local\Programs\Python\Python313\Lib\asyncio\futures.py first seen with mtime 1728289608.0
File C:\Users\Maltin\Desktop\portfolio_backend\venv\Lib\site-packages\django\db\backends\base\schema.py first seen with mtime 1738445042.9374537
File C:\Users\Maltin\Desktop\portfolio_backend\venv\Lib\site-packages\psycopg\_copy.py first seen with mtime 1738445506.9893377
File C:\Users\Maltin\AppData\Local\Programs\Python\Python313\Lib\ctypes\__init__.py first seen with mtime 1728289608.0
File C:\Users\Maltin\AppData\Local\Programs\Python\Python313\Lib\importlib\resources\_itertools.py first seen with mtime 1728289608.0
File C:\Users\Maltin\AppData\Local\Programs\Python\Python313\Lib\socketserver.py first seen with mtime 1728289608.0
File C:\Users\Maltin\AppData\Local\Programs\Python\Python313\Lib\platform.py first seen with mtime 1728289608.0
File C:\Users\Maltin\AppData\Local\Programs\Python\Python313\Lib\asyncio\windows_events.py first seen with mtime 1728289608.0
File C:\Users\Maltin\Desktop\portfolio_backend\venv\Lib\site-packages\django\contrib\admin\widgets.py first seen with mtime 1738445028.4563406
File C:\Users\Maltin\AppData\Local\Programs\Python\Python313\Lib\http\cookiejar.py first seen with mtime 1728289608.0
File C:\Users\Maltin\Desktop\portfolio_backend\venv\Lib\site-packages\django\template\backends\django.py first seen with mtime 1738445043.4924545
File C:\Users\Maltin\Desktop\portfolio_backend\venv\Lib\site-packages\cryptography\hazmat\primitives\asymmetric\ed25519.py first seen with mtime 1738445239.7694619
File C:\Users\Maltin\Desktop\portfolio_backend\venv\Lib\site-packages\oauth2_provider\apps.py first seen with mtime 1738445241.774505
File C:\Users\Maltin\Desktop\portfolio_backend\venv\Lib\site-packages\cryptography\hazmat\primitives\asymmetric\rsa.py first seen with mtime 1738445239.773464
File C:\Users\Maltin\Desktop\portfolio_backend\venv\Lib\site-packages\django\urls\conf.py first seen with mtime 1738445043.6164534
File C:\Users\Maltin\Desktop\portfolio_backend\portfolio\portfolioapp\urls.py first seen with mtime 1728498619.2837293
File C:\Users\Maltin\AppData\Local\Programs\Python\Python313\Lib\asyncio\transports.py first seen with mtime 1728289608.0
File C:\Users\Maltin\Desktop\portfolio_backend\venv\Lib\site-packages\django\db\models\functions\math.py first seen with mtime 1738445043.1414557
File C:\Users\Maltin\AppData\Local\Programs\Python\Python313\Lib\email\policy.py first seen with mtime 1728289608.0
File C:\Users\Maltin\Desktop\portfolio_backend\venv\Lib\site-packages\django\forms\forms.py first seen with mtime 1738445043.177454
File C:\Users\Maltin\Desktop\portfolio_backend\venv\Lib\site-packages\oauthlib\openid\connect\core\grant_types\implicit.py first seen with mtime 1738445236.8825674
File C:\Users\Maltin\Desktop\portfolio_backend\venv\Lib\site-packages\psycopg\types\none.py first seen with mtime 1738445507.094551
File C:\Users\Maltin\Desktop\portfolio_backend\venv\Lib\site-packages\social_django\urls.py first seen with mtime 1738445321.4141772
File C:\Users\Maltin\Desktop\portfolio_backend\venv\Lib\site-packages\django\core\paginator.py first seen with mtime 1738445042.6434536
(0.009) 
            SELECT
                c.relname,
                CASE
                    WHEN c.relispartition THEN 'p'
                    WHEN c.relkind IN ('m', 'v') THEN 'v'
                    ELSE 't'
                END,
                obj_description(c.oid, 'pg_class')
            FROM pg_catalog.pg_class c
            LEFT JOIN pg_catalog.pg_namespace n ON n.oid = c.relnamespace
            WHERE c.relkind IN ('f', 'm', 'p', 'r', 'v')
                AND n.nspname NOT IN ('pg_catalog', 'pg_toast')
                AND pg_catalog.pg_table_is_visible(c.oid)
        ; args=None; alias=default
File C:\Users\Maltin\AppData\Local\Programs\Python\Python313\Lib\_colorize.py first seen with mtime 1728289608.0
File C:\Users\Maltin\Desktop\portfolio_backend\portfolio\portfolioapp\admin.py first seen with mtime 1728498619.2777312
File C:\Users\Maltin\Desktop\portfolio_backend\venv\Lib\site-packages\jwcrypto\__init__.py first seen with mtime 1738445241.3445547
File C:\Users\Maltin\Desktop\portfolio_backend\venv\Lib\site-packages\psycopg\waiting.py first seen with mtime 1738445507.0333445
File C:\Users\Maltin\AppData\Local\Programs\Python\Python313\Lib\secrets.py first seen with mtime 1728289608.0
File C:\Users\Maltin\AppData\Local\Programs\Python\Python313\Lib\asyncio\base_tasks.py first seen with mtime 1728289608.0
File C:\Users\Maltin\Desktop\portfolio_backend\venv\Lib\site-packages\django\contrib\postgres\forms\hstore.py first seen with mtime 1738445038.6969395
File C:\Users\Maltin\Desktop\portfolio_backend\venv\Lib\site-packages\django\db\models\functions\window.py first seen with mtime 1738445043.1484556
File C:\Users\Maltin\Desktop\portfolio_backend\venv\Lib\site-packages\django\contrib\admin\utils.py first seen with mtime 1738445028.4543393
File C:\Users\Maltin\Desktop\portfolio_backend\venv\Lib\site-packages\oauthlib\openid\connect\__init__.py first seen with mtime 1738445236.8685663
File C:\Users\Maltin\Desktop\portfolio_backend\venv\Lib\site-packages\oauthlib\oauth2\rfc6749\grant_types\authorization_code.py first seen with mtime 1738445236.8395655
File C:\Users\Maltin\AppData\Local\Programs\Python\Python313\Lib\json\encoder.py first seen with mtime 1728289608.0
File C:\Users\Maltin\Desktop\portfolio_backend\venv\Lib\site-packages\urllib3\util\__init__.py first seen with mtime 1738445235.4333713
File C:\Users\Maltin\AppData\Local\Programs\Python\Python313\Lib\email\_policybase.py first seen with mtime 1728289608.0
File C:\Users\Maltin\Desktop\portfolio_backend\venv\Lib\site-packages\django\contrib\postgres\__init__.py first seen with mtime 1738445038.6269395
File C:\Users\Maltin\Desktop\portfolio_backend\venv\Lib\site-packages\django\contrib\sessions\models.py first seen with mtime 1738445040.0579414
File C:\Users\Maltin\Desktop\portfolio_backend\venv\Lib\site-packages\psycopg\_column.py first seen with mtime 1738445506.9823377
File C:\Users\Maltin\Desktop\portfolio_backend\venv\Lib\site-packages\urllib3\util\response.py first seen with mtime 1738445235.4373722
File C:\Users\Maltin\Desktop\portfolio_backend\venv\Lib\site-packages\cryptography\hazmat\primitives\serialization\base.py first seen with mtime 1738445239.8000376
File C:\Users\Maltin\Desktop\portfolio_backend\venv\Lib\site-packages\django\db\models\fields\proxy.py first seen with mtime 1738445043.1234527
File C:\Users\Maltin\Desktop\portfolio_backend\venv\Lib\site-packages\requests\adapters.py first seen with mtime 1738445238.7180939
File C:\Users\Maltin\AppData\Local\Programs\Python\Python313\Lib\http\client.py first seen with mtime 1728289608.0
File C:\Users\Maltin\AppData\Local\Programs\Python\Python313\Lib\importlib\metadata\_collections.py first seen with mtime 1728289608.0
File C:\Users\Maltin\AppData\Local\Programs\Python\Python313\Lib\socket.py first seen with mtime 1728289608.0
File C:\Users\Maltin\Desktop\portfolio_backend\venv\Lib\site-packages\psycopg\_oids.py first seen with mtime 1738445506.9993408
File C:\Users\Maltin\Desktop\portfolio_backend\venv\Lib\site-packages\sqlparse\filters\aligned_indent.py first seen with mtime 1738445023.4445572
File C:\Users\Maltin\Desktop\portfolio_backend\venv\Lib\site-packages\django\utils\__init__.py first seen with mtime 1738445043.6244533
File C:\Users\Maltin\Desktop\portfolio_backend\venv\Lib\site-packages\psycopg\adapt.py first seen with mtime 1738445507.0133362
File C:\Users\Maltin\Desktop\portfolio_backend\venv\Lib\site-packages\django\views\decorators\http.py first seen with mtime 1738445043.8324518
File C:\Users\Maltin\Desktop\portfolio_backend\venv\Lib\site-packages\psycopg\pq\_enums.py first seen with mtime 1738445507.0403416
File C:\Users\Maltin\AppData\Local\Programs\Python\Python313\Lib\base64.py first seen with mtime 1728289608.0
File C:\Users\Maltin\Desktop\portfolio_backend\venv\Lib\site-packages\oauth2_provider\scopes.py first seen with mtime 1738445241.7965047
(0.002) SELECT "django_migrations"."id", "django_migrations"."app", "django_migrations"."name", "django_migrations"."applied" FROM "django_migrations"; args=(); alias=default
File C:\Users\Maltin\Desktop\portfolio_backend\venv\Lib\site-packages\oauth2_provider\views\token.py first seen with mtime 1738445241.8591123
File C:\Users\Maltin\Desktop\portfolio_backend\venv\Lib\site-packages\django\db\models\sql\datastructures.py first seen with mtime 1738445043.156454
File C:\Users\Maltin\Desktop\portfolio_backend\venv\Lib\site-packages\corsheaders\defaults.py first seen with mtime 1738445147.267838
File C:\Users\Maltin\Desktop\portfolio_backend\venv\Lib\site-packages\django\db\migrations\operations\models.py first seen with mtime 1738445043.0754607
File C:\Users\Maltin\Desktop\portfolio_backend\venv\Lib\site-packages\django\db\models\aggregates.py first seen with mtime 1738445043.0814557
File C:\Users\Maltin\Desktop\portfolio_backend\venv\Lib\site-packages\django\template\loaders\cached.py first seen with mtime 1738445043.5144553
File C:\Users\Maltin\Desktop\portfolio_backend\venv\Lib\site-packages\rest_framework\utils\serializer_helpers.py first seen with mtime 1738445065.6619358
File C:\Users\Maltin\Desktop\portfolio_backend\venv\Lib\site-packages\django\core\files\images.py first seen with mtime 1738445042.7414532
File C:\Users\Maltin\Desktop\portfolio_backend\venv\Lib\site-packages\urllib3\_base_connection.py first seen with mtime 1738445235.4017699
File C:\Users\Maltin\Desktop\portfolio_backend\venv\Lib\site-packages\requests\__init__.py first seen with mtime 1738445238.7150931
File C:\Users\Maltin\AppData\Local\Programs\Python\Python313\Lib\xml\etree\__init__.py first seen with mtime 1728289608.0
File C:\Users\Maltin\Desktop\portfolio_backend\venv\Lib\site-packages\django\contrib\auth\models.py first seen with mtime 1738445032.6625829
File C:\Users\Maltin\Desktop\portfolio_backend\venv\Lib\site-packages\psycopg\_tz.py first seen with mtime 1738445507.0103383
File C:\Users\Maltin\AppData\Local\Programs\Python\Python313\Lib\asyncio\selector_events.py first seen with mtime 1728289608.0
File C:\Users\Maltin\Desktop\portfolio_backend\venv\Lib\site-packages\django\db\models\functions\__init__.py first seen with mtime 1738445043.1354542
File C:\Users\Maltin\Desktop\portfolio_backend\venv\Lib\site-packages\rest_framework\routers.py first seen with mtime 1738445065.3130262
File C:\Users\Maltin\Desktop\portfolio_backend\venv\Lib\site-packages\django\db\models\fields\reverse_related.py first seen with mtime 1738445043.1324546
File C:\Users\Maltin\AppData\Local\Programs\Python\Python313\Lib\asyncio\base_subprocess.py first seen with mtime 1728289608.0
File C:\Users\Maltin\AppData\Local\Programs\Python\Python313\Lib\linecache.py first seen with mtime 1728289608.0
File C:\Users\Maltin\Desktop\portfolio_backend\venv\Lib\site-packages\django\contrib\postgres\fields\__init__.py first seen with mtime 1738445038.6749399
File C:\Users\Maltin\Desktop\portfolio_backend\venv\Lib\site-packages\oauthlib\openid\connect\core\grant_types\dispatchers.py first seen with mtime 1738445236.8805668
File C:\Users\Maltin\Desktop\portfolio_backend\venv\Lib\site-packages\urllib3\util\retry.py first seen with mtime 1738445235.4383705
File C:\Users\Maltin\Desktop\portfolio_backend\venv\Lib\site-packages\django\core\checks\templates.py first seen with mtime 1738445042.6964545
File C:\Users\Maltin\Desktop\portfolio_backend\venv\Lib\site-packages\psycopg\_py_transformer.py first seen with mtime 1738445507.0033386
File C:\Users\Maltin\Desktop\portfolio_backend\venv\Lib\site-packages\django\contrib\contenttypes\admin.py first seen with mtime 1738445033.7414584
File C:\Users\Maltin\Desktop\portfolio_backend\venv\Lib\site-packages\django\http\__init__.py first seen with mtime 1738445043.3774529
File C:\Users\Maltin\Desktop\portfolio_backend\venv\Lib\site-packages\urllib3\filepost.py first seen with mtime 1738445235.4123702
File C:\Users\Maltin\Desktop\portfolio_backend\venv\Lib\site-packages\cryptography\hazmat\primitives\serialization\__init__.py first seen with mtime 1738445239.8030374
File C:\Users\Maltin\Desktop\portfolio_backend\venv\Lib\site-packages\django\db\migrations\operations\fields.py first seen with mtime 1738445043.0734549
File C:\Users\Maltin\Desktop\portfolio_backend\venv\Lib\site-packages\django\db\models\fields\__init__.py first seen with mtime 1738445043.1154544
File C:\Users\Maltin\Desktop\portfolio_backend\venv\Lib\site-packages\social_core\exceptions.py first seen with mtime 1738445317.7891092
File C:\Users\Maltin\Desktop\portfolio_backend\venv\Lib\site-packages\psycopg\_cursor_base.py first seen with mtime 1738445506.992338
File C:\Users\Maltin\Desktop\portfolio_backend\venv\Lib\site-packages\social_core\__init__.py first seen with mtime 1738445317.7871094
File C:\Users\Maltin\Desktop\portfolio_backend\venv\Lib\site-packages\cryptography\hazmat\primitives\asymmetric\x25519.py first seen with mtime 1738445239.7764673
File C:\Users\Maltin\Desktop\portfolio_backend\venv\Lib\site-packages\social_django\managers.py first seen with mtime 1738445321.4041722
File C:\Users\Maltin\AppData\Local\Programs\Python\Python313\Lib\asyncio\staggered.py first seen with mtime 1728289608.0
File C:\Users\Maltin\Desktop\portfolio_backend\venv\Lib\site-packages\django\template\base.py first seen with mtime 1738445043.437453
File C:\Users\Maltin\Desktop\portfolio_backend\venv\Lib\site-packages\openid\oidutil.py first seen with mtime 1738445316.9946225
File C:\Users\Maltin\Desktop\portfolio_backend\venv\Lib\site-packages\psycopg\_conninfo_attempts.py first seen with mtime 1738445506.9863374
File C:\Users\Maltin\Desktop\portfolio_backend\venv\Lib\site-packages\psycopg\pq\abc.py first seen with mtime 1738445507.0433397
File C:\Users\Maltin\Desktop\portfolio_backend\venv\Lib\site-packages\django\middleware\csrf.py first seen with mtime 1738445043.3984578
File C:\Users\Maltin\AppData\Local\Programs\Python\Python313\Lib\asyncio\windows_utils.py first seen with mtime 1728289608.0
File C:\Users\Maltin\Desktop\portfolio_backend\venv\Lib\site-packages\cryptography\x509\certificate_transparency.py first seen with mtime 1738445239.817602
File C:\Users\Maltin\Desktop\portfolio_backend\venv\Lib\site-packages\oauthlib\uri_validate.py first seen with mtime 1738445236.772
File C:\Users\Maltin\Desktop\portfolio_backend\venv\Lib\site-packages\django\db\models\options.py first seen with mtime 1738445043.1014624
File C:\Users\Maltin\Desktop\portfolio_backend\venv\Lib\site-packages\django\core\files\utils.py first seen with mtime 1738445042.754455
File C:\Users\Maltin\AppData\Local\Programs\Python\Python313\Lib\queue.py first seen with mtime 1728289608.0
File C:\Users\Maltin\Desktop\portfolio_backend\venv\Lib\site-packages\django\core\checks\model_checks.py first seen with mtime 1738445042.6934555
File C:\Users\Maltin\AppData\Local\Programs\Python\Python313\Lib\types.py first seen with mtime 1728289608.0
File C:\Users\Maltin\AppData\Local\Programs\Python\Python313\Lib\asyncio\base_events.py first seen with mtime 1728289608.0
File C:\Users\Maltin\Desktop\portfolio_backend\venv\Lib\site-packages\django\contrib\auth\tokens.py first seen with mtime 1738445032.6685956
File C:\Users\Maltin\Desktop\portfolio_backend\venv\Lib\site-packages\psycopg\pq\misc.py first seen with mtime 1738445507.0443375
File C:\Users\Maltin\Desktop\portfolio_backend\venv\Lib\site-packages\django\utils\safestring.py first seen with mtime 1738445043.7434583
File C:\Users\Maltin\Desktop\portfolio_backend\portfolio\manage.py first seen with mtime 1728498619.2575707
File C:\Users\Maltin\AppData\Local\Programs\Python\Python313\Lib\ctypes\util.py first seen with mtime 1728289608.0
File C:\Users\Maltin\AppData\Local\Programs\Python\Python313\Lib\email\message.py first seen with mtime 1728289608.0
File C:\Users\Maltin\Desktop\portfolio_backend\venv\Lib\site-packages\oauthlib\oauth2\rfc6749\grant_types\refresh_token.py first seen with mtime 1738445236.8485682
File C:\Users\Maltin\Desktop\portfolio_backend\venv\Lib\site-packages\django\views\__init__.py first seen with mtime 1738445043.806451
File C:\Users\Maltin\Desktop\portfolio_backend\venv\Lib\site-packages\requests\certs.py first seen with mtime 1738445238.7210925
File C:\Users\Maltin\Desktop\portfolio_backend\venv\Lib\site-packages\django\conf\urls\__init__.py first seen with mtime 1738445028.4213378
File C:\Users\Maltin\AppData\Local\Programs\Python\Python313\Lib\http\cookies.py first seen with mtime 1728289608.0
File C:\Users\Maltin\AppData\Local\Programs\Python\Python313\Lib\logging\__init__.py first seen with mtime 1728289608.0
File C:\Users\Maltin\Desktop\portfolio_backend\venv\Lib\site-packages\oauthlib\oauth2\rfc6749\endpoints\token.py first seen with mtime 1738445236.8365695
File C:\Users\Maltin\Desktop\portfolio_backend\venv\Lib\site-packages\oauthlib\oauth2\rfc8628\clients\__init__.py first seen with mtime 1738445236.860565
File C:\Users\Maltin\Desktop\portfolio_backend\venv\Lib\site-packages\idna\__init__.py first seen with mtime 1738445237.6962788
File C:\Users\Maltin\AppData\Local\Programs\Python\Python313\Lib\encodings\cp1252.py first seen with mtime 1728289608.0
File C:\Users\Maltin\Desktop\portfolio_backend\venv\Lib\site-packages\django\http\cookie.py first seen with mtime 1738445043.3794522
File C:\Users\Maltin\Desktop\portfolio_backend\venv\Lib\site-packages\oauthlib\signals.py first seen with mtime 1738445236.7709897
File C:\Users\Maltin\AppData\Local\Programs\Python\Python313\Lib\encodings\idna.py first seen with mtime 1728289608.0
File C:\Users\Maltin\Desktop\portfolio_backend\venv\Lib\site-packages\django\db\models\constraints.py first seen with mtime 1738445043.0884566
File C:\Users\Maltin\AppData\Local\Programs\Python\Python313\Lib\mimetypes.py first seen with mtime 1728289608.0
File C:\Users\Maltin\Desktop\portfolio_backend\venv\Lib\site-packages\oauth2_provider\views\application.py first seen with mtime 1738445241.851113
File C:\Users\Maltin\AppData\Local\Programs\Python\Python313\Lib\tokenize.py first seen with mtime 1728289608.0
File C:\Users\Maltin\Desktop\portfolio_backend\venv\Lib\site-packages\cryptography\hazmat\primitives\constant_time.py first seen with mtime 1738445239.785462
File C:\Users\Maltin\Desktop\portfolio_backend\venv\Lib\site-packages\django\contrib\sessions\backends\__init__.py first seen with mtime 1738445040.0609474
File C:\Users\Maltin\Desktop\portfolio_backend\venv\Lib\site-packages\django\db\models\query.py first seen with mtime 1738445043.1064508
File C:\Users\Maltin\Desktop\portfolio_backend\venv\Lib\site-packages\django\forms\renderers.py first seen with mtime 1738445043.1854594
File C:\Users\Maltin\Desktop\portfolio_backend\venv\Lib\site-packages\requests\_internal_utils.py first seen with mtime 1738445238.716092
File C:\Users\Maltin\Desktop\portfolio_backend\venv\Lib\site-packages\django\template\defaulttags.py first seen with mtime 1738445043.445453
File C:\Users\Maltin\Desktop\portfolio_backend\venv\Lib\site-packages\django\db\utils.py first seen with mtime 1738445042.912455
File C:\Users\Maltin\AppData\Local\Programs\Python\Python313\Lib\json\decoder.py first seen with mtime 1728289608.0
File C:\Users\Maltin\Desktop\portfolio_backend\venv\Lib\site-packages\django\contrib\postgres\lookups.py first seen with mtime 1738445038.636939
File C:\Users\Maltin\Desktop\portfolio_backend\portfolio\portfolioapi\urls.py first seen with mtime 1738408240.9272652
File C:\Users\Maltin\Desktop\portfolio_backend\venv\Lib\site-packages\django\db\backends\base\introspection.py first seen with mtime 1738445042.9334636
File C:\Users\Maltin\Desktop\portfolio_backend\venv\Lib\site-packages\django\utils\asyncio.py first seen with mtime 1738445043.6304517
File C:\Users\Maltin\Desktop\portfolio_backend\venv\Lib\site-packages\rest_framework\mixins.py first seen with mtime 1738445065.2990253
File C:\Users\Maltin\AppData\Local\Programs\Python\Python313\Lib\_compat_pickle.py first seen with mtime 1728289608.0
File C:\Users\Maltin\Desktop\portfolio_backend\venv\Lib\site-packages\cryptography\hazmat\primitives\padding.py first seen with mtime 1738445239.7970428
File C:\Users\Maltin\Desktop\portfolio_backend\venv\Lib\site-packages\rest_framework\utils\__init__.py first seen with mtime 1738445065.646934
File C:\Users\Maltin\Desktop\portfolio_backend\venv\Lib\site-packages\asgiref\local.py first seen with mtime 1738445024.378951
File C:\Users\Maltin\Desktop\portfolio_backend\venv\Lib\site-packages\cryptography\hazmat\primitives\kdf\__init__.py first seen with mtime 1738445239.7960386
File C:\Users\Maltin\Desktop\portfolio_backend\venv\Lib\site-packages\django\core\cache\utils.py first seen with mtime 1738445042.6564565
File C:\Users\Maltin\Desktop\portfolio_backend\venv\Lib\site-packages\drf_social_oauth2\serializers.py first seen with mtime 1738445414.298281
File C:\Users\Maltin\AppData\Local\Programs\Python\Python313\Lib\struct.py first seen with mtime 1728289608.0
File C:\Users\Maltin\Desktop\portfolio_backend\venv\Lib\site-packages\django\core\files\base.py first seen with mtime 1738445042.7394557
File C:\Users\Maltin\Desktop\portfolio_backend\venv\Lib\site-packages\oauthlib\oauth2\rfc6749\grant_types\implicit.py first seen with mtime 1738445236.8445675
File C:\Users\Maltin\AppData\Local\Programs\Python\Python313\Lib\asyncio\threads.py first seen with mtime 1728289608.0
File C:\Users\Maltin\Desktop\portfolio_backend\venv\Lib\site-packages\oauth2_provider\compat.py first seen with mtime 1738445241.778505
File C:\Users\Maltin\Desktop\portfolio_backend\venv\Lib\site-packages\django\contrib\admin\models.py first seen with mtime 1738445028.4463384
File C:\Users\Maltin\AppData\Local\Programs\Python\Python313\Lib\pathlib\__init__.py first seen with mtime 1728289608.0
File C:\Users\Maltin\Desktop\portfolio_backend\venv\Lib\site-packages\django\core\checks\__init__.py first seen with mtime 1738445042.681454
File C:\Users\Maltin\Desktop\portfolio_backend\venv\Lib\site-packages\cryptography\x509\general_name.py first seen with mtime 1738445239.820609
File C:\Users\Maltin\AppData\Local\Programs\Python\Python313\Lib\concurrent\__init__.py first seen with mtime 1728289608.0
File C:\Users\Maltin\Desktop\portfolio_backend\portfolio\portfolioapp\apps.py first seen with mtime 1728498619.2787294
File C:\Users\Maltin\Desktop\portfolio_backend\venv\Lib\site-packages\django\contrib\admin\actions.py first seen with mtime 1738445028.4333384
File C:\Users\Maltin\Desktop\portfolio_backend\venv\Lib\site-packages\oauthlib\oauth2\rfc8628\__init__.py first seen with mtime 1738445236.8555653
File C:\Users\Maltin\Desktop\portfolio_backend\venv\Lib\site-packages\django\forms\models.py first seen with mtime 1738445043.1844544
File C:\Users\Maltin\Desktop\portfolio_backend\venv\Lib\site-packages\sqlparse\engine\__init__.py first seen with mtime 1738445023.4375584
File C:\Users\Maltin\AppData\Local\Programs\Python\Python313\DLLs\pyexpat.pyd first seen with mtime 1728289646.0
File C:\Users\Maltin\Desktop\portfolio_backend\venv\Lib\site-packages\django\conf\__init__.py first seen with mtime 1738445024.8565764
File C:\Users\Maltin\Desktop\portfolio_backend\venv\Lib\site-packages\django\db\models\functions\mixins.py first seen with mtime 1738445043.1444528
File C:\Users\Maltin\Desktop\portfolio_backend\venv\Lib\site-packages\oauthlib\__init__.py first seen with mtime 1738445236.7689898
File C:\Users\Maltin\Desktop\portfolio_backend\venv\Lib\site-packages\django\contrib\auth\password_validation.py first seen with mtime 1738445032.664597
File C:\Users\Maltin\AppData\Local\Programs\Python\Python313\Lib\logging\handlers.py first seen with mtime 1728289608.0
File C:\Users\Maltin\Desktop\portfolio_backend\venv\Lib\site-packages\urllib3\util\ssltransport.py first seen with mtime 1738445235.4413693
File C:\Users\Maltin\Desktop\portfolio_backend\venv\Lib\site-packages\charset_normalizer\version.py first seen with mtime 1738445238.022417
File C:\Users\Maltin\Desktop\portfolio_backend\venv\Lib\site-packages\django\__init__.py first seen with mtime 1738445024.8465748
File C:\Users\Maltin\Desktop\portfolio_backend\venv\Lib\site-packages\django\utils\dateformat.py first seen with mtime 1738445043.6414611
File C:\Users\Maltin\Desktop\portfolio_backend\portfolio\portfolioapp\__init__.py first seen with mtime 1733261409.0266829
File C:\Users\Maltin\Desktop\portfolio_backend\venv\Lib\site-packages\sqlparse\formatter.py first seen with mtime 1738445023.391555
File C:\Users\Maltin\AppData\Local\Programs\Python\Python313\Lib\urllib\__init__.py first seen with mtime 1728289608.0
File C:\Users\Maltin\Desktop\portfolio_backend\venv\Lib\site-packages\django\contrib\messages\api.py first seen with mtime 1738445038.6009383
File C:\Users\Maltin\Desktop\portfolio_backend\venv\Lib\site-packages\django\contrib\staticfiles\management\commands\runserver.py first seen with mtime 1738445042.628453
File C:\Users\Maltin\Desktop\portfolio_backend\venv\Lib\site-packages\django\db\models\expressions.py first seen with mtime 1738445043.0944612
File C:\Users\Maltin\Desktop\portfolio_backend\venv\Lib\site-packages\oauthlib\oauth2\rfc6749\parameters.py first seen with mtime 1738445236.8045688
File C:\Users\Maltin\Desktop\portfolio_backend\venv\Lib\site-packages\oauthlib\openid\connect\core\tokens.py first seen with mtime 1738445236.8725667
File C:\Users\Maltin\Desktop\portfolio_backend\venv\Lib\site-packages\requests\cookies.py first seen with mtime 1738445238.7230954
File C:\Users\Maltin\Desktop\portfolio_backend\venv\Lib\site-packages\rest_framework\urlpatterns.py first seen with mtime 1738445065.3200269
File C:\Users\Maltin\AppData\Local\Programs\Python\Python313\Lib\concurrent\futures\__init__.py first seen with mtime 1728289608.0
File C:\Users\Maltin\Desktop\portfolio_backend\venv\Lib\site-packages\psycopg\types\range.py first seen with mtime 1738445507.097345
File C:\Users\Maltin\AppData\Local\Programs\Python\Python313\Lib\selectors.py first seen with mtime 1728289608.0
File C:\Users\Maltin\Desktop\portfolio_backend\venv\Lib\site-packages\social_django\strategy.py first seen with mtime 1738445321.4121847
File C:\Users\Maltin\AppData\Local\Programs\Python\Python313\Lib\asyncio\taskgroups.py first seen with mtime 1728289608.0
File C:\Users\Maltin\Desktop\portfolio_backend\venv\Lib\site-packages\django\views\generic\__init__.py first seen with mtime 1738445043.8404522
File C:\Users\Maltin\Desktop\portfolio_backend\venv\Lib\site-packages\django\core\checks\security\csrf.py first seen with mtime 1738445042.7144532
File C:\Users\Maltin\Desktop\portfolio_backend\venv\Lib\site-packages\django\contrib\staticfiles\checks.py first seen with mtime 1738445042.6034582
File C:\Users\Maltin\AppData\Local\Programs\Python\Python313\DLLs\_queue.pyd first seen with mtime 1728289646.0
File C:\Users\Maltin\Desktop\portfolio_backend\venv\Lib\site-packages\charset_normalizer\models.py first seen with mtime 1738445238.0204184
File C:\Users\Maltin\Desktop\portfolio_backend\venv\Lib\site-packages\psycopg\types\string.py first seen with mtime 1738445507.0993397
File C:\Users\Maltin\Desktop\portfolio_backend\venv\Lib\site-packages\cryptography\hazmat\bindings\_rust.pyd first seen with mtime 1738445239.8975985
File C:\Users\Maltin\Desktop\portfolio_backend\venv\Lib\site-packages\asgiref\current_thread_executor.py first seen with mtime 1738445024.377951
File C:\Users\Maltin\AppData\Local\Programs\Python\Python313\Lib\http\__init__.py first seen with mtime 1728289608.0
File C:\Users\Maltin\AppData\Local\Programs\Python\Python313\DLLs\_ctypes.pyd first seen with mtime 1728289646.0
File C:\Users\Maltin\Desktop\portfolio_backend\venv\Lib\site-packages\django\core\management\commands\runserver.py first seen with mtime 1738445042.857455
File C:\Users\Maltin\Desktop\portfolio_backend\venv\Lib\site-packages\psycopg\dbapi20.py first seen with mtime 1738445507.0213397
File C:\Users\Maltin\Desktop\portfolio_backend\venv\Lib\site-packages\django\db\models\fields\generated.py first seen with mtime 1738445043.1194556
File C:\Users\Maltin\Desktop\portfolio_backend\venv\Lib\site-packages\django\views\generic\list.py first seen with mtime 1738445043.849457
File C:\Users\Maltin\Desktop\portfolio_backend\venv\Lib\site-packages\charset_normalizer\md.cp313-win_amd64.pyd first seen with mtime 1738445238.0164173
File C:\Users\Maltin\AppData\Local\Programs\Python\Python313\Lib\glob.py first seen with mtime 1728289608.0
File C:\Users\Maltin\Desktop\portfolio_backend\venv\Lib\site-packages\django\utils\text.py first seen with mtime 1738445043.7464578
File C:\Users\Maltin\Desktop\portfolio_backend\venv\Lib\site-packages\rest_framework\reverse.py first seen with mtime 1738445065.3110223
File C:\Users\Maltin\AppData\Local\Programs\Python\Python313\Lib\signal.py first seen with mtime 1728289608.0
File C:\Users\Maltin\Desktop\portfolio_backend\venv\Lib\site-packages\django\db\migrations\migration.py first seen with mtime 1738445043.0464523
File C:\Users\Maltin\Desktop\portfolio_backend\venv\Lib\site-packages\openid\cryptutil.py first seen with mtime 1738445316.9876232
File C:\Users\Maltin\Desktop\portfolio_backend\venv\Lib\site-packages\django\shortcuts.py first seen with mtime 1738445024.8495765
File C:\Users\Maltin\AppData\Local\Programs\Python\Python313\Lib\numbers.py first seen with mtime 1728289608.0
File C:\Users\Maltin\Desktop\portfolio_backend\venv\Lib\site-packages\cryptography\hazmat\primitives\hmac.py first seen with mtime 1738445239.7874627
File C:\Users\Maltin\Desktop\portfolio_backend\venv\Lib\site-packages\psycopg\client_cursor.py first seen with mtime 1738445507.014341
File C:\Users\Maltin\AppData\Local\Programs\Python\Python313\Lib\functools.py first seen with mtime 1728289608.0
File C:\Users\Maltin\AppData\Local\Programs\Python\Python313\Lib\asyncio\tasks.py first seen with mtime 1728289608.0
File C:\Users\Maltin\Desktop\portfolio_backend\venv\Lib\site-packages\django\utils\inspect.py first seen with mtime 1738445043.7294536
File C:\Users\Maltin\Desktop\portfolio_backend\venv\Lib\site-packages\django\db\models\deletion.py first seen with mtime 1738445043.090453
File C:\Users\Maltin\Desktop\portfolio_backend\venv\Lib\site-packages\oauthlib\common.py first seen with mtime 1738445236.76999
File C:\Users\Maltin\Desktop\portfolio_backend\venv\Lib\site-packages\django\views\generic\edit.py first seen with mtime 1738445043.8484547
File C:\Users\Maltin\Desktop\portfolio_backend\venv\Lib\site-packages\psycopg\types\net.py first seen with mtime 1738445507.0603385
File C:\Users\Maltin\Desktop\portfolio_backend\venv\Lib\site-packages\rest_framework\schemas\__init__.py first seen with mtime 1738445065.4725893
File C:\Users\Maltin\Desktop\portfolio_backend\venv\Lib\site-packages\cryptography\hazmat\decrepit\ciphers\algorithms.py first seen with mtime 1738445239.760466
File C:\Users\Maltin\Desktop\portfolio_backend\venv\Lib\site-packages\django\db\migrations\operations\base.py first seen with mtime 1738445043.0724506
File C:\Users\Maltin\AppData\Local\Programs\Python\Python313\Lib\html\parser.py first seen with mtime 1728289608.0
File C:\Users\Maltin\Desktop\portfolio_backend\venv\Lib\site-packages\social_core\backends\utils.py first seen with mtime 1738445317.9793148
File C:\Users\Maltin\Desktop\portfolio_backend\venv\Lib\site-packages\sqlparse\filters\__init__.py first seen with mtime 1738445023.4435554
File C:\Users\Maltin\Desktop\portfolio_backend\venv\Lib\site-packages\oauthlib\oauth2\__init__.py first seen with mtime 1738445236.7965655
File C:\Users\Maltin\AppData\Local\Programs\Python\Python313\Lib\json\scanner.py first seen with mtime 1728289608.0
File C:\Users\Maltin\Desktop\portfolio_backend\venv\Lib\site-packages\django\db\backends\postgresql\operations.py first seen with mtime 1738445043.0084538
File C:\Users\Maltin\Desktop\portfolio_backend\venv\Lib\site-packages\django\contrib\admin\sites.py first seen with mtime 1738445028.4513385
File C:\Users\Maltin\Desktop\portfolio_backend\venv\Lib\site-packages\cryptography\hazmat\primitives\_serialization.py first seen with mtime 1738445239.8095973
File C:\Users\Maltin\Desktop\portfolio_backend\venv\Lib\site-packages\urllib3\__init__.py first seen with mtime 1738445235.4007692
File C:\Users\Maltin\Desktop\portfolio_backend\venv\Lib\site-packages\django\forms\__init__.py first seen with mtime 1738445043.1714506
File C:\Users\Maltin\Desktop\portfolio_backend\venv\Lib\site-packages\cryptography\hazmat\primitives\kdf\concatkdf.py first seen with mtime 1738445239.789464
File C:\Users\Maltin\Desktop\portfolio_backend\venv\Lib\site-packages\oauth2_provider\views\mixins.py first seen with mtime 1738445241.85611
File C:\Users\Maltin\Desktop\portfolio_backend\venv\Lib\site-packages\oauthlib\oauth2\rfc6749\endpoints\metadata.py first seen with mtime 1738445236.831565
File C:\Users\Maltin\Desktop\portfolio_backend\venv\Lib\site-packages\django\core\management\__init__.py first seen with mtime 1738445042.8024554
File C:\Users\Maltin\Desktop\portfolio_backend\venv\Lib\site-packages\django\db\models\manager.py first seen with mtime 1738445043.09946
File C:\Users\Maltin\Desktop\portfolio_backend\venv\Lib\site-packages\django\template\loaders\app_directories.py first seen with mtime 1738445043.5074527
File C:\Users\Maltin\Desktop\portfolio_backend\venv\Lib\site-packages\cryptography\__init__.py first seen with mtime 1738445239.8276017
File C:\Users\Maltin\AppData\Local\Programs\Python\Python313\Lib\encodings\__init__.py first seen with mtime 1728289608.0
File C:\Users\Maltin\Desktop\portfolio_backend\venv\Lib\site-packages\django\db\backends\postgresql\features.py first seen with mtime 1738445043.0044518
File C:\Users\Maltin\AppData\Local\Programs\Python\Python313\DLLs\_elementtree.pyd first seen with mtime 1728289646.0
File C:\Users\Maltin\Desktop\portfolio_backend\venv\Lib\site-packages\django\db\backends\base\client.py first seen with mtime 1738445042.9274552
File C:\Users\Maltin\Desktop\portfolio_backend\venv\Lib\site-packages\jwcrypto\common.py first seen with mtime 1738445241.3455389
File C:\Users\Maltin\AppData\Local\Programs\Python\Python313\Lib\nturl2path.py first seen with mtime 1728289608.0
File C:\Users\Maltin\Desktop\portfolio_backend\venv\Lib\site-packages\django\contrib\postgres\search.py first seen with mtime 1738445038.6409557
File C:\Users\Maltin\AppData\Local\Programs\Python\Python313\DLLs\_hashlib.pyd first seen with mtime 1728289646.0
File C:\Users\Maltin\Desktop\portfolio_backend\venv\Lib\site-packages\cryptography\hazmat\primitives\ciphers\base.py first seen with mtime 1738445239.7814653
File C:\Users\Maltin\Desktop\portfolio_backend\venv\Lib\site-packages\jwcrypto\jwt.py first seen with mtime 1738445241.3535378
File C:\Users\Maltin\AppData\Local\Programs\Python\Python313\Lib\argparse.py first seen with mtime 1728289608.0
File C:\Users\Maltin\Desktop\portfolio_backend\venv\Lib\site-packages\django\contrib\admin\views\decorators.py first seen with mtime 1738445031.512221
File C:\Users\Maltin\Desktop\portfolio_backend\venv\Lib\site-packages\oauthlib\openid\connect\core\endpoints\__init__.py first seen with mtime 1738445236.8745658
File C:\Users\Maltin\AppData\Local\Programs\Python\Python313\Lib\re\_parser.py first seen with mtime 1728289608.0
File C:\Users\Maltin\Desktop\portfolio_backend\venv\Lib\site-packages\django\contrib\admindocs\__init__.py first seen with mtime 1738445031.5162232
File C:\Users\Maltin\Desktop\portfolio_backend\venv\Lib\site-packages\openid\store\nonce.py first seen with mtime 1738445317.0226204
File C:\Users\Maltin\Desktop\portfolio_backend\venv\Lib\site-packages\django\contrib\sessions\middleware.py first seen with mtime 1738445040.055939
File C:\Users\Maltin\Desktop\portfolio_backend\venv\Lib\site-packages\django\contrib\postgres\utils.py first seen with mtime 1738445038.6479385
File C:\Users\Maltin\Desktop\portfolio_backend\venv\Lib\site-packages\sqlparse\filters\output.py first seen with mtime 1738445023.4525557
File C:\Users\Maltin\Desktop\portfolio_backend\venv\Lib\site-packages\django\contrib\messages\__init__.py first seen with mtime 1738445038.5999396
File C:\Users\Maltin\Desktop\portfolio_backend\venv\Lib\site-packages\urllib3\connection.py first seen with mtime 1738445235.4063723
File C:\Users\Maltin\Desktop\portfolio_backend\venv\Lib\site-packages\django\db\backends\base\validation.py first seen with mtime 1738445042.939454
File C:\Users\Maltin\Desktop\portfolio_backend\venv\Lib\site-packages\django\views\decorators\common.py first seen with mtime 1738445043.8204532
File C:\Users\Maltin\Desktop\portfolio_backend\venv\Lib\site-packages\django\core\signing.py first seen with mtime 1738445042.6474552
File C:\Users\Maltin\Desktop\portfolio_backend\venv\Lib\site-packages\oauth2_provider\forms.py first seen with mtime 1738445241.7845025
File C:\Users\Maltin\Desktop\portfolio_backend\venv\Lib\site-packages\requests\sessions.py first seen with mtime 1738445238.733971
File C:\Users\Maltin\Desktop\portfolio_backend\venv\Lib\site-packages\django\views\decorators\debug.py first seen with mtime 1738445043.8304539
File C:\Users\Maltin\Desktop\portfolio_backend\venv\Lib\site-packages\django\forms\fields.py first seen with mtime 1738445043.176453
File C:\Users\Maltin\AppData\Local\Programs\Python\Python313\Lib\importlib\resources\_common.py first seen with mtime 1728289608.0
File C:\Users\Maltin\Desktop\portfolio_backend\venv\Lib\site-packages\django\db\backends\postgresql\psycopg_any.py first seen with mtime 1738445043.0104663
File C:\Users\Maltin\Desktop\portfolio_backend\venv\Lib\site-packages\django\forms\widgets.py first seen with mtime 1738445043.1884582
File C:\Users\Maltin\AppData\Local\Programs\Python\Python313\Lib\decimal.py first seen with mtime 1728289608.0
File C:\Users\Maltin\Desktop\portfolio_backend\venv\Lib\site-packages\django\core\files\uploadhandler.py first seen with mtime 1738445042.7524552
File C:\Users\Maltin\Desktop\portfolio_backend\venv\Lib\site-packages\django\db\backends\base\base.py first seen with mtime 1738445042.9264507
File C:\Users\Maltin\Desktop\portfolio_backend\venv\Lib\site-packages\django\utils\functional.py first seen with mtime 1738445043.7234514
File C:\Users\Maltin\AppData\Local\Programs\Python\Python313\Lib\email\parser.py first seen with mtime 1728289608.0
File C:\Users\Maltin\Desktop\portfolio_backend\venv\Lib\site-packages\oauth2_provider\contrib\rest_framework\authentication.py first seen with mtime 1738445241.805506
File C:\Users\Maltin\AppData\Local\Programs\Python\Python313\Lib\re\_constants.py first seen with mtime 1728289608.0
File C:\Users\Maltin\Desktop\portfolio_backend\venv\Lib\site-packages\oauth2_provider\views\oidc.py first seen with mtime 1738445241.8571124
File C:\Users\Maltin\Desktop\portfolio_backend\venv\Lib\site-packages\cryptography\hazmat\decrepit\ciphers\__init__.py first seen with mtime 1738445239.762463
File C:\Users\Maltin\Desktop\portfolio_backend\venv\Lib\site-packages\django\contrib\messages\middleware.py first seen with mtime 1738445038.6089387
File C:\Users\Maltin\Desktop\portfolio_backend\venv\Lib\site-packages\urllib3\util\timeout.py first seen with mtime 1738445235.4423704
File C:\Users\Maltin\Desktop\portfolio_backend\venv\Lib\site-packages\django\contrib\sites\requests.py first seen with mtime 1738445042.0034559
File C:\Users\Maltin\Desktop\portfolio_backend\venv\Lib\site-packages\django\views\decorators\csrf.py first seen with mtime 1738445043.8284507
File C:\Users\Maltin\Desktop\portfolio_backend\venv\Lib\site-packages\psycopg\_adapters_map.py first seen with mtime 1738445506.9783382
File C:\Users\Maltin\Desktop\portfolio_backend\venv\Lib\site-packages\oauthlib\openid\connect\core\endpoints\pre_configured.py first seen with mtime 1738445236.8755655
File C:\Users\Maltin\Desktop\portfolio_backend\venv\Lib\site-packages\sqlparse\filters\reindent.py first seen with mtime 1738445023.45356
File C:\Users\Maltin\Desktop\portfolio_backend\venv\Lib\site-packages\rest_framework\utils\json.py first seen with mtime 1738445065.6559348
File C:\Users\Maltin\Desktop\portfolio_backend\venv\Lib\site-packages\corsheaders\signals.py first seen with mtime 1738445147.2708306
File C:\Users\Maltin\AppData\Local\Programs\Python\Python313\Lib\warnings.py first seen with mtime 1728289608.0
File C:\Users\Maltin\Desktop\portfolio_backend\venv\Lib\site-packages\django\urls\resolvers.py first seen with mtime 1738445043.6214545
File C:\Users\Maltin\Desktop\portfolio_backend\venv\Lib\site-packages\cryptography\x509\name.py first seen with mtime 1738445239.8215988
File C:\Users\Maltin\Desktop\portfolio_backend\venv\Lib\site-packages\drf_social_oauth2\urls.py first seen with mtime 1738445414.300263
File C:\Users\Maltin\AppData\Local\Programs\Python\Python313\Lib\textwrap.py first seen with mtime 1728289608.0
File C:\Users\Maltin\Desktop\portfolio_backend\venv\Lib\site-packages\django\contrib\auth\middleware.py first seen with mtime 1738445032.6592138
File C:\Users\Maltin\Desktop\portfolio_backend\venv\Lib\site-packages\django\core\checks\compatibility\__init__.py first seen with mtime 1738445042.7024553
File C:\Users\Maltin\AppData\Local\Programs\Python\Python313\Lib\importlib\abc.py first seen with mtime 1728289608.0
File C:\Users\Maltin\AppData\Local\Programs\Python\Python313\Lib\email\mime\multipart.py first seen with mtime 1728289608.0
File C:\Users\Maltin\AppData\Local\Programs\Python\Python313\Lib\pickle.py first seen with mtime 1728289608.0
File C:\Users\Maltin\Desktop\portfolio_backend\venv\Lib\site-packages\social_core\pipeline\__init__.py first seen with mtime 1738445318.0063176
File C:\Users\Maltin\Desktop\portfolio_backend\venv\Lib\site-packages\django\core\cache\backends\base.py first seen with mtime 1738445042.6604552
File C:\Users\Maltin\AppData\Local\Programs\Python\Python313\Lib\copy.py first seen with mtime 1728289608.0
File C:\Users\Maltin\Desktop\portfolio_backend\venv\Lib\site-packages\psycopg\transaction.py first seen with mtime 1738445507.0313368
File C:\Users\Maltin\Desktop\portfolio_backend\venv\Lib\site-packages\urllib3\_version.py first seen with mtime 1738445235.404374
File C:\Users\Maltin\Desktop\portfolio_backend\venv\Lib\site-packages\django\contrib\admin\checks.py first seen with mtime 1738445028.4363534
File C:\Users\Maltin\Desktop\portfolio_backend\venv\Lib\site-packages\rest_framework\exceptions.py first seen with mtime 1738445065.289026
File C:\Users\Maltin\Desktop\portfolio_backend\venv\Lib\site-packages\django\db\models\__init__.py first seen with mtime 1738445043.0794532
File C:\Users\Maltin\Desktop\portfolio_backend\venv\Lib\site-packages\django\db\backends\base\__init__.py first seen with mtime 1738445042.9234545
File C:\Users\Maltin\Desktop\portfolio_backend\venv\Lib\site-packages\django\db\models\lookups.py first seen with mtime 1738445043.0984538
File C:\Users\Maltin\Desktop\portfolio_backend\venv\Lib\site-packages\django\contrib\sites\shortcuts.py first seen with mtime 1738445042.0044553
File C:\Users\Maltin\AppData\Local\Programs\Python\Python313\Lib\encodings\aliases.py first seen with mtime 1728289608.0
File C:\Users\Maltin\Desktop\portfolio_backend\venv\Lib\site-packages\django\contrib\postgres\fields\hstore.py first seen with mtime 1738445038.6859396
File C:\Users\Maltin\Desktop\portfolio_backend\venv\Lib\site-packages\requests\packages.py first seen with mtime 1738445238.7329004
File C:\Users\Maltin\Desktop\portfolio_backend\venv\Lib\site-packages\django\core\management\base.py first seen with mtime 1738445042.8044567
File C:\Users\Maltin\Desktop\portfolio_backend\venv\Lib\site-packages\django\forms\utils.py first seen with mtime 1738445043.1874597
File C:\Users\Maltin\Desktop\portfolio_backend\venv\Lib\site-packages\drf_social_oauth2\oauth2_backends.py first seen with mtime 1738445414.2942595
File C:\Users\Maltin\Desktop\portfolio_backend\venv\Lib\site-packages\django\template\loader_tags.py first seen with mtime 1738445043.4544528
File C:\Users\Maltin\AppData\Local\Programs\Python\Python313\Lib\stringprep.py first seen with mtime 1728289608.0
File C:\Users\Maltin\Desktop\portfolio_backend\venv\Lib\site-packages\social_django\apps.py first seen with mtime 1738445321.39617
File C:\Users\Maltin\Desktop\portfolio_backend\venv\Lib\site-packages\urllib3\util\util.py first seen with mtime 1738445235.444377
File C:\Users\Maltin\AppData\Local\Programs\Python\Python313\Lib\asyncio\subprocess.py first seen with mtime 1728289608.0
File C:\Users\Maltin\Desktop\portfolio_backend\venv\Lib\site-packages\rest_framework\utils\timezone.py first seen with mtime 1738445065.6629357
File C:\Users\Maltin\AppData\Local\Programs\Python\Python313\DLLs\_lzma.pyd first seen with mtime 1728289646.0
File C:\Users\Maltin\Desktop\portfolio_backend\venv\Lib\site-packages\social_core\storage.py first seen with mtime 1738445317.791108
File C:\Users\Maltin\AppData\Local\Programs\Python\Python313\Lib\importlib\_abc.py first seen with mtime 1728289608.0
File C:\Users\Maltin\AppData\Local\Programs\Python\Python313\Lib\uuid.py first seen with mtime 1728289608.0
File C:\Users\Maltin\Desktop\portfolio_backend\venv\Lib\site-packages\django\contrib\sessions\apps.py first seen with mtime 1738445040.0519404
File C:\Users\Maltin\Desktop\portfolio_backend\venv\Lib\site-packages\urllib3\fields.py first seen with mtime 1738445235.41037
File C:\Users\Maltin\Desktop\portfolio_backend\venv\Lib\site-packages\certifi\core.py first seen with mtime 1738445238.6150928
File C:\Users\Maltin\Desktop\portfolio_backend\venv\Lib\site-packages\social_core\pipeline\utils.py first seen with mtime 1738445318.015315
File C:\Users\Maltin\Desktop\portfolio_backend\venv\Lib\site-packages\social_core\backends\base.py first seen with mtime 1738445317.8061113
File C:\Users\Maltin\Desktop\portfolio_backend\venv\Lib\site-packages\oauthlib\oauth2\rfc6749\endpoints\base.py first seen with mtime 1738445236.8225684
File C:\Users\Maltin\Desktop\portfolio_backend\venv\Lib\site-packages\django\core\checks\database.py first seen with mtime 1738445042.6874523
File C:\Users\Maltin\Desktop\portfolio_backend\venv\Lib\site-packages\django\core\files\storage\base.py first seen with mtime 1738445042.7604537
File C:\Users\Maltin\Desktop\portfolio_backend\venv\Lib\site-packages\oauthlib\openid\connect\core\grant_types\base.py first seen with mtime 1738445236.8795674
File C:\Users\Maltin\Desktop\portfolio_backend\venv\Lib\site-packages\django\templatetags\__init__.py first seen with mtime 1738445043.5184517
File C:\Users\Maltin\Desktop\portfolio_backend\venv\Lib\site-packages\psycopg\_conninfo_utils.py first seen with mtime 1738445506.9883368
File C:\Users\Maltin\Desktop\portfolio_backend\venv\Lib\site-packages\django\core\serializers\json.py first seen with mtime 1738445042.8884585
File C:\Users\Maltin\Desktop\portfolio_backend\venv\Lib\site-packages\django\views\i18n.py first seen with mtime 1738445043.8124514
File C:\Users\Maltin\Desktop\portfolio_backend\venv\Lib\site-packages\django\templatetags\l10n.py first seen with mtime 1738445043.5224516
File C:\Users\Maltin\Desktop\portfolio_backend\venv\Lib\site-packages\typing_extensions.py first seen with mtime 1738445236.1837342
File C:\Users\Maltin\Desktop\portfolio_backend\venv\Lib\site-packages\psycopg\_connection_base.py first seen with mtime 1738445506.9843388
File C:\Users\Maltin\AppData\Local\Programs\Python\Python313\Lib\ctypes\_endian.py first seen with mtime 1728289608.0
File C:\Users\Maltin\Desktop\portfolio_backend\venv\Lib\site-packages\django\templatetags\tz.py first seen with mtime 1738445043.5264533
File C:\Users\Maltin\Desktop\portfolio_backend\venv\Lib\site-packages\urllib3\exceptions.py first seen with mtime 1738445235.4093776
File C:\Users\Maltin\Desktop\portfolio_backend\venv\Lib\site-packages\django\core\cache\__init__.py first seen with mtime 1738445042.6544516
File C:\Users\Maltin\AppData\Local\Programs\Python\Python313\Lib\__future__.py first seen with mtime 1728289608.0
File C:\Users\Maltin\AppData\Local\Programs\Python\Python313\Lib\asyncio\__init__.py first seen with mtime 1728289608.0
File C:\Users\Maltin\AppData\Local\Programs\Python\Python313\Lib\email\contentmanager.py first seen with mtime 1728289608.0
File C:\Users\Maltin\Desktop\portfolio_backend\venv\Lib\site-packages\oauth2_provider\views\base.py first seen with mtime 1738445241.852112
File C:\Users\Maltin\Desktop\portfolio_backend\venv\Lib\site-packages\django\conf\global_settings.py first seen with mtime 1738445024.8585753
File C:\Users\Maltin\Desktop\portfolio_backend\venv\Lib\site-packages\django\core\mail\message.py first seen with mtime 1738445042.7834566
File C:\Users\Maltin\Desktop\portfolio_backend\venv\Lib\site-packages\django\db\models\constants.py first seen with mtime 1738445043.0854514
File C:\Users\Maltin\Desktop\portfolio_backend\venv\Lib\site-packages\openid\store\__init__.py first seen with mtime 1738445317.018619
File C:\Users\Maltin\Desktop\portfolio_backend\venv\Lib\site-packages\django\core\mail\utils.py first seen with mtime 1738445042.785453
File C:\Users\Maltin\AppData\Local\Programs\Python\Python313\Lib\asyncio\sslproto.py first seen with mtime 1728289608.0
File C:\Users\Maltin\AppData\Local\Programs\Python\Python313\Lib\email\mime\__init__.py first seen with mtime 1728289608.0
File C:\Users\Maltin\AppData\Local\Programs\Python\Python313\Lib\dataclasses.py first seen with mtime 1728289608.0
File C:\Users\Maltin\Desktop\portfolio_backend\venv\Lib\site-packages\django\templatetags\i18n.py first seen with mtime 1738445043.5214517
File C:\Users\Maltin\AppData\Local\Programs\Python\Python313\DLLs\_ssl.pyd first seen with mtime 1728289646.0
File C:\Users\Maltin\Desktop\portfolio_backend\venv\Lib\site-packages\django\db\models\fields\related_lookups.py first seen with mtime 1738445043.131453
File C:\Users\Maltin\Desktop\portfolio_backend\venv\Lib\site-packages\django\core\management\color.py first seen with mtime 1738445042.806457
File C:\Users\Maltin\Desktop\portfolio_backend\venv\Lib\site-packages\urllib3\_request_methods.py first seen with mtime 1738445235.4033613
File C:\Users\Maltin\Desktop\portfolio_backend\venv\Lib\site-packages\django\core\wsgi.py first seen with mtime 1738445042.6514552
File C:\Users\Maltin\AppData\Local\Programs\Python\Python313\DLLs\_bz2.pyd first seen with mtime 1728289646.0
File C:\Users\Maltin\Desktop\portfolio_backend\venv\Lib\site-packages\django\db\backends\utils.py first seen with mtime 1738445042.9214597
File C:\Users\Maltin\Desktop\portfolio_backend\venv\Lib\site-packages\oauthlib\oauth2\rfc6749\grant_types\__init__.py first seen with mtime 1738445236.838567
File C:\Users\Maltin\Desktop\portfolio_backend\venv\Lib\site-packages\django\contrib\auth\checks.py first seen with mtime 1738445032.647147
File C:\Users\Maltin\Desktop\portfolio_backend\venv\Lib\site-packages\django\contrib\postgres\forms\__init__.py first seen with mtime 1738445038.6929402
File C:\Users\Maltin\Desktop\portfolio_backend\venv\Lib\site-packages\django\db\models\fields\json.py first seen with mtime 1738445043.1204531
File C:\Users\Maltin\Desktop\portfolio_backend\venv\Lib\site-packages\psycopg\sql.py first seen with mtime 1738445507.030336
File C:\Users\Maltin\Desktop\portfolio_backend\venv\Lib\site-packages\cryptography\hazmat\backends\__init__.py first seen with mtime 1738445239.7214646
File C:\Users\Maltin\AppData\Local\Programs\Python\Python313\Lib\reprlib.py first seen with mtime 1728289608.0
File C:\Users\Maltin\Desktop\portfolio_backend\venv\Lib\site-packages\django\core\serializers\python.py first seen with mtime 1738445042.8914523
File C:\Users\Maltin\Desktop\portfolio_backend\venv\Lib\site-packages\oauthlib\oauth2\rfc6749\clients\mobile_application.py first seen with mtime 1738445236.815568
File C:\Users\Maltin\Desktop\portfolio_backend\venv\Lib\site-packages\rest_framework\schemas\utils.py first seen with mtime 1738445065.4805868
File C:\Users\Maltin\Desktop\portfolio_backend\venv\Lib\site-packages\cryptography\hazmat\primitives\asymmetric\x448.py first seen with mtime 1738445239.7774663
File C:\Users\Maltin\Desktop\portfolio_backend\venv\Lib\site-packages\django\contrib\staticfiles\views.py first seen with mtime 1738445042.6194541
File C:\Users\Maltin\Desktop\portfolio_backend\venv\Lib\site-packages\social_django\storage.py first seen with mtime 1738445321.411168
File C:\Users\Maltin\Desktop\portfolio_backend\venv\Lib\site-packages\django\middleware\http.py first seen with mtime 1738445043.4014566
File C:\Users\Maltin\Desktop\portfolio_backend\venv\Lib\site-packages\django\contrib\admin\apps.py first seen with mtime 1738445028.4343424
File C:\Users\Maltin\AppData\Local\Programs\Python\Python313\Lib\asyncio\queues.py first seen with mtime 1728289608.0
File C:\Users\Maltin\Desktop\portfolio_backend\venv\Lib\site-packages\django\contrib\admin\templatetags\admin_modify.py first seen with mtime 1738445031.4782207
File C:\Users\Maltin\Desktop\portfolio_backend\venv\Lib\site-packages\oauth2_provider\validators.py first seen with mtime 1738445241.8025024
File C:\Users\Maltin\AppData\Local\Programs\Python\Python313\Lib\email\encoders.py first seen with mtime 1728289608.0
File C:\Users\Maltin\Desktop\portfolio_backend\venv\Lib\site-packages\rest_framework\parsers.py first seen with mtime 1738445065.304023
File C:\Users\Maltin\AppData\Local\Programs\Python\Python313\Lib\urllib\error.py first seen with mtime 1728289608.0
File C:\Users\Maltin\Desktop\portfolio_backend\venv\Lib\site-packages\django\core\checks\security\__init__.py first seen with mtime 1738445042.7054567
File C:\Users\Maltin\Desktop\portfolio_backend\venv\Lib\site-packages\django\contrib\sessions\__init__.py first seen with mtime 1738445040.0499399
File C:\Users\Maltin\Desktop\portfolio_backend\venv\Lib\site-packages\django\middleware\common.py first seen with mtime 1738445043.3954518
File C:\Users\Maltin\Desktop\portfolio_backend\venv\Lib\site-packages\psycopg\_acompat.py first seen with mtime 1738445506.977337
File C:\Users\Maltin\Desktop\portfolio_backend\venv\Lib\site-packages\django\conf\locale\__init__.py first seen with mtime 1738445024.8701434
File C:\Users\Maltin\Desktop\portfolio_backend\venv\Lib\site-packages\requests\api.py first seen with mtime 1738445238.719092
File C:\Users\Maltin\AppData\Local\Programs\Python\Python313\Lib\encodings\utf_8.py first seen with mtime 1728289608.0
File C:\Users\Maltin\Desktop\portfolio_backend\venv\Lib\site-packages\django\core\handlers\wsgi.py first seen with mtime 1738445042.778453
File C:\Users\Maltin\Desktop\portfolio_backend\venv\Lib\site-packages\django\utils\translation\reloader.py first seen with mtime 1738445043.7964525
File C:\Users\Maltin\Desktop\portfolio_backend\venv\Lib\site-packages\asgiref\sync.py first seen with mtime 1738445024.38395
File C:\Users\Maltin\Desktop\portfolio_backend\venv\Lib\site-packages\django\contrib\staticfiles\finders.py first seen with mtime 1738445042.6054552
File C:\Users\Maltin\Desktop\portfolio_backend\venv\Lib\site-packages\oauthlib\openid\connect\core\endpoints\userinfo.py first seen with mtime 1738445236.8755655
File C:\Users\Maltin\Desktop\portfolio_backend\venv\Lib\site-packages\requests\auth.py first seen with mtime 1738445238.7210925
File C:\Users\Maltin\AppData\Local\Programs\Python\Python313\Lib\asyncio\format_helpers.py first seen with mtime 1728289608.0
File C:\Users\Maltin\Desktop\portfolio_backend\venv\Lib\site-packages\charset_normalizer\legacy.py first seen with mtime 1738445238.0144174
File C:\Users\Maltin\Desktop\portfolio_backend\venv\Lib\site-packages\django\contrib\admin\templatetags\admin_urls.py first seen with mtime 1738445031.4852183
File C:\Users\Maltin\Desktop\portfolio_backend\venv\Lib\site-packages\idna\idnadata.py first seen with mtime 1738445237.7002795
File C:\Users\Maltin\AppData\Local\Programs\Python\Python313\Lib\concurrent\futures\_base.py first seen with mtime 1728289608.0
File C:\Users\Maltin\Desktop\portfolio_backend\venv\Lib\site-packages\django\contrib\staticfiles\apps.py first seen with mtime 1738445042.6014547
File C:\Users\Maltin\Desktop\portfolio_backend\venv\Lib\site-packages\django\db\models\fields\mixins.py first seen with mtime 1738445043.122464
File C:\Users\Maltin\AppData\Local\Programs\Python\Python313\DLLs\_zoneinfo.pyd first seen with mtime 1728289646.0
File C:\Users\Maltin\Desktop\portfolio_backend\venv\Lib\site-packages\psycopg\_typemod.py first seen with mtime 1738445507.0093372
File C:\Users\Maltin\AppData\Local\Programs\Python\Python313\Lib\asyncio\coroutines.py first seen with mtime 1728289608.0
File C:\Users\Maltin\AppData\Local\Programs\Python\Python313\Lib\hmac.py first seen with mtime 1728289608.0
File C:\Users\Maltin\Desktop\portfolio_backend\venv\Lib\site-packages\sqlparse\__init__.py first seen with mtime 1738445023.3645682
File C:\Users\Maltin\Desktop\portfolio_backend\venv\Lib\site-packages\sqlparse\keywords.py first seen with mtime 1738445023.426553
File C:\Users\Maltin\Desktop\portfolio_backend\venv\Lib\site-packages\django\contrib\auth\base_user.py first seen with mtime 1738445032.6433778
File C:\Users\Maltin\Desktop\portfolio_backend\venv\Lib\site-packages\django\utils\formats.py first seen with mtime 1738445043.7214582
File C:\Users\Maltin\Desktop\portfolio_backend\venv\Lib\site-packages\django\apps\config.py first seen with mtime 1738445024.8535807
File C:\Users\Maltin\Desktop\portfolio_backend\venv\Lib\site-packages\django\urls\converters.py first seen with mtime 1738445043.6184523
File C:\Users\Maltin\AppData\Local\Programs\Python\Python313\Lib\datetime.py first seen with mtime 1728289608.0
File C:\Users\Maltin\AppData\Local\Programs\Python\Python313\Lib\ast.py first seen with mtime 1728289608.0
File C:\Users\Maltin\Desktop\portfolio_backend\venv\Lib\site-packages\oauth2_provider\exceptions.py first seen with mtime 1738445241.782503
File C:\Users\Maltin\Desktop\portfolio_backend\venv\Lib\site-packages\django\template\smartif.py first seen with mtime 1738445043.4614544
File C:\Users\Maltin\Desktop\portfolio_backend\venv\Lib\site-packages\django\utils\translation\__init__.py first seen with mtime 1738445043.7954614
File C:\Users\Maltin\Desktop\portfolio_backend\venv\Lib\site-packages\django\db\backends\signals.py first seen with mtime 1738445042.9184566
File C:\Users\Maltin\Desktop\portfolio_backend\venv\Lib\site-packages\rest_framework\serializers.py first seen with mtime 1738445065.315025
File C:\Users\Maltin\Desktop\portfolio_backend\venv\Lib\site-packages\django\contrib\admin\templatetags\admin_list.py first seen with mtime 1738445031.4752195
File C:\Users\Maltin\Desktop\portfolio_backend\venv\Lib\site-packages\django\http\multipartparser.py first seen with mtime 1738445043.3824515
File C:\Users\Maltin\AppData\Local\Programs\Python\Python313\Lib\bz2.py first seen with mtime 1728289608.0
File C:\Users\Maltin\Desktop\portfolio_backend\venv\Lib\site-packages\psycopg\cursor.py first seen with mtime 1738445507.0193372
File C:\Users\Maltin\Desktop\portfolio_backend\venv\Lib\site-packages\sqlparse\cli.py first seen with mtime 1738445023.378556
File C:\Users\Maltin\AppData\Local\Programs\Python\Python313\Lib\tempfile.py first seen with mtime 1728289608.0
File C:\Users\Maltin\Desktop\portfolio_backend\venv\Lib\site-packages\django\utils\choices.py first seen with mtime 1738445043.6364508
File C:\Users\Maltin\AppData\Local\Programs\Python\Python313\Lib\pathlib\_local.py first seen with mtime 1728289608.0
File C:\Users\Maltin\Desktop\portfolio_backend\venv\Lib\site-packages\django\db\models\sql\query.py first seen with mtime 1738445043.1594558
File C:\Users\Maltin\Desktop\portfolio_backend\portfolio\users\signals.py first seen with mtime 1728498619.2887306
File C:\Users\Maltin\Desktop\portfolio_backend\venv\Lib\site-packages\oauthlib\oauth2\rfc6749\grant_types\resource_owner_password_credentials.py first seen with mtime 1738445236.849568
File C:\Users\Maltin\AppData\Local\Programs\Python\Python313\Lib\importlib\metadata\_itertools.py first seen with mtime 1728289608.0
File C:\Users\Maltin\Desktop\portfolio_backend\venv\Lib\site-packages\cryptography\hazmat\primitives\ciphers\modes.py first seen with mtime 1738445239.7824616
File C:\Users\Maltin\Desktop\portfolio_backend\venv\Lib\site-packages\django\utils\http.py first seen with mtime 1738445043.7274551
File C:\Users\Maltin\Desktop\portfolio_backend\venv\Lib\site-packages\oauth2_provider\contrib\__init__.py first seen with mtime 1738445241.8035028
File C:\Users\Maltin\Desktop\portfolio_backend\venv\Lib\site-packages\cryptography\hazmat\primitives\serialization\ssh.py first seen with mtime 1738445239.802037
File C:\Users\Maltin\Desktop\portfolio_backend\venv\Lib\site-packages\rest_framework\utils\field_mapping.py first seen with mtime 1738445065.650936
File C:\Users\Maltin\Desktop\portfolio_backend\venv\Lib\site-packages\rest_framework\schemas\generators.py first seen with mtime 1738445065.4755912
File C:\Users\Maltin\Desktop\portfolio_backend\venv\Lib\site-packages\django\core\checks\translation.py first seen with mtime 1738445042.6984549
File C:\Users\Maltin\Desktop\portfolio_backend\venv\Lib\site-packages\oauthlib\oauth2\rfc6749\clients\service_application.py first seen with mtime 1738445236.8175657
File C:\Users\Maltin\Desktop\portfolio_backend\venv\Lib\site-packages\rest_framework\utils\mediatypes.py first seen with mtime 1738445065.657935
File C:\Users\Maltin\Desktop\portfolio_backend\venv\Lib\site-packages\django\utils\log.py first seen with mtime 1738445043.7364562
File C:\Users\Maltin\AppData\Local\Programs\Python\Python313\Lib\dis.py first seen with mtime 1728289608.0
File C:\Users\Maltin\Desktop\portfolio_backend\venv\Lib\site-packages\psycopg\_encodings.py first seen with mtime 1738445506.996343
File C:\Users\Maltin\Desktop\portfolio_backend\venv\Lib\site-packages\psycopg\version.py first seen with mtime 1738445507.032344
File C:\Users\Maltin\Desktop\portfolio_backend\venv\Lib\site-packages\django\utils\tree.py first seen with mtime 1738445043.7854517
File C:\Users\Maltin\Desktop\portfolio_backend\venv\Lib\site-packages\django\contrib\auth\hashers.py first seen with mtime 1738445032.6572127
File C:\Users\Maltin\Desktop\portfolio_backend\venv\Lib\site-packages\django\views\generic\detail.py first seen with mtime 1738445043.8454525
File C:\Users\Maltin\AppData\Local\Programs\Python\Python313\Lib\email\generator.py first seen with mtime 1728289608.0
File C:\Users\Maltin\Desktop\portfolio_backend\venv\Lib\site-packages\psycopg\_queries.py first seen with mtime 1738445507.0043378
File C:\Users\Maltin\Desktop\portfolio_backend\venv\Lib\site-packages\rest_framework\utils\encoders.py first seen with mtime 1738445065.6499393
File C:\Users\Maltin\AppData\Local\Programs\Python\Python313\Lib\asyncio\locks.py first seen with mtime 1728289608.0
File C:\Users\Maltin\Desktop\portfolio_backend\venv\Lib\site-packages\sqlparse\engine\filter_stack.py first seen with mtime 1738445023.438555
File C:\Users\Maltin\Desktop\portfolio_backend\venv\Lib\site-packages\django\contrib\postgres\fields\array.py first seen with mtime 1738445038.6789396
File C:\Users\Maltin\Desktop\portfolio_backend\venv\Lib\site-packages\social_core\backends\__init__.py first seen with mtime 1738445317.794109
File C:\Users\Maltin\Desktop\portfolio_backend\venv\Lib\site-packages\django\views\static.py first seen with mtime 1738445043.8144526
File C:\Users\Maltin\Desktop\portfolio_backend\venv\Lib\site-packages\psycopg\generators.py first seen with mtime 1738445507.023338
File C:\Users\Maltin\Desktop\portfolio_backend\venv\Lib\site-packages\rest_framework\utils\model_meta.py first seen with mtime 1738445065.6599362
File C:\Users\Maltin\Desktop\portfolio_backend\venv\Lib\site-packages\django\db\models\functions\comparison.py first seen with mtime 1738445043.1364596
File C:\Users\Maltin\Desktop\portfolio_backend\venv\Lib\site-packages\django\template\exceptions.py first seen with mtime 1738445043.4494543
File C:\Users\Maltin\Desktop\portfolio_backend\venv\Lib\site-packages\psycopg\types\bool.py first seen with mtime 1738445507.0543356
File C:\Users\Maltin\Desktop\portfolio_backend\venv\Lib\site-packages\psycopg\cursor_async.py first seen with mtime 1738445507.0203376
File C:\Users\Maltin\Desktop\portfolio_backend\venv\Lib\site-packages\urllib3\util\url.py first seen with mtime 1738445235.4433694
File C:\Users\Maltin\Desktop\portfolio_backend\venv\Lib\site-packages\django\core\files\storage\filesystem.py first seen with mtime 1738445042.7624557
File C:\Users\Maltin\Desktop\portfolio_backend\venv\Lib\site-packages\rest_framework\schemas\inspectors.py first seen with mtime 1738445065.47659
File C:\Users\Maltin\Desktop\portfolio_backend\venv\Lib\site-packages\django\template\loaders\__init__.py first seen with mtime 1738445043.505457
File C:\Users\Maltin\Desktop\portfolio_backend\venv\Lib\site-packages\django\contrib\staticfiles\utils.py first seen with mtime 1738445042.6164572
File C:\Users\Maltin\Desktop\portfolio_backend\venv\Lib\site-packages\django\views\decorators\cache.py first seen with mtime 1738445043.818454
File C:\Users\Maltin\Desktop\portfolio_backend\venv\Lib\site-packages\jwcrypto\jwa.py first seen with mtime 1738445241.3475423
File C:\Users\Maltin\Desktop\portfolio_backend\venv\Lib\site-packages\django\db\backends\ddl_references.py first seen with mtime 1738445042.9164553
File C:\Users\Maltin\Desktop\portfolio_backend\venv\Lib\site-packages\cryptography\hazmat\bindings\__init__.py first seen with mtime 1738445239.7584624
File C:\Users\Maltin\Desktop\portfolio_backend\venv\Lib\site-packages\openid\store\interface.py first seen with mtime 1738445317.0206206
File C:\Users\Maltin\Desktop\portfolio_backend\venv\Lib\site-packages\social_core\actions.py first seen with mtime 1738445317.7881098
File C:\Users\Maltin\Desktop\portfolio_backend\venv\Lib\site-packages\oauthlib\openid\connect\core\__init__.py first seen with mtime 1738445236.8695664
File C:\Users\Maltin\Desktop\portfolio_backend\venv\Lib\site-packages\django\db\backends\base\features.py first seen with mtime 1738445042.9314542
File C:\Users\Maltin\Desktop\portfolio_backend\venv\Lib\site-packages\cryptography\hazmat\primitives\kdf\pbkdf2.py first seen with mtime 1738445239.7930384
File C:\Users\Maltin\AppData\Local\Programs\Python\Python313\Lib\hashlib.py first seen with mtime 1728289608.0
File C:\Users\Maltin\AppData\Local\Programs\Python\Python313\Lib\importlib\resources\_adapters.py first seen with mtime 1728289608.0
File C:\Users\Maltin\AppData\Local\Programs\Python\Python313\Lib\wsgiref\handlers.py first seen with mtime 1728289608.0
File C:\Users\Maltin\Desktop\portfolio_backend\venv\Lib\site-packages\django\template\loaders\filesystem.py first seen with mtime 1738445043.5154529
File C:\Users\Maltin\Desktop\portfolio_backend\venv\Lib\site-packages\sqlparse\exceptions.py first seen with mtime 1738445023.3805568
File C:\Users\Maltin\Desktop\portfolio_backend\venv\Lib\site-packages\psycopg\_compat.py first seen with mtime 1738445506.9833386
File C:\Users\Maltin\Desktop\portfolio_backend\venv\Lib\site-packages\django\contrib\messages\utils.py first seen with mtime 1738445038.6119409
File C:\Users\Maltin\Desktop\portfolio_backend\venv\Lib\site-packages\django\template\loaders\base.py first seen with mtime 1738445043.509454
File C:\Users\Maltin\Desktop\portfolio_backend\venv\Lib\site-packages\oauth2_provider\http.py first seen with mtime 1738445241.7875018
File C:\Users\Maltin\Desktop\portfolio_backend\venv\Lib\site-packages\django\core\handlers\__init__.py first seen with mtime 1738445042.7694554
File C:\Users\Maltin\Desktop\portfolio_backend\venv\Lib\site-packages\oauthlib\openid\connect\core\grant_types\hybrid.py first seen with mtime 1738445236.8815644
File C:\Users\Maltin\Desktop\portfolio_backend\venv\Lib\site-packages\oauth2_provider\settings.py first seen with mtime 1738445241.7975059
File C:\Users\Maltin\Desktop\portfolio_backend\venv\Lib\site-packages\cryptography\x509\oid.py first seen with mtime 1738445239.8235972
File C:\Users\Maltin\Desktop\portfolio_backend\venv\Lib\site-packages\cryptography\x509\verification.py first seen with mtime 1738445239.8245966
File C:\Users\Maltin\Desktop\portfolio_backend\venv\Lib\site-packages\oauth2_provider\views\introspect.py first seen with mtime 1738445241.8551118
File C:\Users\Maltin\AppData\Local\Programs\Python\Python313\Lib\asyncio\trsock.py first seen with mtime 1728289608.0
File C:\Users\Maltin\Desktop\portfolio_backend\venv\Lib\site-packages\rest_framework\schemas\views.py first seen with mtime 1738445065.481589
File C:\Users\Maltin\AppData\Local\Programs\Python\Python313\Lib\http\server.py first seen with mtime 1728289608.0
File C:\Users\Maltin\Desktop\portfolio_backend\venv\Lib\site-packages\social_core\strategy.py first seen with mtime 1738445317.7921247
File C:\Users\Maltin\Desktop\portfolio_backend\venv\Lib\site-packages\django\core\files\storage\memory.py first seen with mtime 1738445042.7664683
File C:\Users\Maltin\Desktop\portfolio_backend\venv\Lib\site-packages\django\utils\module_loading.py first seen with mtime 1738445043.7394521
File C:\Users\Maltin\Desktop\portfolio_backend\venv\Lib\site-packages\sqlparse\lexer.py first seen with mtime 1738445023.4315615
File C:\Users\Maltin\Desktop\portfolio_backend\venv\Lib\site-packages\charset_normalizer\md__mypyc.cp313-win_amd64.pyd first seen with mtime 1738445238.0194168
File C:\Users\Maltin\Desktop\portfolio_backend\venv\Lib\site-packages\sqlparse\utils.py first seen with mtime 1738445023.4355574
File C:\Users\Maltin\Desktop\portfolio_backend\venv\Lib\site-packages\django\dispatch\dispatcher.py first seen with mtime 1738445043.1674564
File C:\Users\Maltin\Desktop\portfolio_backend\venv\Lib\site-packages\django\apps\__init__.py first seen with mtime 1738445024.8515778
File C:\Users\Maltin\Desktop\portfolio_backend\venv\Lib\site-packages\django\middleware\security.py first seen with mtime 1738445043.4294555
File C:\Users\Maltin\Desktop\portfolio_backend\venv\Lib\site-packages\jwcrypto\jwe.py first seen with mtime 1738445241.3485413
File C:\Users\Maltin\Desktop\portfolio_backend\venv\Lib\site-packages\requests\hooks.py first seen with mtime 1738445238.727146
File C:\Users\Maltin\AppData\Local\Programs\Python\Python313\DLLs\_wmi.pyd first seen with mtime 1728289646.0
File C:\Users\Maltin\Desktop\portfolio_backend\venv\Lib\site-packages\django\core\servers\basehttp.py first seen with mtime 1738445042.8994536
File C:\Users\Maltin\Desktop\portfolio_backend\venv\Lib\site-packages\oauthlib\oauth2\rfc6749\tokens.py first seen with mtime 1738445236.806569
File C:\Users\Maltin\AppData\Local\Programs\Python\Python313\Lib\calendar.py first seen with mtime 1728289608.0
File C:\Users\Maltin\AppData\Local\Programs\Python\Python313\Lib\subprocess.py first seen with mtime 1728289608.0
File C:\Users\Maltin\AppData\Local\Programs\Python\Python313\Lib\wsgiref\headers.py first seen with mtime 1728289608.0
File C:\Users\Maltin\AppData\Local\Programs\Python\Python313\Lib\importlib\metadata\_adapters.py first seen with mtime 1728289608.0
File C:\Users\Maltin\Desktop\portfolio_backend\venv\Lib\site-packages\django\contrib\messages\constants.py first seen with mtime 1738445038.6049383
File C:\Users\Maltin\AppData\Local\Programs\Python\Python313\Lib\wsgiref\__init__.py first seen with mtime 1728289608.0
File C:\Users\Maltin\Desktop\portfolio_backend\venv\Lib\site-packages\django\utils\numberformat.py first seen with mtime 1738445043.7404675
File C:\Users\Maltin\Desktop\portfolio_backend\venv\Lib\site-packages\corsheaders\__init__.py first seen with mtime 1738445147.2638304
File C:\Users\Maltin\Desktop\portfolio_backend\venv\Lib\site-packages\cryptography\hazmat\primitives\asymmetric\dh.py first seen with mtime 1738445239.7654653
File C:\Users\Maltin\AppData\Local\Programs\Python\Python313\Lib\importlib\metadata\_text.py first seen with mtime 1728289608.0
File C:\Users\Maltin\Desktop\portfolio_backend\venv\Lib\site-packages\django\core\checks\caches.py first seen with mtime 1738445042.685453
File C:\Users\Maltin\Desktop\portfolio_backend\venv\Lib\site-packages\openid\__init__.py first seen with mtime 1738445316.984622
File C:\Users\Maltin\Desktop\portfolio_backend\venv\Lib\site-packages\urllib3\util\wait.py first seen with mtime 1738445235.4453738
File C:\Users\Maltin\Desktop\portfolio_backend\venv\Lib\site-packages\rest_framework\fields.py first seen with mtime 1738445065.292025
File C:\Users\Maltin\Desktop\portfolio_backend\venv\Lib\site-packages\django\urls\__init__.py first seen with mtime 1738445043.6134565
File C:\Users\Maltin\Desktop\portfolio_backend\venv\Lib\site-packages\django\template\backends\base.py first seen with mtime 1738445043.4904556
File C:\Users\Maltin\AppData\Local\Programs\Python\Python313\Lib\re\_casefix.py first seen with mtime 1728289608.0
File C:\Users\Maltin\Desktop\portfolio_backend\venv\Lib\site-packages\oauthlib\oauth2\rfc6749\__init__.py first seen with mtime 1738445236.8015666
File C:\Users\Maltin\Desktop\portfolio_backend\venv\Lib\site-packages\psycopg\raw_cursor.py first seen with mtime 1738445507.0263379
File C:\Users\Maltin\AppData\Local\Programs\Python\Python313\Lib\bisect.py first seen with mtime 1728289608.0
File C:\Users\Maltin\AppData\Local\Programs\Python\Python313\Lib\getpass.py first seen with mtime 1728289608.0
File C:\Users\Maltin\Desktop\portfolio_backend\venv\Lib\site-packages\django\contrib\sites\__init__.py first seen with mtime 1738445041.9744544
File C:\Users\Maltin\Desktop\portfolio_backend\venv\Lib\site-packages\django\contrib\staticfiles\__init__.py first seen with mtime 1738445042.5974596
File C:\Users\Maltin\Desktop\portfolio_backend\venv\Lib\site-packages\oauthlib\oauth2\rfc6749\clients\__init__.py first seen with mtime 1738445236.8095655
File C:\Users\Maltin\AppData\Local\Programs\Python\Python313\Lib\opcode.py first seen with mtime 1728289608.0
File C:\Users\Maltin\AppData\Local\Programs\Python\Python313\Lib\wsgiref\util.py first seen with mtime 1728289608.0
File C:\Users\Maltin\Desktop\portfolio_backend\venv\Lib\site-packages\django\contrib\admindocs\utils.py first seen with mtime 1738445031.5315492
File C:\Users\Maltin\Desktop\portfolio_backend\venv\Lib\site-packages\django\template\autoreload.py first seen with mtime 1738445043.4324527
File C:\Users\Maltin\Desktop\portfolio_backend\venv\Lib\site-packages\psycopg\_copy_async.py first seen with mtime 1738445506.9903355
File C:\Users\Maltin\AppData\Local\Programs\Python\Python313\Lib\asyncio\log.py first seen with mtime 1728289608.0
File C:\Users\Maltin\Desktop\portfolio_backend\venv\Lib\site-packages\django\contrib\auth\management\__init__.py first seen with mtime 1738445033.672454
File C:\Users\Maltin\Desktop\portfolio_backend\venv\Lib\site-packages\rest_framework\negotiation.py first seen with mtime 1738445065.3010232
File C:\Users\Maltin\Desktop\portfolio_backend\venv\Lib\site-packages\django\contrib\contenttypes\__init__.py first seen with mtime 1738445033.738453
File C:\Users\Maltin\AppData\Local\Programs\Python\Python313\DLLs\_decimal.pyd first seen with mtime 1728289646.0
File C:\Users\Maltin\Desktop\portfolio_backend\venv\Lib\site-packages\django\contrib\postgres\forms\ranges.py first seen with mtime 1738445038.6989398
File C:\Users\Maltin\Desktop\portfolio_backend\venv\Lib\site-packages\django\contrib\postgres\validators.py first seen with mtime 1738445038.648939
File C:\Users\Maltin\Desktop\portfolio_backend\venv\Lib\site-packages\django\contrib\auth\signals.py first seen with mtime 1738445032.6655982
File C:\Users\Maltin\Desktop\portfolio_backend\venv\Lib\site-packages\django\core\cache\backends\filebased.py first seen with mtime 1738445042.6704514
File C:\Users\Maltin\Desktop\portfolio_backend\venv\Lib\site-packages\django\template\loader.py first seen with mtime 1738445043.4534562
File C:\Users\Maltin\AppData\Local\Programs\Python\Python313\Lib\logging\config.py first seen with mtime 1728289608.0
File C:\Users\Maltin\Desktop\portfolio_backend\venv\Lib\site-packages\oauth2_provider\generators.py first seen with mtime 1738445241.7855022
File C:\Users\Maltin\AppData\Local\Programs\Python\Python313\Lib\json\__init__.py first seen with mtime 1728289608.0
File C:\Users\Maltin\Desktop\portfolio_backend\venv\Lib\site-packages\django\core\mail\__init__.py first seen with mtime 1738445042.7804527
File C:\Users\Maltin\Desktop\portfolio_backend\venv\Lib\site-packages\django\template\context.py first seen with mtime 1738445043.4394524
File C:\Users\Maltin\AppData\Local\Programs\Python\Python313\DLLs\_overlapped.pyd first seen with mtime 1728289646.0
File C:\Users\Maltin\Desktop\portfolio_backend\venv\Lib\site-packages\django\core\checks\security\base.py first seen with mtime 1738445042.7074518
File C:\Users\Maltin\Desktop\portfolio_backend\venv\Lib\site-packages\psycopg\_tpc.py first seen with mtime 1738445507.0063398
File C:\Users\Maltin\AppData\Local\Programs\Python\Python313\Lib\importlib\metadata\__init__.py first seen with mtime 1728289608.0
File C:\Users\Maltin\AppData\Local\Programs\Python\Python313\DLLs\unicodedata.pyd first seen with mtime 1728289646.0
File C:\Users\Maltin\Desktop\portfolio_backend\venv\Lib\site-packages\cryptography\x509\extensions.py first seen with mtime 1738445239.8195965
File C:\Users\Maltin\Desktop\portfolio_backend\venv\Lib\site-packages\django\contrib\postgres\fields\jsonb.py first seen with mtime 1738445038.6869402
File C:\Users\Maltin\Desktop\portfolio_backend\venv\Lib\site-packages\oauth2_provider\contrib\rest_framework\permissions.py first seen with mtime 1738445241.8065028
File C:\Users\Maltin\Desktop\portfolio_backend\venv\Lib\site-packages\cryptography\hazmat\__init__.py first seen with mtime 1738445239.8135972
File C:\Users\Maltin\Desktop\portfolio_backend\venv\Lib\site-packages\django\contrib\admin\templatetags\__init__.py first seen with mtime 1738445031.4732187
File C:\Users\Maltin\Desktop\portfolio_backend\venv\Lib\site-packages\django\urls\utils.py first seen with mtime 1738445043.6234522
File C:\Users\Maltin\Desktop\portfolio_backend\venv\Lib\site-packages\django\contrib\auth\forms.py first seen with mtime 1738445032.6552162
File C:\Users\Maltin\Desktop\portfolio_backend\venv\Lib\site-packages\psycopg\types\numpy.py first seen with mtime 1738445507.0963385
File C:\Users\Maltin\Desktop\portfolio_backend\venv\Lib\site-packages\rest_framework\schemas\openapi.py first seen with mtime 1738445065.4785864
File C:\Users\Maltin\AppData\Local\Programs\Python\Python313\Lib\asyncio\exceptions.py first seen with mtime 1728289608.0
File C:\Users\Maltin\Desktop\portfolio_backend\venv\Lib\site-packages\django\utils\termcolors.py first seen with mtime 1738445043.745456
File C:\Users\Maltin\AppData\Local\Programs\Python\Python313\Lib\contextvars.py first seen with mtime 1728289608.0
File C:\Users\Maltin\AppData\Local\Programs\Python\Python313\Lib\xml\etree\ElementTree.py first seen with mtime 1728289608.0
File C:\Users\Maltin\AppData\Local\Programs\Python\Python313\Lib\asyncio\runners.py first seen with mtime 1728289608.0
File C:\Users\Maltin\Desktop\portfolio_backend\venv\Lib\site-packages\django\db\models\sql\where.py first seen with mtime 1738445043.1634517
File C:\Users\Maltin\Desktop\portfolio_backend\venv\Lib\site-packages\django\template\library.py first seen with mtime 1738445043.4514537
File C:\Users\Maltin\Desktop\portfolio_backend\venv\Lib\site-packages\psycopg\copy.py first seen with mtime 1738445507.0183365
File C:\Users\Maltin\AppData\Local\Programs\Python\Python313\Lib\zoneinfo\__init__.py first seen with mtime 1728289608.0
File C:\Users\Maltin\AppData\Local\Programs\Python\Python313\Lib\_compression.py first seen with mtime 1728289608.0
File C:\Users\Maltin\Desktop\portfolio_backend\venv\Lib\site-packages\django\db\models\functions\text.py first seen with mtime 1738445043.146451
File C:\Users\Maltin\Desktop\portfolio_backend\venv\Lib\site-packages\rest_framework\request.py first seen with mtime 1738445065.3080215
File C:\Users\Maltin\AppData\Local\Programs\Python\Python313\Lib\asyncio\proactor_events.py first seen with mtime 1728289608.0
File C:\Users\Maltin\Desktop\portfolio_backend\venv\Lib\site-packages\cryptography\x509\__init__.py first seen with mtime 1738445239.8245966
File C:\Users\Maltin\Desktop\portfolio_backend\venv\Lib\site-packages\django\db\models\base.py first seen with mtime 1738445043.0834556
File C:\Users\Maltin\AppData\Local\Programs\Python\Python313\DLLs\_uuid.pyd first seen with mtime 1728289646.0
File C:\Users\Maltin\Desktop\portfolio_backend\venv\Lib\site-packages\django\core\servers\__init__.py first seen with mtime 1738445042.896453
File C:\Users\Maltin\Desktop\portfolio_backend\venv\Lib\site-packages\jwcrypto\jwk.py first seen with mtime 1738445241.3505385
File C:\Users\Maltin\Desktop\portfolio_backend\venv\Lib\site-packages\oauth2_provider\utils.py first seen with mtime 1738445241.8015049
File C:\Users\Maltin\Desktop\portfolio_backend\venv\Lib\site-packages\certifi\__init__.py first seen with mtime 1738445238.6090934
File C:\Users\Maltin\AppData\Local\Programs\Python\Python313\Lib\weakref.py first seen with mtime 1728289608.0
File C:\Users\Maltin\AppData\Local\Programs\Python\Python313\Lib\_weakrefset.py first seen with mtime 1728289608.0
File C:\Users\Maltin\Desktop\portfolio_backend\portfolio\portfolioapi\__init__.py first seen with mtime 1728498619.2745743
File C:\Users\Maltin\Desktop\portfolio_backend\venv\Lib\site-packages\django\core\files\locks.py first seen with mtime 1738445042.7454555
File C:\Users\Maltin\AppData\Local\Programs\Python\Python313\Lib\email\headerregistry.py first seen with mtime 1728289608.0
File C:\Users\Maltin\AppData\Local\Programs\Python\Python313\Lib\lzma.py first seen with mtime 1728289608.0
File C:\Users\Maltin\AppData\Local\Programs\Python\Python313\DLLs\_asyncio.pyd first seen with mtime 1728289646.0
File C:\Users\Maltin\Desktop\portfolio_backend\portfolio\users\apps.py first seen with mtime 1728498619.285745
File C:\Users\Maltin\Desktop\portfolio_backend\venv\Lib\site-packages\oauth2_provider\views\generic.py first seen with mtime 1738445241.853112
File C:\Users\Maltin\AppData\Local\Programs\Python\Python313\Lib\operator.py first seen with mtime 1728289608.0
File C:\Users\Maltin\Desktop\portfolio_backend\venv\Lib\site-packages\django\contrib\postgres\fields\utils.py first seen with mtime 1738445038.690941
File C:\Users\Maltin\Desktop\portfolio_backend\venv\Lib\site-packages\cryptography\hazmat\primitives\asymmetric\dsa.py first seen with mtime 1738445239.766463
File C:\Users\Maltin\Desktop\portfolio_backend\venv\Lib\site-packages\django\contrib\auth\admin.py first seen with mtime 1738445032.63638
File C:\Users\Maltin\Desktop\portfolio_backend\venv\Lib\site-packages\cryptography\hazmat\primitives\keywrap.py first seen with mtime 1738445239.7970428
File C:\Users\Maltin\Desktop\portfolio_backend\venv\Lib\site-packages\oauth2_provider\signals.py first seen with mtime 1738445241.798504
File C:\Users\Maltin\Desktop\portfolio_backend\venv\Lib\site-packages\psycopg\_connection_info.py first seen with mtime 1738445506.9853394
File C:\Users\Maltin\Desktop\portfolio_backend\venv\Lib\site-packages\rest_framework\utils\formatting.py first seen with mtime 1738445065.6529343
File C:\Users\Maltin\AppData\Local\Programs\Python\Python313\Lib\zoneinfo\_tzpath.py first seen with mtime 1728289608.0
File C:\Users\Maltin\Desktop\portfolio_backend\venv\Lib\site-packages\cryptography\hazmat\primitives\ciphers\__init__.py first seen with mtime 1738445239.7834623
File C:\Users\Maltin\AppData\Local\Programs\Python\Python313\Lib\collections\__init__.py first seen with mtime 1728289608.0
File C:\Users\Maltin\Desktop\portfolio_backend\venv\Lib\site-packages\cryptography\hazmat\primitives\__init__.py first seen with mtime 1738445239.811597
File C:\Users\Maltin\AppData\Local\Programs\Python\Python313\Lib\venv\__init__.py first seen with mtime 1728289608.0
File C:\Users\Maltin\Desktop\portfolio_backend\venv\Lib\site-packages\oauth2_provider\checks.py first seen with mtime 1738445241.7775033
File C:\Users\Maltin\Desktop\portfolio_backend\venv\Lib\site-packages\django\contrib\admin\views\main.py first seen with mtime 1738445031.5142221
File C:\Users\Maltin\Desktop\portfolio_backend\venv\Lib\site-packages\psycopg\types\enum.py first seen with mtime 1738445507.0573392
File C:\Users\Maltin\Desktop\portfolio_backend\venv\Lib\site-packages\django\contrib\admin\decorators.py first seen with mtime 1738445028.4373398
File C:\Users\Maltin\AppData\Local\Programs\Python\Python313\Lib\pathlib\_abc.py first seen with mtime 1728289608.0
File C:\Users\Maltin\Desktop\portfolio_backend\venv\Lib\site-packages\rest_framework\apps.py first seen with mtime 1738445065.2800238
File C:\Users\Maltin\Desktop\portfolio_backend\venv\Lib\site-packages\idna\package_data.py first seen with mtime 1738445237.702279
File C:\Users\Maltin\Desktop\portfolio_backend\venv\Lib\site-packages\django\db\models\fields\related_descriptors.py first seen with mtime 1738445043.1284542
File C:\Users\Maltin\Desktop\portfolio_backend\venv\Lib\site-packages\django\core\checks\compatibility\django_4_0.py first seen with mtime 1738445042.7034535
File C:\Users\Maltin\Desktop\portfolio_backend\venv\Lib\site-packages\django\utils\dateparse.py first seen with mtime 1738445043.643454
File C:\Users\Maltin\Desktop\portfolio_backend\venv\Lib\site-packages\asgiref\__init__.py first seen with mtime 1738445024.3739493
File C:\Users\Maltin\Desktop\portfolio_backend\venv\Lib\site-packages\oauth2_provider\oauth2_backends.py first seen with mtime 1738445241.7935047
File C:\Users\Maltin\Desktop\portfolio_backend\venv\Lib\site-packages\oauthlib\openid\connect\core\grant_types\__init__.py first seen with mtime 1738445236.8775787
File C:\Users\Maltin\AppData\Local\Programs\Python\Python313\Lib\email\_encoded_words.py first seen with mtime 1728289608.0
File C:\Users\Maltin\Desktop\portfolio_backend\venv\Lib\site-packages\django\contrib\contenttypes\checks.py first seen with mtime 1738445033.746454
File C:\Users\Maltin\Desktop\portfolio_backend\venv\Lib\site-packages\psycopg\_conninfo_attempts_async.py first seen with mtime 1738445506.9873378
File C:\Users\Maltin\Desktop\portfolio_backend\venv\Lib\site-packages\_cffi_backend.cp313-win_amd64.pyd first seen with mtime 1738445239.1734307
File C:\Users\Maltin\Desktop\portfolio_backend\venv\Lib\site-packages\django\core\management\commands\__init__.py first seen with mtime 1738445042.8234534
File C:\Users\Maltin\Desktop\portfolio_backend\venv\Lib\site-packages\django\template\response.py first seen with mtime 1738445043.458453
File C:\Users\Maltin\Desktop\portfolio_backend\venv\Lib\site-packages\rest_framework\authentication.py first seen with mtime 1738445065.2810247
File C:\Users\Maltin\AppData\Local\Programs\Python\Python313\Lib\email\base64mime.py first seen with mtime 1728289608.0
File C:\Users\Maltin\Desktop\portfolio_backend\venv\Lib\site-packages\rest_framework\authtoken\apps.py first seen with mtime 1738445065.3310246
File C:\Users\Maltin\Desktop\portfolio_backend\venv\Lib\site-packages\django\utils\dates.py first seen with mtime 1738445043.645451
File C:\Users\Maltin\Desktop\portfolio_backend\venv\Lib\site-packages\django\utils\translation\trans_real.py first seen with mtime 1738445043.8034515
File C:\Users\Maltin\Desktop\portfolio_backend\venv\Lib\site-packages\django\contrib\auth\apps.py first seen with mtime 1738445032.6393764
File C:\Users\Maltin\Desktop\portfolio_backend\venv\Lib\site-packages\django\contrib\contenttypes\apps.py first seen with mtime 1738445033.7434535
File C:\Users\Maltin\Desktop\portfolio_backend\venv\Lib\site-packages\oauth2_provider\views\__init__.py first seen with mtime 1738445241.8501105
File C:\Users\Maltin\Desktop\portfolio_backend\venv\Lib\site-packages\django\template\backends\__init__.py first seen with mtime 1738445043.489465
File C:\Users\Maltin\Desktop\portfolio_backend\venv\Lib\site-packages\django\db\migrations\exceptions.py first seen with mtime 1738445043.038457
File C:\Users\Maltin\Desktop\portfolio_backend\venv\Lib\site-packages\django\views\decorators\__init__.py first seen with mtime 1738445043.8164525
File C:\Users\Maltin\Desktop\portfolio_backend\portfolio\portfolioapi\settings.py first seen with mtime 1738491601.5608308
File C:\Users\Maltin\Desktop\portfolio_backend\venv\Lib\site-packages\django\utils\deprecation.py first seen with mtime 1738445043.7154539
File C:\Users\Maltin\Desktop\portfolio_backend\venv\Lib\site-packages\rest_framework\generics.py first seen with mtime 1738445065.2950284
File C:\Users\Maltin\Desktop\portfolio_backend\venv\Lib\site-packages\cryptography\hazmat\primitives\_asymmetric.py first seen with mtime 1738445239.8080845
File C:\Users\Maltin\Desktop\portfolio_backend\venv\Lib\site-packages\django\core\checks\urls.py first seen with mtime 1738445042.700454
File C:\Users\Maltin\Desktop\portfolio_backend\venv\Lib\site-packages\django\utils\version.py first seen with mtime 1738445043.7874615
File C:\Users\Maltin\Desktop\portfolio_backend\venv\Lib\site-packages\psycopg\__init__.py first seen with mtime 1738445506.9753358
File C:\Users\Maltin\Desktop\portfolio_backend\venv\Lib\site-packages\django\utils\timesince.py first seen with mtime 1738445043.7614622
File C:\Users\Maltin\AppData\Local\Programs\Python\Python313\Lib\quopri.py first seen with mtime 1728289608.0
File C:\Users\Maltin\AppData\Local\Programs\Python\Python313\Lib\importlib\resources\abc.py first seen with mtime 1728289608.0
File C:\Users\Maltin\Desktop\portfolio_backend\venv\Lib\site-packages\urllib3\poolmanager.py first seen with mtime 1738445235.4133697
File C:\Users\Maltin\Desktop\portfolio_backend\venv\Lib\site-packages\oauthlib\oauth2\rfc6749\endpoints\resource.py first seen with mtime 1738445236.8335822
File C:\Users\Maltin\Desktop\portfolio_backend\venv\Lib\site-packages\cryptography\hazmat\primitives\asymmetric\padding.py first seen with mtime 1738445239.772463
File C:\Users\Maltin\Desktop\portfolio_backend\venv\Lib\site-packages\django\utils\cache.py first seen with mtime 1738445043.634454
File C:\Users\Maltin\Desktop\portfolio_backend\venv\Lib\site-packages\charset_normalizer\cd.py first seen with mtime 1738445238.0134182
File C:\Users\Maltin\AppData\Local\Programs\Python\Python313\Lib\email\mime\base.py first seen with mtime 1728289608.0
File C:\Users\Maltin\AppData\Local\Programs\Python\Python313\Lib\asyncio\streams.py first seen with mtime 1728289608.0
File C:\Users\Maltin\Desktop\portfolio_backend\venv\Lib\site-packages\social_django\views.py first seen with mtime 1738445321.4161682
File C:\Users\Maltin\Desktop\portfolio_backend\venv\Lib\site-packages\oauthlib\openid\connect\core\grant_types\refresh_token.py first seen with mtime 1738445236.883567
File C:\Users\Maltin\AppData\Local\Programs\Python\Python313\Lib\gettext.py first seen with mtime 1728289608.0
File C:\Users\Maltin\AppData\Local\Programs\Python\Python313\Lib\importlib\metadata\_meta.py first seen with mtime 1728289608.0
File C:\Users\Maltin\Desktop\portfolio_backend\venv\Lib\site-packages\django\contrib\admin\views\autocomplete.py first seen with mtime 1738445031.5092204
File C:\Users\Maltin\Desktop\portfolio_backend\venv\Lib\site-packages\django\apps\registry.py first seen with mtime 1738445024.8545802
File C:\Users\Maltin\Desktop\portfolio_backend\venv\Lib\site-packages\django\core\files\storage\__init__.py first seen with mtime 1738445042.7584548
File C:\Users\Maltin\Desktop\portfolio_backend\venv\Lib\site-packages\rest_framework\__init__.py first seen with mtime 1738445065.279023
File C:\Users\Maltin\Desktop\portfolio_backend\venv\Lib\site-packages\django\contrib\admin\exceptions.py first seen with mtime 1738445028.4403396
File C:\Users\Maltin\Desktop\portfolio_backend\venv\Lib\site-packages\cryptography\hazmat\primitives\hashes.py first seen with mtime 1738445239.7864647
File C:\Users\Maltin\Desktop\portfolio_backend\venv\Lib\site-packages\django\db\transaction.py first seen with mtime 1738445042.9104517
File C:\Users\Maltin\Desktop\portfolio_backend\venv\Lib\site-packages\urllib3\util\connection.py first seen with mtime 1738445235.4343705
File C:\Users\Maltin\Desktop\portfolio_backend\venv\Lib\site-packages\psycopg\_preparing.py first seen with mtime 1738445507.0023372
File C:\Users\Maltin\Desktop\portfolio_backend\venv\Lib\site-packages\openid\message.py first seen with mtime 1738445316.99262
File C:\Users\Maltin\AppData\Local\Programs\Python\Python313\Lib\zipfile\__init__.py first seen with mtime 1728289608.0
File C:\Users\Maltin\Desktop\portfolio_backend\venv\Lib\site-packages\django\contrib\__init__.py first seen with mtime 1738445028.4283402
File C:\Users\Maltin\AppData\Local\Programs\Python\Python313\Lib\graphlib.py first seen with mtime 1728289608.0
File C:\Users\Maltin\Desktop\portfolio_backend\venv\Lib\site-packages\cryptography\hazmat\decrepit\__init__.py first seen with mtime 1738445239.7634635
File C:\Users\Maltin\Desktop\portfolio_backend\venv\Lib\site-packages\django\contrib\admindocs\views.py first seen with mtime 1738445031.5340717
File C:\Users\Maltin\Desktop\portfolio_backend\venv\Lib\site-packages\oauthlib\oauth2\rfc6749\endpoints\revocation.py first seen with mtime 1738445236.8355656
File C:\Users\Maltin\Desktop\portfolio_backend\venv\Lib\site-packages\psycopg\conninfo.py first seen with mtime 1738445507.017341
File C:\Users\Maltin\Desktop\portfolio_backend\venv\Lib\site-packages\django\urls\base.py first seen with mtime 1738445043.615456
File C:\Users\Maltin\Desktop\portfolio_backend\venv\Lib\site-packages\django\utils\datastructures.py first seen with mtime 1738445043.640451
File C:\Users\Maltin\Desktop\portfolio_backend\venv\Lib\site-packages\drf_social_oauth2\views.py first seen with mtime 1738445414.3012629
File C:\Users\Maltin\Desktop\portfolio_backend\venv\Lib\site-packages\psycopg\_wrappers.py first seen with mtime 1738445507.0113375
File C:\Users\Maltin\AppData\Local\Programs\Python\Python313\Lib\asyncio\events.py first seen with mtime 1728289608.0
File C:\Users\Maltin\AppData\Local\Programs\Python\Python313\DLLs\_socket.pyd first seen with mtime 1728289646.0
File C:\Users\Maltin\AppData\Local\Programs\Python\Python313\Lib\urllib\parse.py first seen with mtime 1728289608.0
File C:\Users\Maltin\AppData\Local\Programs\Python\Python313\Lib\zipfile\_path\glob.py first seen with mtime 1728289608.0
File C:\Users\Maltin\Desktop\portfolio_backend\venv\Lib\site-packages\django\db\backends\postgresql\creation.py first seen with mtime 1738445043.003451
File C:\Users\Maltin\Desktop\portfolio_backend\venv\Lib\site-packages\oauth2_provider\oauth2_validators.py first seen with mtime 1738445241.7945077
File C:\Users\Maltin\AppData\Local\Programs\Python\Python313\Lib\email\quoprimime.py first seen with mtime 1728289608.0
File C:\Users\Maltin\Desktop\portfolio_backend\venv\Lib\site-packages\django\template\engine.py first seen with mtime 1738445043.4464526
File C:\Users\Maltin\Desktop\portfolio_backend\venv\Lib\site-packages\psycopg\types\__init__.py first seen with mtime 1738445507.0473373
File C:\Users\Maltin\Desktop\portfolio_backend\venv\Lib\site-packages\urllib3\util\request.py first seen with mtime 1738445235.4363732
File C:\Users\Maltin\Desktop\portfolio_backend\venv\Lib\site-packages\rest_framework\views.py first seen with mtime 1738445065.3250277
File C:\Users\Maltin\Desktop\portfolio_backend\venv\Lib\site-packages\django\utils\html.py first seen with mtime 1738445043.7264533
File C:\Users\Maltin\Desktop\portfolio_backend\portfolio\portfolioapp\views.py first seen with mtime 1738367546.09948
File C:\Users\Maltin\Desktop\portfolio_backend\venv\Lib\site-packages\django\core\cache\backends\__init__.py first seen with mtime 1738445042.6584551
File C:\Users\Maltin\Desktop\portfolio_backend\venv\Lib\site-packages\corsheaders\conf.py first seen with mtime 1738445147.266832
File C:\Users\Maltin\Desktop\portfolio_backend\venv\Lib\site-packages\oauth2_provider\models.py first seen with mtime 1738445241.7905047
File C:\Users\Maltin\Desktop\portfolio_backend\venv\Lib\site-packages\drf_social_oauth2\authentication.py first seen with mtime 1738445414.2912614
File C:\Users\Maltin\Desktop\portfolio_backend\venv\Lib\site-packages\oauthlib\oauth2\rfc6749\clients\legacy_application.py first seen with mtime 1738445236.8135655
File C:\Users\Maltin\Desktop\portfolio_backend\venv\Lib\site-packages\oauthlib\oauth2\rfc6749\grant_types\client_credentials.py first seen with mtime 1738445236.8435671
File C:\Users\Maltin\Desktop\portfolio_backend\venv\Lib\site-packages\django\contrib\staticfiles\management\__init__.py first seen with mtime 1738445042.6204517
File C:\Users\Maltin\Desktop\portfolio_backend\venv\Lib\site-packages\django\core\checks\messages.py first seen with mtime 1738445042.6914537
File C:\Users\Maltin\Desktop\portfolio_backend\venv\Lib\site-packages\django\contrib\admin\templatetags\base.py first seen with mtime 1738445031.4882178
File C:\Users\Maltin\AppData\Local\Programs\Python\Python313\Lib\shutil.py first seen with mtime 1728289608.0
File C:\Users\Maltin\Desktop\portfolio_backend\venv\Lib\site-packages\charset_normalizer\utils.py first seen with mtime 1738445238.021418
File C:\Users\Maltin\Desktop\portfolio_backend\venv\Lib\site-packages\django\contrib\auth\validators.py first seen with mtime 1738445032.6725962
File C:\Users\Maltin\Desktop\portfolio_backend\venv\Lib\site-packages\django\middleware\__init__.py first seen with mtime 1738445043.3894513
File C:\Users\Maltin\Desktop\portfolio_backend\venv\Lib\site-packages\charset_normalizer\api.py first seen with mtime 1738445238.011418
File C:\Users\Maltin\Desktop\portfolio_backend\venv\Lib\site-packages\django\contrib\contenttypes\views.py first seen with mtime 1738445033.7664547
File C:\Users\Maltin\AppData\Local\Programs\Python\Python313\Lib\re\_compiler.py first seen with mtime 1728289608.0
File C:\Users\Maltin\Desktop\portfolio_backend\venv\Lib\site-packages\rest_framework\response.py first seen with mtime 1738445065.3100245
File C:\Users\Maltin\Desktop\portfolio_backend\venv\Lib\site-packages\django\core\handlers\base.py first seen with mtime 1738445042.7744539
File C:\Users\Maltin\AppData\Local\Programs\Python\Python313\Lib\importlib\__init__.py first seen with mtime 1728289608.0
File C:\Users\Maltin\AppData\Local\Programs\Python\Python313\Lib\email\utils.py first seen with mtime 1728289608.0
File C:\Users\Maltin\Desktop\portfolio_backend\venv\Lib\site-packages\psycopg\types\numeric.py first seen with mtime 1738445507.0953407
File C:\Users\Maltin\Desktop\portfolio_backend\venv\Lib\site-packages\django\core\files\__init__.py first seen with mtime 1738445042.7384658
File C:\Users\Maltin\Desktop\portfolio_backend\venv\Lib\site-packages\social_core\store.py first seen with mtime 1738445317.791108
File C:\Users\Maltin\AppData\Local\Programs\Python\Python313\Lib\traceback.py first seen with mtime 1728289608.0
File C:\Users\Maltin\Desktop\portfolio_backend\venv\Lib\site-packages\charset_normalizer\__init__.py first seen with mtime 1738445238.0084178
File C:\Users\Maltin\Desktop\portfolio_backend\venv\Lib\site-packages\django\db\backends\base\creation.py first seen with mtime 1738445042.929453
File C:\Users\Maltin\Desktop\portfolio_backend\venv\Lib\site-packages\psycopg\types\array.py first seen with mtime 1738445507.048339
File C:\Users\Maltin\AppData\Local\Programs\Python\Python313\Lib\email\errors.py first seen with mtime 1728289608.0
File C:\Users\Maltin\Desktop\portfolio_backend\venv\Lib\site-packages\django\contrib\admin\templatetags\log.py first seen with mtime 1738445031.5052185
File C:\Users\Maltin\Desktop\portfolio_backend\venv\Lib\site-packages\requests\exceptions.py first seen with mtime 1738445238.7244003
File C:\Users\Maltin\Desktop\portfolio_backend\venv\Lib\site-packages\django\utils\hashable.py first seen with mtime 1738445043.7254536
File C:\Users\Maltin\Desktop\portfolio_backend\venv\Lib\site-packages\cryptography\hazmat\primitives\asymmetric\__init__.py first seen with mtime 1738445239.7794623
File C:\Users\Maltin\Desktop\portfolio_backend\venv\Lib\site-packages\rest_framework\relations.py first seen with mtime 1738445065.3060365
File C:\Users\Maltin\Desktop\portfolio_backend\venv\Lib\site-packages\sqlparse\filters\right_margin.py first seen with mtime 1738445023.4545596
File C:\Users\Maltin\Desktop\portfolio_backend\venv\Lib\site-packages\django\db\models\query_utils.py first seen with mtime 1738445043.108451
File C:\Users\Maltin\Desktop\portfolio_backend\venv\Lib\site-packages\django\db\backends\postgresql\introspection.py first seen with mtime 1738445043.0064542
File C:\Users\Maltin\Desktop\portfolio_backend\venv\Lib\site-packages\psycopg\pq\_pq_ctypes.py first seen with mtime 1738445507.042337
File C:\Users\Maltin\Desktop\portfolio_backend\venv\Lib\site-packages\django\core\handlers\asgi.py first seen with mtime 1738445042.7724547
File C:\Users\Maltin\Desktop\portfolio_backend\venv\Lib\site-packages\requests\structures.py first seen with mtime 1738445238.7357147
File C:\Users\Maltin\AppData\Local\Programs\Python\Python313\Lib\heapq.py first seen with mtime 1728289608.0
File C:\Users\Maltin\AppData\Local\Programs\Python\Python313\Lib\importlib\readers.py first seen with mtime 1728289608.0
File C:\Users\Maltin\Desktop\portfolio_backend\venv\Lib\site-packages\django\templatetags\static.py first seen with mtime 1738445043.524454
File C:\Users\Maltin\Desktop\portfolio_backend\venv\Lib\site-packages\jwcrypto\jws.py first seen with mtime 1738445241.351538
File C:\Users\Maltin\Desktop\portfolio_backend\venv\Lib\site-packages\sqlparse\tokens.py first seen with mtime 1738445023.4345572
File C:\Users\Maltin\AppData\Local\Programs\Python\Python313\Lib\asyncio\constants.py first seen with mtime 1728289608.0
File C:\Users\Maltin\Desktop\portfolio_backend\venv\Lib\site-packages\django\contrib\staticfiles\handlers.py first seen with mtime 1738445042.607452
File C:\Users\Maltin\Desktop\portfolio_backend\venv\Lib\site-packages\rest_framework\utils\representation.py first seen with mtime 1738445065.6609342
File C:\Users\Maltin\Desktop\portfolio_backend\venv\Lib\site-packages\django\views\generic\dates.py first seen with mtime 1738445043.8434546
File C:\Users\Maltin\Desktop\portfolio_backend\venv\Lib\site-packages\django\db\models\signals.py first seen with mtime 1738445043.1094518
File C:\Users\Maltin\Desktop\portfolio_backend\venv\Lib\site-packages\oauthlib\oauth2\rfc6749\endpoints\authorization.py first seen with mtime 1738445236.82157
File C:\Users\Maltin\Desktop\portfolio_backend\venv\Lib\site-packages\urllib3\util\ssl_match_hostname.py first seen with mtime 1738445235.440374
File C:\Users\Maltin\Desktop\portfolio_backend\venv\Lib\site-packages\sqlparse\filters\tokens.py first seen with mtime 1738445023.4565558
File C:\Users\Maltin\Desktop\portfolio_backend\venv\Lib\site-packages\django\db\models\sql\subqueries.py first seen with mtime 1738445043.1614504
File C:\Users\Maltin\Desktop\portfolio_backend\venv\Lib\site-packages\django\core\checks\files.py first seen with mtime 1738445042.6884518
File C:\Users\Maltin\Desktop\portfolio_backend\venv\Lib\site-packages\django\utils\autoreload.py first seen with mtime 1738445043.6324568
File C:\Users\Maltin\Desktop\portfolio_backend\venv\Lib\site-packages\django\utils\duration.py first seen with mtime 1738445043.7174528
File C:\Users\Maltin\Desktop\portfolio_backend\venv\Lib\site-packages\django\utils\ipv6.py first seen with mtime 1738445043.7314515
File C:\Users\Maltin\Desktop\portfolio_backend\venv\Lib\site-packages\django\db\migrations\__init__.py first seen with mtime 1738445043.0344524
File C:\Users\Maltin\Desktop\portfolio_backend\venv\Lib\site-packages\django\utils\regex_helper.py first seen with mtime 1738445043.7424648
File C:\Users\Maltin\Desktop\portfolio_backend\venv\Lib\site-packages\django\contrib\admin\views\__init__.py first seen with mtime 1738445031.5072196
File C:\Users\Maltin\Desktop\portfolio_backend\venv\Lib\site-packages\django\utils\timezone.py first seen with mtime 1738445043.7844567
File C:\Users\Maltin\Desktop\portfolio_backend\venv\Lib\site-packages\django\http\response.py first seen with mtime 1738445043.3864565
File C:\Users\Maltin\Desktop\portfolio_backend\venv\Lib\site-packages\oauthlib\oauth2\rfc6749\clients\web_application.py first seen with mtime 1738445236.8185694
File C:\Users\Maltin\Desktop\portfolio_backend\venv\Lib\site-packages\oauthlib\openid\__init__.py first seen with mtime 1738445236.867566
File C:\Users\Maltin\Desktop\portfolio_backend\venv\Lib\site-packages\psycopg\_enums.py first seen with mtime 1738445506.9983382
File C:\Users\Maltin\Desktop\portfolio_backend\venv\Lib\site-packages\psycopg\_cmodule.py first seen with mtime 1738445506.981338
File C:\Users\Maltin\Desktop\portfolio_backend\venv\Lib\site-packages\rest_framework\metadata.py first seen with mtime 1738445065.297024
File C:\Users\Maltin\Desktop\portfolio_backend\venv\Lib\site-packages\psycopg\types\json.py first seen with mtime 1738445507.05934
File C:\Users\Maltin\Desktop\portfolio_backend\venv\Lib\site-packages\django\contrib\auth\mixins.py first seen with mtime 1738445032.6602159
File C:\Users\Maltin\Desktop\portfolio_backend\venv\Lib\site-packages\django\db\migrations\utils.py first seen with mtime 1738445043.063453
File C:\Users\Maltin\Desktop\portfolio_backend\portfolio\portfolioapp\serializers.py first seen with mtime 1738367450.4363315
File C:\Users\Maltin\Desktop\portfolio_backend\venv\Lib\site-packages\django\urls\exceptions.py first seen with mtime 1738445043.620454
File C:\Users\Maltin\Desktop\portfolio_backend\venv\Lib\site-packages\django\contrib\auth\backends.py first seen with mtime 1738445032.6413777
File C:\Users\Maltin\AppData\Local\Programs\Python\Python313\Lib\email\_parseaddr.py first seen with mtime 1728289608.0
File C:\Users\Maltin\Desktop\portfolio_backend\venv\Lib\site-packages\django\template\utils.py first seen with mtime 1738445043.4844723
File C:\Users\Maltin\Desktop\portfolio_backend\venv\Lib\site-packages\rest_framework\validators.py first seen with mtime 1738445065.323022
File C:\Users\Maltin\Desktop\portfolio_backend\venv\Lib\site-packages\django\db\models\enums.py first seen with mtime 1738445043.0924554
File C:\Users\Maltin\Desktop\portfolio_backend\venv\Lib\site-packages\cryptography\hazmat\primitives\asymmetric\ed448.py first seen with mtime 1738445239.771465
File C:\Users\Maltin\Desktop\portfolio_backend\venv\Lib\site-packages\psycopg\_copy_base.py first seen with mtime 1738445506.9913354
File C:\Users\Maltin\AppData\Local\Programs\Python\Python313\Lib\threading.py first seen with mtime 1728289608.0
File C:\Users\Maltin\Desktop\portfolio_backend\venv\Lib\site-packages\cryptography\utils.py first seen with mtime 1738445239.8145986
File C:\Users\Maltin\Desktop\portfolio_backend\venv\Lib\site-packages\psycopg\_struct.py first seen with mtime 1738445507.005338
File C:\Users\Maltin\Desktop\portfolio_backend\venv\Lib\site-packages\urllib3\response.py first seen with mtime 1738445235.4153774
File C:\Users\Maltin\AppData\Local\Programs\Python\Python313\Lib\urllib\response.py first seen with mtime 1728289608.0
File C:\Users\Maltin\AppData\Local\Programs\Python\Python313\Lib\enum.py first seen with mtime 1728289608.0
File C:\Users\Maltin\Desktop\portfolio_backend\venv\Lib\site-packages\oauthlib\oauth2\rfc6749\clients\base.py first seen with mtime 1738445236.811565
File C:\Users\Maltin\Desktop\portfolio_backend\venv\Lib\site-packages\rest_framework\settings.py first seen with mtime 1738445065.3160233
File C:\Users\Maltin\Desktop\portfolio_backend\venv\Lib\site-packages\django\contrib\messages\storage\__init__.py first seen with mtime 1738445038.615942
File C:\Users\Maltin\Desktop\portfolio_backend\venv\Lib\site-packages\rest_framework\utils\breadcrumbs.py first seen with mtime 1738445065.6489377
File C:\Users\Maltin\Desktop\portfolio_backend\venv\Lib\site-packages\django\contrib\sessions\base_session.py first seen with mtime 1738445040.0529578
File C:\Users\Maltin\Desktop\portfolio_backend\venv\Lib\site-packages\oauthlib\oauth2\rfc6749\errors.py first seen with mtime 1738445236.8025703
File C:\Users\Maltin\Desktop\portfolio_backend\venv\Lib\site-packages\requests\compat.py first seen with mtime 1738445238.7220948
File C:\Users\Maltin\Desktop\portfolio_backend\venv\Lib\site-packages\charset_normalizer\constant.py first seen with mtime 1738445238.0134182
File C:\Users\Maltin\Desktop\portfolio_backend\venv\Lib\site-packages\django\contrib\messages\apps.py first seen with mtime 1738445038.602941
File C:\Users\Maltin\Desktop\portfolio_backend\venv\Lib\site-packages\django\forms\boundfield.py first seen with mtime 1738445043.174454
File C:\Users\Maltin\AppData\Local\Programs\Python\Python313\Lib\ipaddress.py first seen with mtime 1728289608.0
File C:\Users\Maltin\Desktop\portfolio_backend\venv\Lib\site-packages\psycopg\types\uuid.py first seen with mtime 1738445507.0993397
File C:\Users\Maltin\Desktop\portfolio_backend\venv\Lib\site-packages\psycopg\_typeinfo.py first seen with mtime 1738445507.0073366
File C:\Users\Maltin\Desktop\portfolio_backend\venv\Lib\site-packages\rest_framework\status.py first seen with mtime 1738445065.317025
File C:\Users\Maltin\Desktop\portfolio_backend\venv\Lib\site-packages\rest_framework\utils\humanize_datetime.py first seen with mtime 1738445065.6549351
File C:\Users\Maltin\Desktop\portfolio_backend\venv\Lib\site-packages\django\db\models\functions\datetime.py first seen with mtime 1738445043.1374538
File C:\Users\Maltin\AppData\Local\Programs\Python\Python313\Lib\email\header.py first seen with mtime 1728289608.0
File C:\Users\Maltin\Desktop\portfolio_backend\venv\Lib\site-packages\corsheaders\middleware.py first seen with mtime 1738445147.2688308
File C:\Users\Maltin\AppData\Local\Programs\Python\Python313\Lib\html\entities.py first seen with mtime 1728289608.0
File C:\Users\Maltin\Desktop\portfolio_backend\venv\Lib\site-packages\django\core\__init__.py first seen with mtime 1738445042.6374552
File C:\Users\Maltin\Desktop\portfolio_backend\venv\Lib\site-packages\rest_framework\checks.py first seen with mtime 1738445065.282025
File C:\Users\Maltin\Desktop\portfolio_backend\venv\Lib\site-packages\corsheaders\checks.py first seen with mtime 1738445147.2658324
File C:\Users\Maltin\Desktop\portfolio_backend\venv\Lib\site-packages\django\core\files\storage\mixins.py first seen with mtime 1738445042.768458
File C:\Users\Maltin\AppData\Local\Programs\Python\Python313\Lib\pkgutil.py first seen with mtime 1728289608.0
File C:\Users\Maltin\Desktop\portfolio_backend\venv\Lib\site-packages\django\contrib\auth\decorators.py first seen with mtime 1738445032.6522138
File C:\Users\Maltin\AppData\Local\Programs\Python\Python313\Lib\email\iterators.py first seen with mtime 1728289608.0
File C:\Users\Maltin\Desktop\portfolio_backend\venv\Lib\site-packages\django\contrib\admin\__init__.py first seen with mtime 1738445028.4313412
File C:\Users\Maltin\Desktop\portfolio_backend\venv\Lib\site-packages\social_django\admin.py first seen with mtime 1738445321.3951821
File C:\Users\Maltin\Desktop\portfolio_backend\venv\Lib\site-packages\django\utils\connection.py first seen with mtime 1738445043.6374547
File C:\Users\Maltin\AppData\Local\Programs\Python\Python313\Lib\urllib\request.py first seen with mtime 1728289608.0
File C:\Users\Maltin\Desktop\portfolio_backend\venv\Lib\site-packages\django\db\models\utils.py first seen with mtime 1738445043.1114545
File C:\Users\Maltin\Desktop\portfolio_backend\venv\Lib\site-packages\django\core\files\move.py first seen with mtime 1738445042.7464557
File C:\Users\Maltin\Desktop\portfolio_backend\venv\Lib\site-packages\django\contrib\postgres\fields\citext.py first seen with mtime 1738445038.68094
File C:\Users\Maltin\Desktop\portfolio_backend\venv\Lib\site-packages\django\views\defaults.py first seen with mtime 1738445043.8104541
File C:\Users\Maltin\Desktop\portfolio_backend\venv\Lib\site-packages\oauthlib\oauth2\rfc8628\clients\device.py first seen with mtime 1738445236.861569
File C:\Users\Maltin\Desktop\portfolio_backend\venv\Lib\site-packages\psycopg\pq\__init__.py first seen with mtime 1738445507.0383372
File C:\Users\Maltin\Desktop\portfolio_backend\venv\Lib\site-packages\django\core\checks\security\sessions.py first seen with mtime 1738445042.736456
File C:\Users\Maltin\Desktop\portfolio_backend\venv\Lib\site-packages\drf_social_oauth2\__init__.py first seen with mtime 1738445414.2912614
File C:\Users\Maltin\Desktop\portfolio_backend\venv\Lib\site-packages\django\contrib\sessions\backends\base.py first seen with mtime 1738445040.0619533
File C:\Users\Maltin\Desktop\portfolio_backend\venv\Lib\site-packages\django\core\checks\async_checks.py first seen with mtime 1738445042.6834536
File C:\Users\Maltin\Desktop\portfolio_backend\venv\Lib\site-packages\oauthlib\oauth2\rfc6749\endpoints\__init__.py first seen with mtime 1738445236.8205645
File C:\Users\Maltin\Desktop\portfolio_backend\venv\Lib\site-packages\drf_social_oauth2\oauth2_grants.py first seen with mtime 1738445414.297265
File C:\Users\Maltin\AppData\Local\Programs\Python\Python313\Lib\locale.py first seen with mtime 1728289608.0
File C:\Users\Maltin\Desktop\portfolio_backend\venv\Lib\site-packages\urllib3\util\proxy.py first seen with mtime 1738445235.4353716
File C:\Users\Maltin\Desktop\portfolio_backend\venv\Lib\site-packages\rest_framework\authtoken\__init__.py first seen with mtime 1738445065.3280241
File C:\Users\Maltin\Desktop\portfolio_backend\venv\Lib\site-packages\django\utils\lorem_ipsum.py first seen with mtime 1738445043.7374525
File C:\Users\Maltin\Desktop\portfolio_backend\venv\Lib\site-packages\cryptography\x509\base.py first seen with mtime 1738445239.816602
File C:\Users\Maltin\Desktop\portfolio_backend\venv\Lib\site-packages\cryptography\hazmat\primitives\asymmetric\utils.py first seen with mtime 1738445239.7754662
File C:\Users\Maltin\Desktop\portfolio_backend\venv\Lib\site-packages\django\dispatch\__init__.py first seen with mtime 1738445043.165457
File C:\Users\Maltin\Desktop\portfolio_backend\venv\Lib\site-packages\django\db\backends\postgresql\client.py first seen with mtime 1738445043.001451
File C:\Users\Maltin\Desktop\portfolio_backend\venv\Lib\site-packages\django\forms\formsets.py first seen with mtime 1738445043.1804535
File C:\Users\Maltin\Desktop\portfolio_backend\venv\Lib\site-packages\psycopg\server_cursor.py first seen with mtime 1738445507.0283368
File C:\Users\Maltin\Desktop\portfolio_backend\venv\Lib\site-packages\PIL\__init__.py first seen with mtime 1738445562.219098
File C:\Users\Maltin\AppData\Local\Programs\Python\Python313\Lib\ssl.py first seen with mtime 1728289608.0
File C:\Users\Maltin\Desktop\portfolio_backend\venv\Lib\site-packages\django\utils\_os.py first seen with mtime 1738445043.6274524
File C:\Users\Maltin\Desktop\portfolio_backend\venv\Lib\site-packages\rest_framework\utils\urls.py first seen with mtime 1738445065.663936
File C:\Users\Maltin\Desktop\portfolio_backend\venv\Lib\site-packages\django\utils\crypto.py first seen with mtime 1738445043.6394696
File C:\Users\Maltin\Desktop\portfolio_backend\venv\Lib\site-packages\sqlparse\filters\others.py first seen with mtime 1738445023.4455583
File C:\Users\Maltin\Desktop\portfolio_backend\venv\Lib\site-packages\django\db\backends\postgresql\base.py first seen with mtime 1738445042.9994528
File C:\Users\Maltin\Desktop\portfolio_backend\venv\Lib\site-packages\django\core\exceptions.py first seen with mtime 1738445042.6414545
File C:\Users\Maltin\Desktop\portfolio_backend\venv\Lib\site-packages\psycopg\_capabilities.py first seen with mtime 1738445506.979339
File C:\Users\Maltin\Desktop\portfolio_backend\venv\Lib\site-packages\sqlparse\sql.py first seen with mtime 1738445023.432556
File C:\Users\Maltin\Desktop\portfolio_backend\venv\Lib\site-packages\rest_framework\permissions.py first seen with mtime 1738445065.304023
File C:\Users\Maltin\Desktop\portfolio_backend\venv\Lib\site-packages\django\contrib\auth\views.py first seen with mtime 1738445032.6762545
File C:\Users\Maltin\AppData\Local\Programs\Python\Python313\Lib\email\mime\message.py first seen with mtime 1728289608.0
File C:\Users\Maltin\AppData\Local\Programs\Python\Python313\Lib\ctypes\wintypes.py first seen with mtime 1728289608.0
File C:\Users\Maltin\AppData\Local\Programs\Python\Python313\Lib\email\__init__.py first seen with mtime 1728289608.0
File C:\Users\Maltin\Desktop\portfolio_backend\venv\Lib\site-packages\rest_framework\compat.py first seen with mtime 1738445065.2840269
File C:\Users\Maltin\Desktop\portfolio_backend\venv\Lib\site-packages\urllib3\_collections.py first seen with mtime 1738445235.4028533
File C:\Users\Maltin\AppData\Local\Programs\Python\Python313\Lib\re\__init__.py first seen with mtime 1728289608.0
File C:\Users\Maltin\AppData\Local\Programs\Python\Python313\Lib\email\mime\text.py first seen with mtime 1728289608.0
File C:\Users\Maltin\Desktop\portfolio_backend\venv\Lib\site-packages\requests\models.py first seen with mtime 1738445238.729164
File C:\Users\Maltin\AppData\Local\Programs\Python\Python313\Lib\asyncio\mixins.py first seen with mtime 1728289608.0
File C:\Users\Maltin\Desktop\portfolio_backend\venv\Lib\site-packages\cryptography\hazmat\_oid.py first seen with mtime 1738445239.812599
File C:\Users\Maltin\Desktop\portfolio_backend\venv\Lib\site-packages\django\db\models\indexes.py first seen with mtime 1738445043.0964684
File C:\Users\Maltin\Desktop\portfolio_backend\venv\Lib\site-packages\django\db\__init__.py first seen with mtime 1738445042.908474
File C:\Users\Maltin\Desktop\portfolio_backend\venv\Lib\site-packages\oauthlib\openid\connect\core\grant_types\authorization_code.py first seen with mtime 1738445236.8785663
File C:\Users\Maltin\Desktop\portfolio_backend\venv\Lib\site-packages\sqlparse\engine\statement_splitter.py first seen with mtime 1738445023.4415565
File C:\Users\Maltin\Desktop\portfolio_backend\venv\Lib\site-packages\rest_framework\urls.py first seen with mtime 1738445065.3210232
File C:\Users\Maltin\AppData\Local\Programs\Python\Python313\Lib\importlib\metadata\_functools.py first seen with mtime 1728289608.0
File C:\Users\Maltin\Desktop\portfolio_backend\venv\Lib\site-packages\oauthlib\oauth2\rfc6749\utils.py first seen with mtime 1738445236.8075683
File C:\Users\Maltin\AppData\Local\Programs\Python\Python313\Lib\asyncio\base_futures.py first seen with mtime 1728289608.0
File C:\Users\Maltin\Desktop\portfolio_backend\venv\Lib\site-packages\django\contrib\contenttypes\models.py first seen with mtime 1738445033.7634544
File C:\Users\Maltin\AppData\Local\Programs\Python\Python313\Lib\pprint.py first seen with mtime 1728289608.0
File C:\Users\Maltin\Desktop\portfolio_backend\venv\Lib\site-packages\psycopg\rows.py first seen with mtime 1738445507.0273402
File C:\Users\Maltin\AppData\Local\Programs\Python\Python313\Lib\wsgiref\simple_server.py first seen with mtime 1728289608.0
File C:\Users\Maltin\AppData\Local\Programs\Python\Python313\Lib\asyncio\timeouts.py first seen with mtime 1728289608.0
File C:\Users\Maltin\Desktop\portfolio_backend\venv\Lib\site-packages\django\contrib\postgres\fields\ranges.py first seen with mtime 1738445038.6889398
File C:\Users\Maltin\AppData\Local\Programs\Python\Python313\Lib\xml\etree\ElementPath.py first seen with mtime 1728289608.0
File C:\Users\Maltin\Desktop\portfolio_backend\venv\Lib\site-packages\social_django\models.py first seen with mtime 1738445321.4101691
File C:\Users\Maltin\Desktop\portfolio_backend\venv\Lib\site-packages\django\db\migrations\operations\special.py first seen with mtime 1738445043.0764592
File C:\Users\Maltin\Desktop\portfolio_backend\venv\Lib\site-packages\oauthlib\openid\connect\core\request_validator.py first seen with mtime 1738445236.8715649
File C:\Users\Maltin\Desktop\portfolio_backend\venv\Lib\site-packages\django\core\files\uploadedfile.py first seen with mtime 1738445042.7504747
File C:\Users\Maltin\AppData\Local\Programs\Python\Python313\Lib\random.py first seen with mtime 1728289608.0
File C:\Users\Maltin\Desktop\portfolio_backend\venv\Lib\site-packages\oauthlib\oauth2\rfc6749\endpoints\pre_configured.py first seen with mtime 1738445236.8325675
File C:\Users\Maltin\AppData\Local\Programs\Python\Python313\Lib\email\_header_value_parser.py first seen with mtime 1728289608.0
File C:\Users\Maltin\Desktop\portfolio_backend\venv\Lib\site-packages\rest_framework\templatetags\rest_framework.py first seen with mtime 1738445065.6459384
File C:\Users\Maltin\Desktop\portfolio_backend\venv\Lib\site-packages\rest_framework\authtoken\admin.py first seen with mtime 1738445065.329023
File C:\Users\Maltin\Desktop\portfolio_backend\venv\Lib\site-packages\oauth2_provider\admin.py first seen with mtime 1738445241.7735019
File C:\Users\Maltin\AppData\Local\Programs\Python\Python313\DLLs\select.pyd first seen with mtime 1728289646.0
File C:\Users\Maltin\Desktop\portfolio_backend\venv\Lib\site-packages\django\core\handlers\exception.py first seen with mtime 1738445042.776455
File C:\Users\Maltin\Desktop\portfolio_backend\venv\Lib\site-packages\cryptography\hazmat\primitives\_cipheralgorithm.py first seen with mtime 1738445239.80859
File C:\Users\Maltin\AppData\Local\Programs\Python\Python313\Lib\concurrent\futures\thread.py first seen with mtime 1728289608.0
File C:\Users\Maltin\Desktop\portfolio_backend\venv\Lib\site-packages\django\contrib\contenttypes\forms.py first seen with mtime 1738445033.7614543
File C:\Users\Maltin\Desktop\portfolio_backend\venv\Lib\site-packages\corsheaders\apps.py first seen with mtime 1738445147.2648327
File C:\Users\Maltin\AppData\Local\Programs\Python\Python313\Lib\_markupbase.py first seen with mtime 1728289608.0
File C:\Users\Maltin\Desktop\portfolio_backend\venv\Lib\site-packages\django\contrib\staticfiles\management\commands\__init__.py first seen with mtime 1738445042.6224568
File C:\Users\Maltin\Desktop\portfolio_backend\venv\Lib\site-packages\django\middleware\clickjacking.py first seen with mtime 1738445043.3924537
File C:\Users\Maltin\Desktop\portfolio_backend\venv\Lib\site-packages\rest_framework\templates\rest_framework first seen with mtime 1738445065.6209373
File C:\Users\Maltin\Desktop\portfolio_backend\venv\Lib\site-packages\rest_framework\templates\rest_framework\admin first seen with mtime 1738445065.5565875
File C:\Users\Maltin\Desktop\portfolio_backend\venv\Lib\site-packages\rest_framework\templates\rest_framework\admin.html first seen with mtime 1738445065.5435905
File C:\Users\Maltin\Desktop\portfolio_backend\venv\Lib\site-packages\rest_framework\templates\rest_framework\api.html first seen with mtime 1738445065.5445886
File C:\Users\Maltin\Desktop\portfolio_backend\venv\Lib\site-packages\rest_framework\templates\rest_framework\base.html first seen with mtime 1738445065.5465903
File C:\Users\Maltin\Desktop\portfolio_backend\venv\Lib\site-packages\rest_framework\templates\rest_framework\docs first seen with mtime 1738445065.570592
File C:\Users\Maltin\Desktop\portfolio_backend\venv\Lib\site-packages\rest_framework\templates\rest_framework\filters first seen with mtime 1738445065.5815895
File C:\Users\Maltin\Desktop\portfolio_backend\venv\Lib\site-packages\rest_framework\templates\rest_framework\horizontal first seen with mtime 1738445065.600246
File C:\Users\Maltin\Desktop\portfolio_backend\venv\Lib\site-packages\rest_framework\templates\rest_framework\inline first seen with mtime 1738445065.6169357
File C:\Users\Maltin\Desktop\portfolio_backend\venv\Lib\site-packages\rest_framework\templates\rest_framework\login.html first seen with mtime 1738445065.5475926
File C:\Users\Maltin\Desktop\portfolio_backend\venv\Lib\site-packages\rest_framework\templates\rest_framework\login_base.html first seen with mtime 1738445065.5485933
File C:\Users\Maltin\Desktop\portfolio_backend\venv\Lib\site-packages\rest_framework\templates\rest_framework\pagination first seen with mtime 1738445065.6199362
File C:\Users\Maltin\Desktop\portfolio_backend\venv\Lib\site-packages\rest_framework\templates\rest_framework\raw_data_form.html first seen with mtime 1738445065.5495913
File C:\Users\Maltin\Desktop\portfolio_backend\venv\Lib\site-packages\rest_framework\templates\rest_framework\schema.js first seen with mtime 1738445065.5515869
File C:\Users\Maltin\Desktop\portfolio_backend\venv\Lib\site-packages\rest_framework\templates\rest_framework\vertical first seen with mtime 1738445065.637937
File C:\Users\Maltin\Desktop\portfolio_backend\venv\Lib\site-packages\rest_framework\templates\rest_framework\admin\detail.html first seen with mtime 1738445065.5525918
File C:\Users\Maltin\Desktop\portfolio_backend\venv\Lib\site-packages\rest_framework\templates\rest_framework\admin\dict_value.html first seen with mtime 1738445065.553591
File C:\Users\Maltin\Desktop\portfolio_backend\venv\Lib\site-packages\rest_framework\templates\rest_framework\admin\list.html first seen with mtime 1738445065.5545888
File C:\Users\Maltin\Desktop\portfolio_backend\venv\Lib\site-packages\rest_framework\templates\rest_framework\admin\list_value.html first seen with mtime 1738445065.555591
File C:\Users\Maltin\Desktop\portfolio_backend\venv\Lib\site-packages\rest_framework\templates\rest_framework\admin\simple_list_value.html first seen with mtime 1738445065.5565875
File C:\Users\Maltin\Desktop\portfolio_backend\venv\Lib\site-packages\rest_framework\templates\rest_framework\docs\auth first seen with mtime 1738445065.5685914
File C:\Users\Maltin\Desktop\portfolio_backend\venv\Lib\site-packages\rest_framework\templates\rest_framework\docs\document.html first seen with mtime 1738445065.5585897
File C:\Users\Maltin\Desktop\portfolio_backend\venv\Lib\site-packages\rest_framework\templates\rest_framework\docs\error.html first seen with mtime 1738445065.5595922
File C:\Users\Maltin\Desktop\portfolio_backend\venv\Lib\site-packages\rest_framework\templates\rest_framework\docs\index.html first seen with mtime 1738445065.5605886
File C:\Users\Maltin\Desktop\portfolio_backend\venv\Lib\site-packages\rest_framework\templates\rest_framework\docs\interact.html first seen with mtime 1738445065.5635858
File C:\Users\Maltin\Desktop\portfolio_backend\venv\Lib\site-packages\rest_framework\templates\rest_framework\docs\langs first seen with mtime 1738445065.5775888
File C:\Users\Maltin\Desktop\portfolio_backend\venv\Lib\site-packages\rest_framework\templates\rest_framework\docs\link.html first seen with mtime 1738445065.5635858
File C:\Users\Maltin\Desktop\portfolio_backend\venv\Lib\site-packages\rest_framework\templates\rest_framework\docs\sidebar.html first seen with mtime 1738445065.5655863
File C:\Users\Maltin\Desktop\portfolio_backend\venv\Lib\site-packages\rest_framework\templates\rest_framework\filters\base.html first seen with mtime 1738445065.5795891
File C:\Users\Maltin\Desktop\portfolio_backend\venv\Lib\site-packages\rest_framework\templates\rest_framework\filters\ordering.html first seen with mtime 1738445065.5805895
File C:\Users\Maltin\Desktop\portfolio_backend\venv\Lib\site-packages\rest_framework\templates\rest_framework\filters\search.html first seen with mtime 1738445065.5815895
File C:\Users\Maltin\Desktop\portfolio_backend\venv\Lib\site-packages\rest_framework\templates\rest_framework\horizontal\checkbox.html first seen with mtime 1738445065.5855894
File C:\Users\Maltin\Desktop\portfolio_backend\venv\Lib\site-packages\rest_framework\templates\rest_framework\horizontal\checkbox_multiple.html first seen with mtime 1738445065.5865912
File C:\Users\Maltin\Desktop\portfolio_backend\venv\Lib\site-packages\rest_framework\templates\rest_framework\horizontal\dict_field.html first seen with mtime 1738445065.5885878
File C:\Users\Maltin\Desktop\portfolio_backend\venv\Lib\site-packages\rest_framework\templates\rest_framework\horizontal\fieldset.html first seen with mtime 1738445065.5895898
File C:\Users\Maltin\Desktop\portfolio_backend\venv\Lib\site-packages\rest_framework\templates\rest_framework\horizontal\form.html first seen with mtime 1738445065.5915887
File C:\Users\Maltin\Desktop\portfolio_backend\venv\Lib\site-packages\rest_framework\templates\rest_framework\horizontal\input.html first seen with mtime 1738445065.592589
File C:\Users\Maltin\Desktop\portfolio_backend\venv\Lib\site-packages\rest_framework\templates\rest_framework\horizontal\list_field.html first seen with mtime 1738445065.5935879
File C:\Users\Maltin\Desktop\portfolio_backend\venv\Lib\site-packages\rest_framework\templates\rest_framework\horizontal\list_fieldset.html first seen with mtime 1738445065.5945885
File C:\Users\Maltin\Desktop\portfolio_backend\venv\Lib\site-packages\rest_framework\templates\rest_framework\horizontal\radio.html first seen with mtime 1738445065.596592
File C:\Users\Maltin\Desktop\portfolio_backend\venv\Lib\site-packages\rest_framework\templates\rest_framework\horizontal\select.html first seen with mtime 1738445065.5977266
File C:\Users\Maltin\Desktop\portfolio_backend\venv\Lib\site-packages\rest_framework\templates\rest_framework\horizontal\select_multiple.html first seen with mtime 1738445065.600246
File C:\Users\Maltin\Desktop\portfolio_backend\venv\Lib\site-packages\rest_framework\templates\rest_framework\horizontal\textarea.html first seen with mtime 1738445065.601251
File C:\Users\Maltin\Desktop\portfolio_backend\venv\Lib\site-packages\rest_framework\templates\rest_framework\inline\checkbox.html first seen with mtime 1738445065.602252
File C:\Users\Maltin\Desktop\portfolio_backend\venv\Lib\site-packages\rest_framework\templates\rest_framework\inline\checkbox_multiple.html first seen with mtime 1738445065.6032498
File C:\Users\Maltin\Desktop\portfolio_backend\venv\Lib\site-packages\rest_framework\templates\rest_framework\inline\dict_field.html first seen with mtime 1738445065.6052494
File C:\Users\Maltin\Desktop\portfolio_backend\venv\Lib\site-packages\rest_framework\templates\rest_framework\inline\fieldset.html first seen with mtime 1738445065.6062489
File C:\Users\Maltin\Desktop\portfolio_backend\venv\Lib\site-packages\rest_framework\templates\rest_framework\inline\form.html first seen with mtime 1738445065.60725
File C:\Users\Maltin\Desktop\portfolio_backend\venv\Lib\site-packages\rest_framework\templates\rest_framework\inline\input.html first seen with mtime 1738445065.6082501
File C:\Users\Maltin\Desktop\portfolio_backend\venv\Lib\site-packages\rest_framework\templates\rest_framework\inline\list_field.html first seen with mtime 1738445065.6092477
File C:\Users\Maltin\Desktop\portfolio_backend\venv\Lib\site-packages\rest_framework\templates\rest_framework\inline\list_fieldset.html first seen with mtime 1738445065.6112473
File C:\Users\Maltin\Desktop\portfolio_backend\venv\Lib\site-packages\rest_framework\templates\rest_framework\inline\radio.html first seen with mtime 1738445065.6122482
File C:\Users\Maltin\Desktop\portfolio_backend\venv\Lib\site-packages\rest_framework\templates\rest_framework\inline\select.html first seen with mtime 1738445065.6144147
File C:\Users\Maltin\Desktop\portfolio_backend\venv\Lib\site-packages\rest_framework\templates\rest_framework\inline\select_multiple.html first seen with mtime 1738445065.615938
File C:\Users\Maltin\Desktop\portfolio_backend\venv\Lib\site-packages\rest_framework\templates\rest_framework\inline\textarea.html first seen with mtime 1738445065.6179376
File C:\Users\Maltin\Desktop\portfolio_backend\venv\Lib\site-packages\rest_framework\templates\rest_framework\pagination\numbers.html first seen with mtime 1738445065.6189382
File C:\Users\Maltin\Desktop\portfolio_backend\venv\Lib\site-packages\rest_framework\templates\rest_framework\pagination\previous_and_next.html first seen with mtime 1738445065.6209373
File C:\Users\Maltin\Desktop\portfolio_backend\venv\Lib\site-packages\rest_framework\templates\rest_framework\vertical\checkbox.html first seen with mtime 1738445065.6219392
File C:\Users\Maltin\Desktop\portfolio_backend\venv\Lib\site-packages\rest_framework\templates\rest_framework\vertical\checkbox_multiple.html first seen with mtime 1738445065.6229374
File C:\Users\Maltin\Desktop\portfolio_backend\venv\Lib\site-packages\rest_framework\templates\rest_framework\vertical\dict_field.html first seen with mtime 1738445065.6249368
File C:\Users\Maltin\Desktop\portfolio_backend\venv\Lib\site-packages\rest_framework\templates\rest_framework\vertical\fieldset.html first seen with mtime 1738445065.6259372
File C:\Users\Maltin\Desktop\portfolio_backend\venv\Lib\site-packages\rest_framework\templates\rest_framework\vertical\form.html first seen with mtime 1738445065.6269367
File C:\Users\Maltin\Desktop\portfolio_backend\venv\Lib\site-packages\rest_framework\templates\rest_framework\vertical\input.html first seen with mtime 1738445065.6279364
File C:\Users\Maltin\Desktop\portfolio_backend\venv\Lib\site-packages\rest_framework\templates\rest_framework\vertical\list_field.html first seen with mtime 1738445065.6299343
File C:\Users\Maltin\Desktop\portfolio_backend\venv\Lib\site-packages\rest_framework\templates\rest_framework\vertical\list_fieldset.html first seen with mtime 1738445065.6309354
File C:\Users\Maltin\Desktop\portfolio_backend\venv\Lib\site-packages\rest_framework\templates\rest_framework\vertical\radio.html first seen with mtime 1738445065.6329362
File C:\Users\Maltin\Desktop\portfolio_backend\venv\Lib\site-packages\rest_framework\templates\rest_framework\vertical\select.html first seen with mtime 1738445065.6339371
File C:\Users\Maltin\Desktop\portfolio_backend\venv\Lib\site-packages\rest_framework\templates\rest_framework\vertical\select_multiple.html first seen with mtime 1738445065.634936
File C:\Users\Maltin\Desktop\portfolio_backend\venv\Lib\site-packages\rest_framework\templates\rest_framework\vertical\textarea.html first seen with mtime 1738445065.6399355
File C:\Users\Maltin\Desktop\portfolio_backend\venv\Lib\site-packages\rest_framework\templates\rest_framework\docs\auth\basic.html first seen with mtime 1738445065.567591
File C:\Users\Maltin\Desktop\portfolio_backend\venv\Lib\site-packages\rest_framework\templates\rest_framework\docs\auth\session.html first seen with mtime 1738445065.5685914
File C:\Users\Maltin\Desktop\portfolio_backend\venv\Lib\site-packages\rest_framework\templates\rest_framework\docs\auth\token.html first seen with mtime 1738445065.5695944
File C:\Users\Maltin\Desktop\portfolio_backend\venv\Lib\site-packages\rest_framework\templates\rest_framework\docs\langs\javascript-intro.html first seen with mtime 1738445065.570592
File C:\Users\Maltin\Desktop\portfolio_backend\venv\Lib\site-packages\rest_framework\templates\rest_framework\docs\langs\javascript.html first seen with mtime 1738445065.5725913
File C:\Users\Maltin\Desktop\portfolio_backend\venv\Lib\site-packages\rest_framework\templates\rest_framework\docs\langs\python-intro.html first seen with mtime 1738445065.573594
File C:\Users\Maltin\Desktop\portfolio_backend\venv\Lib\site-packages\rest_framework\templates\rest_framework\docs\langs\python.html first seen with mtime 1738445065.5755928
File C:\Users\Maltin\Desktop\portfolio_backend\venv\Lib\site-packages\rest_framework\templates\rest_framework\docs\langs\shell-intro.html first seen with mtime 1738445065.576588
File C:\Users\Maltin\Desktop\portfolio_backend\venv\Lib\site-packages\rest_framework\templates\rest_framework\docs\langs\shell.html first seen with mtime 1738445065.5785873
File C:\Users\Maltin\Desktop\portfolio_backend\venv\Lib\site-packages\oauth2_provider\templates\oauth2_provider first seen with mtime 1738445241.8471131
File C:\Users\Maltin\Desktop\portfolio_backend\venv\Lib\site-packages\oauth2_provider\templates\oauth2_provider\application_confirm_delete.html first seen with mtime 1738445241.8323882
File C:\Users\Maltin\Desktop\portfolio_backend\venv\Lib\site-packages\oauth2_provider\templates\oauth2_provider\application_detail.html first seen with mtime 1738445241.8341017
File C:\Users\Maltin\Desktop\portfolio_backend\venv\Lib\site-packages\oauth2_provider\templates\oauth2_provider\application_form.html first seen with mtime 1738445241.836112
File C:\Users\Maltin\Desktop\portfolio_backend\venv\Lib\site-packages\oauth2_provider\templates\oauth2_provider\application_list.html first seen with mtime 1738445241.8371117
File C:\Users\Maltin\Desktop\portfolio_backend\venv\Lib\site-packages\oauth2_provider\templates\oauth2_provider\application_registration_form.html first seen with mtime 1738445241.839111
File C:\Users\Maltin\Desktop\portfolio_backend\venv\Lib\site-packages\oauth2_provider\templates\oauth2_provider\authorize.html first seen with mtime 1738445241.8401124
File C:\Users\Maltin\Desktop\portfolio_backend\venv\Lib\site-packages\oauth2_provider\templates\oauth2_provider\authorized-token-delete.html first seen with mtime 1738445241.8431158
File C:\Users\Maltin\Desktop\portfolio_backend\venv\Lib\site-packages\oauth2_provider\templates\oauth2_provider\authorized-tokens.html first seen with mtime 1738445241.8441126
File C:\Users\Maltin\Desktop\portfolio_backend\venv\Lib\site-packages\oauth2_provider\templates\oauth2_provider\base.html first seen with mtime 1738445241.8471131
File C:\Users\Maltin\Desktop\portfolio_backend\venv\Lib\site-packages\oauth2_provider\templates\oauth2_provider\logout_confirm.html first seen with mtime 1738445241.8481135
File C:\Users\Maltin\Desktop\portfolio_backend\venv\Lib\site-packages\rest_framework\locale\zh_TW\LC_MESSAGES\django.mo first seen with mtime 1738445065.4675887
File C:\Users\Maltin\Desktop\portfolio_backend\venv\Lib\site-packages\rest_framework\locale\zh_Hant\LC_MESSAGES\django.mo first seen with mtime 1738445065.4656012
File C:\Users\Maltin\Desktop\portfolio_backend\venv\Lib\site-packages\rest_framework\locale\zh_Hans\LC_MESSAGES\django.mo first seen with mtime 1738445065.4625893
File C:\Users\Maltin\Desktop\portfolio_backend\venv\Lib\site-packages\rest_framework\locale\zh_CN\LC_MESSAGES\django.mo first seen with mtime 1738445065.461588
File C:\Users\Maltin\Desktop\portfolio_backend\venv\Lib\site-packages\rest_framework\locale\vi\LC_MESSAGES\django.mo first seen with mtime 1738445065.4595861
File C:\Users\Maltin\Desktop\portfolio_backend\venv\Lib\site-packages\rest_framework\locale\uk\LC_MESSAGES\django.mo first seen with mtime 1738445065.4565897
File C:\Users\Maltin\Desktop\portfolio_backend\venv\Lib\site-packages\rest_framework\locale\tr_TR\LC_MESSAGES\django.mo first seen with mtime 1738445065.4546068
File C:\Users\Maltin\Desktop\portfolio_backend\venv\Lib\site-packages\rest_framework\locale\tr\LC_MESSAGES\django.mo first seen with mtime 1738445065.4525895
File C:\Users\Maltin\Desktop\portfolio_backend\venv\Lib\site-packages\rest_framework\locale\th\LC_MESSAGES\django.mo first seen with mtime 1738445065.4505925
File C:\Users\Maltin\Desktop\portfolio_backend\venv\Lib\site-packages\rest_framework\locale\sv\LC_MESSAGES\django.mo first seen with mtime 1738445065.4475877
File C:\Users\Maltin\Desktop\portfolio_backend\venv\Lib\site-packages\rest_framework\locale\sl\LC_MESSAGES\django.mo first seen with mtime 1738445065.446592
File C:\Users\Maltin\Desktop\portfolio_backend\venv\Lib\site-packages\rest_framework\locale\sk\LC_MESSAGES\django.mo first seen with mtime 1738445065.4445858
File C:\Users\Maltin\Desktop\portfolio_backend\venv\Lib\site-packages\rest_framework\locale\ru_RU\LC_MESSAGES\django.mo first seen with mtime 1738445065.4425962
File C:\Users\Maltin\Desktop\portfolio_backend\venv\Lib\site-packages\rest_framework\locale\ru\LC_MESSAGES\django.mo first seen with mtime 1738445065.4395874
File C:\Users\Maltin\Desktop\portfolio_backend\venv\Lib\site-packages\rest_framework\locale\ro\LC_MESSAGES\django.mo first seen with mtime 1738445065.4375873
File C:\Users\Maltin\Desktop\portfolio_backend\venv\Lib\site-packages\rest_framework\locale\pt_PT\LC_MESSAGES\django.mo first seen with mtime 1738445065.4355881
File C:\Users\Maltin\Desktop\portfolio_backend\venv\Lib\site-packages\rest_framework\locale\pt_BR\LC_MESSAGES\django.mo first seen with mtime 1738445065.4335887
File C:\Users\Maltin\Desktop\portfolio_backend\venv\Lib\site-packages\rest_framework\locale\pt\LC_MESSAGES\django.mo first seen with mtime 1738445065.4315867
File C:\Users\Maltin\Desktop\portfolio_backend\venv\Lib\site-packages\rest_framework\locale\pl\LC_MESSAGES\django.mo first seen with mtime 1738445065.430588
File C:\Users\Maltin\Desktop\portfolio_backend\venv\Lib\site-packages\rest_framework\locale\no\LC_MESSAGES\django.mo first seen with mtime 1738445065.4285886
File C:\Users\Maltin\Desktop\portfolio_backend\venv\Lib\site-packages\rest_framework\locale\nn\LC_MESSAGES\django.mo first seen with mtime 1738445065.4265878
File C:\Users\Maltin\Desktop\portfolio_backend\venv\Lib\site-packages\rest_framework\locale\nl\LC_MESSAGES\django.mo first seen with mtime 1738445065.424594
File C:\Users\Maltin\Desktop\portfolio_backend\venv\Lib\site-packages\rest_framework\locale\ne_NP\LC_MESSAGES\django.mo first seen with mtime 1738445065.4225862
File C:\Users\Maltin\Desktop\portfolio_backend\venv\Lib\site-packages\rest_framework\locale\nb\LC_MESSAGES\django.mo first seen with mtime 1738445065.4205887
File C:\Users\Maltin\Desktop\portfolio_backend\venv\Lib\site-packages\rest_framework\locale\mk\LC_MESSAGES\django.mo first seen with mtime 1738445065.418588
File C:\Users\Maltin\Desktop\portfolio_backend\venv\Lib\site-packages\rest_framework\locale\lv\LC_MESSAGES\django.mo first seen with mtime 1738445065.416587
File C:\Users\Maltin\Desktop\portfolio_backend\venv\Lib\site-packages\rest_framework\locale\lt\LC_MESSAGES\django.mo first seen with mtime 1738445065.414589
File C:\Users\Maltin\Desktop\portfolio_backend\venv\Lib\site-packages\rest_framework\locale\ko_KR\LC_MESSAGES\django.mo first seen with mtime 1738445065.4135866
File C:\Users\Maltin\Desktop\portfolio_backend\venv\Lib\site-packages\rest_framework\locale\ja\LC_MESSAGES\django.mo first seen with mtime 1738445065.410586
File C:\Users\Maltin\Desktop\portfolio_backend\venv\Lib\site-packages\rest_framework\locale\it\LC_MESSAGES\django.mo first seen with mtime 1738445065.4085763
File C:\Users\Maltin\Desktop\portfolio_backend\venv\Lib\site-packages\rest_framework\locale\id\LC_MESSAGES\django.mo first seen with mtime 1738445065.406008
File C:\Users\Maltin\Desktop\portfolio_backend\venv\Lib\site-packages\rest_framework\locale\hy\LC_MESSAGES\django.mo first seen with mtime 1738445065.4040163
File C:\Users\Maltin\Desktop\portfolio_backend\venv\Lib\site-packages\rest_framework\locale\hu\LC_MESSAGES\django.mo first seen with mtime 1738445065.4020126
File C:\Users\Maltin\Desktop\portfolio_backend\venv\Lib\site-packages\rest_framework\locale\he_IL\LC_MESSAGES\django.mo first seen with mtime 1738445065.4000072
File C:\Users\Maltin\Desktop\portfolio_backend\venv\Lib\site-packages\rest_framework\locale\gl_ES\LC_MESSAGES\django.mo first seen with mtime 1738445065.3980105
File C:\Users\Maltin\Desktop\portfolio_backend\venv\Lib\site-packages\rest_framework\locale\gl\LC_MESSAGES\django.mo first seen with mtime 1738445065.3960116
File C:\Users\Maltin\Desktop\portfolio_backend\venv\Lib\site-packages\rest_framework\locale\fr_CA\LC_MESSAGES\django.mo first seen with mtime 1738445065.3940122
File C:\Users\Maltin\Desktop\portfolio_backend\venv\Lib\site-packages\rest_framework\locale\fr\LC_MESSAGES\django.mo first seen with mtime 1738445065.3910105
File C:\Users\Maltin\Desktop\portfolio_backend\venv\Lib\site-packages\rest_framework\locale\fi\LC_MESSAGES\django.mo first seen with mtime 1738445065.3890092
File C:\Users\Maltin\Desktop\portfolio_backend\venv\Lib\site-packages\rest_framework\locale\fa_IR\LC_MESSAGES\django.mo first seen with mtime 1738445065.3870125
File C:\Users\Maltin\Desktop\portfolio_backend\venv\Lib\site-packages\rest_framework\locale\fa\LC_MESSAGES\django.mo first seen with mtime 1738445065.3840084
File C:\Users\Maltin\Desktop\portfolio_backend\venv\Lib\site-packages\rest_framework\locale\et\LC_MESSAGES\django.mo first seen with mtime 1738445065.3820086
File C:\Users\Maltin\Desktop\portfolio_backend\venv\Lib\site-packages\rest_framework\locale\es\LC_MESSAGES\django.mo first seen with mtime 1738445065.3810112
File C:\Users\Maltin\Desktop\portfolio_backend\venv\Lib\site-packages\rest_framework\locale\en_US\LC_MESSAGES\django.mo first seen with mtime 1738445065.379007
File C:\Users\Maltin\Desktop\portfolio_backend\venv\Lib\site-packages\rest_framework\locale\en_CA\LC_MESSAGES\django.mo first seen with mtime 1738445065.3770099
File C:\Users\Maltin\Desktop\portfolio_backend\venv\Lib\site-packages\rest_framework\locale\en_AU\LC_MESSAGES\django.mo first seen with mtime 1738445065.3750086
File C:\Users\Maltin\Desktop\portfolio_backend\venv\Lib\site-packages\rest_framework\locale\en\LC_MESSAGES\django.mo first seen with mtime 1738445065.3730092
File C:\Users\Maltin\Desktop\portfolio_backend\venv\Lib\site-packages\rest_framework\locale\el_GR\LC_MESSAGES\django.mo first seen with mtime 1738445065.372011
File C:\Users\Maltin\Desktop\portfolio_backend\venv\Lib\site-packages\rest_framework\locale\el\LC_MESSAGES\django.mo first seen with mtime 1738445065.3700094
File C:\Users\Maltin\Desktop\portfolio_backend\venv\Lib\site-packages\rest_framework\locale\de\LC_MESSAGES\django.mo first seen with mtime 1738445065.368011
File C:\Users\Maltin\Desktop\portfolio_backend\venv\Lib\site-packages\rest_framework\locale\da\LC_MESSAGES\django.mo first seen with mtime 1738445065.3650076
File C:\Users\Maltin\Desktop\portfolio_backend\venv\Lib\site-packages\rest_framework\locale\cs\LC_MESSAGES\django.mo first seen with mtime 1738445065.3630092
File C:\Users\Maltin\Desktop\portfolio_backend\venv\Lib\site-packages\rest_framework\locale\ca_ES\LC_MESSAGES\django.mo first seen with mtime 1738445065.3600113
File C:\Users\Maltin\Desktop\portfolio_backend\venv\Lib\site-packages\rest_framework\locale\ca\LC_MESSAGES\django.mo first seen with mtime 1738445065.3570087
File C:\Users\Maltin\Desktop\portfolio_backend\venv\Lib\site-packages\rest_framework\locale\bg\LC_MESSAGES\django.mo first seen with mtime 1738445065.3550112
File C:\Users\Maltin\Desktop\portfolio_backend\venv\Lib\site-packages\rest_framework\locale\be\LC_MESSAGES\django.mo first seen with mtime 1738445065.3540077
File C:\Users\Maltin\Desktop\portfolio_backend\venv\Lib\site-packages\rest_framework\locale\az\LC_MESSAGES\django.mo first seen with mtime 1738445065.3520083
File C:\Users\Maltin\Desktop\portfolio_backend\venv\Lib\site-packages\rest_framework\locale\ar\LC_MESSAGES\django.mo first seen with mtime 1738445065.3500073
File C:\Users\Maltin\Desktop\portfolio_backend\venv\Lib\site-packages\rest_framework\locale\ach\LC_MESSAGES\django.mo first seen with mtime 1738445065.3480132
File C:\Users\Maltin\Desktop\portfolio_backend\venv\Lib\site-packages\PIL\ImageMode.py first seen with mtime 1738445562.1805544
File C:\Users\Maltin\Desktop\portfolio_backend\venv\Lib\site-packages\social_django\migrations\0016_alter_usersocialauth_extra_data.py first seen with mtime 1738445321.4451673
File C:\Users\Maltin\Desktop\portfolio_backend\venv\Lib\site-packages\django\contrib\sessions\backends\db.py first seen with mtime 1738445040.0689414
File C:\Users\Maltin\Desktop\portfolio_backend\venv\Lib\site-packages\oauth2_provider\migrations\0010_application_allowed_origins.py first seen with mtime 1738445241.8263915
File C:\Users\Maltin\Desktop\portfolio_backend\venv\Lib\site-packages\django\db\migrations\executor.py first seen with mtime 1738445043.0414536
File C:\Users\Maltin\Desktop\portfolio_backend\venv\Lib\site-packages\django\core\cache\backends\locmem.py first seen with mtime 1738445042.675455
File C:\Users\Maltin\Desktop\portfolio_backend\venv\Lib\site-packages\django\views\csrf.py first seen with mtime 1738445043.807451
File C:\Users\Maltin\Desktop\portfolio_backend\venv\Lib\site-packages\django\contrib\auth\migrations\0002_alter_permission_name_max_length.py first seen with mtime 1738445033.6854532
File C:\Users\Maltin\Desktop\portfolio_backend\venv\Lib\site-packages\PIL\_binary.py first seen with mtime 1738445562.2210982
File C:\Users\Maltin\Desktop\portfolio_backend\venv\Lib\site-packages\social_django\migrations\0008_partial_timestamp.py first seen with mtime 1738445321.4291732
File C:\Users\Maltin\Desktop\portfolio_backend\venv\Lib\site-packages\social_django\migrations\0003_alter_email_max_length.py first seen with mtime 1738445321.4231687
File C:\Users\Maltin\Desktop\portfolio_backend\venv\Lib\site-packages\social_django\migrations\0013_migrate_extra_data.py first seen with mtime 1738445321.4381702
File C:\Users\Maltin\Desktop\portfolio_backend\venv\Lib\site-packages\django\contrib\contenttypes\migrations\__init__.py first seen with mtime 1738445034.814157
File C:\Users\Maltin\Desktop\portfolio_backend\venv\Lib\site-packages\django\contrib\auth\migrations\0004_alter_user_username_opts.py first seen with mtime 1738445033.6894555
File C:\Users\Maltin\Desktop\portfolio_backend\venv\Lib\site-packages\django\contrib\sessions\migrations\0001_initial.py first seen with mtime 1738445041.9504528
File C:\Users\Maltin\Desktop\portfolio_backend\venv\Lib\site-packages\django\contrib\auth\migrations\0003_alter_user_email_max_length.py first seen with mtime 1738445033.6884556
File C:\Users\Maltin\Desktop\portfolio_backend\venv\Lib\site-packages\oauth2_provider\migrations\0007_application_post_logout_redirect_uris.py first seen with mtime 1738445241.8213894
File C:\Users\Maltin\Desktop\portfolio_backend\venv\Lib\site-packages\social_django\migrations\__init__.py first seen with mtime 1738445321.4451673
File C:\Users\Maltin\Desktop\portfolio_backend\venv\Lib\site-packages\django\contrib\contenttypes\migrations\0002_remove_content_type_name.py first seen with mtime 1738445034.8131557
File C:\Users\Maltin\Desktop\portfolio_backend\venv\Lib\site-packages\social_django\migrations\0015_rename_extra_data_new_usersocialauth_extra_data.py first seen with mtime 1738445321.443172
File C:\Users\Maltin\Desktop\portfolio_backend\venv\Lib\site-packages\defusedxml\ElementTree.py first seen with mtime 1738445316.4928474
File C:\Users\Maltin\Desktop\portfolio_backend\venv\Lib\site-packages\PIL\ExifTags.py first seen with mtime 1738445562.1485426
File C:\Users\Maltin\Desktop\portfolio_backend\venv\Lib\site-packages\django\contrib\auth\migrations\0006_require_contenttypes_0002.py first seen with mtime 1738445033.694452
File C:\Users\Maltin\Desktop\portfolio_backend\venv\Lib\site-packages\django\contrib\auth\migrations\0011_update_proxy_permissions.py first seen with mtime 1738445033.7024534
File C:\Users\Maltin\AppData\Local\Programs\Python\Python313\Lib\xml\parsers\__init__.py first seen with mtime 1728289608.0
File C:\Users\Maltin\Desktop\portfolio_backend\venv\Lib\site-packages\django\contrib\auth\migrations\0008_alter_user_username_max_length.py first seen with mtime 1738445033.6984553
File C:\Users\Maltin\Desktop\portfolio_backend\venv\Lib\site-packages\rest_framework\authtoken\migrations\0001_initial.py first seen with mtime 1738445065.3390248
File C:\Users\Maltin\Desktop\portfolio_backend\venv\Lib\site-packages\django\contrib\admin\migrations\0003_logentry_add_action_flag_choices.py first seen with mtime 1738445030.0316439
File C:\Users\Maltin\Desktop\portfolio_backend\venv\Lib\site-packages\social_django\migrations\0011_alter_id_fields.py first seen with mtime 1738445321.4351676
File C:\Users\Maltin\Desktop\portfolio_backend\venv\Lib\site-packages\django\contrib\sessions\migrations\__init__.py first seen with mtime 1738445041.9564538
File C:\Users\Maltin\Desktop\portfolio_backend\venv\Lib\site-packages\PIL\_typing.py first seen with mtime 1738445562.26468
File C:\Users\Maltin\Desktop\portfolio_backend\venv\Lib\site-packages\django\contrib\auth\migrations\0012_alter_user_first_name_max_length.py first seen with mtime 1738445033.705453
File C:\Users\Maltin\Desktop\portfolio_backend\venv\Lib\site-packages\django\db\models\sql\compiler.py first seen with mtime 1738445043.1524537
File C:\Users\Maltin\Desktop\portfolio_backend\venv\Lib\site-packages\django\db\migrations\recorder.py first seen with mtime 1738445043.0534587
File C:\Users\Maltin\Desktop\portfolio_backend\venv\Lib\site-packages\oauth2_provider\migrations\0008_alter_accesstoken_token.py first seen with mtime 1738445241.8223877
File C:\Users\Maltin\Desktop\portfolio_backend\venv\Lib\site-packages\oauth2_provider\migrations\0006_alter_application_client_secret.py first seen with mtime 1738445241.819388
File C:\Users\Maltin\Desktop\portfolio_backend\venv\Lib\site-packages\rest_framework\authtoken\migrations\0003_tokenproxy.py first seen with mtime 1738445065.3430283
File C:\Users\Maltin\Desktop\portfolio_backend\venv\Lib\site-packages\oauth2_provider\migrations\0003_auto_20201211_1314.py first seen with mtime 1738445241.8155022
File C:\Users\Maltin\Desktop\portfolio_backend\venv\Lib\site-packages\defusedxml\common.py first seen with mtime 1738445316.4968467
File C:\Users\Maltin\Desktop\portfolio_backend\portfolio\users\migrations\0001_initial.py first seen with mtime 1738447033.1709208
File C:\Users\Maltin\Desktop\portfolio_backend\venv\Lib\site-packages\social_django\migrations\0001_initial.py first seen with mtime 1738445321.42117
File C:\Users\Maltin\Desktop\portfolio_backend\venv\Lib\site-packages\django\contrib\auth\migrations\0005_alter_user_last_login_null.py first seen with mtime 1738445033.6914701
File C:\Users\Maltin\Desktop\portfolio_backend\venv\Lib\site-packages\oauth2_provider\migrations\0012_add_token_checksum.py first seen with mtime 1738445241.8293898
File C:\Users\Maltin\Desktop\portfolio_backend\venv\Lib\site-packages\django\contrib\auth\migrations\0007_alter_validators_add_error_messages.py first seen with mtime 1738445033.696455
File C:\Users\Maltin\Desktop\portfolio_backend\venv\Lib\site-packages\social_django\migrations\0012_usersocialauth_extra_data_new.py first seen with mtime 1738445321.4371853
File C:\Users\Maltin\Desktop\portfolio_backend\venv\Lib\site-packages\social_django\migrations\0007_code_timestamp.py first seen with mtime 1738445321.428181
File C:\Users\Maltin\Desktop\portfolio_backend\venv\Lib\site-packages\django\contrib\admin\migrations\0001_initial.py first seen with mtime 1738445030.0286443
File C:\Users\Maltin\Desktop\portfolio_backend\venv\Lib\site-packages\django\contrib\auth\migrations\__init__.py first seen with mtime 1738445033.7064538
File C:\Users\Maltin\Desktop\portfolio_backend\venv\Lib\site-packages\django\contrib\auth\migrations\0009_alter_user_last_name_max_length.py first seen with mtime 1738445033.6994536
File C:\Users\Maltin\Desktop\portfolio_backend\venv\Lib\site-packages\social_django\migrations\0006_partial.py first seen with mtime 1738445321.4271693
File C:\Users\Maltin\Desktop\portfolio_backend\venv\Lib\site-packages\oauth2_provider\migrations\0002_auto_20190406_1805.py first seen with mtime 1738445241.8145008
File C:\Users\Maltin\Desktop\portfolio_backend\venv\Lib\site-packages\rest_framework\authtoken\migrations\0002_auto_20160226_1747.py first seen with mtime 1738445065.3410225
File C:\Users\Maltin\Desktop\portfolio_backend\venv\Lib\site-packages\django\db\migrations\graph.py first seen with mtime 1738445043.0434566
File C:\Users\Maltin\Desktop\portfolio_backend\venv\Lib\site-packages\oauth2_provider\migrations\0011_refreshtoken_token_family.py first seen with mtime 1738445241.827391
File C:\Users\Maltin\Desktop\portfolio_backend\portfolio\users\migrations\__init__.py first seen with mtime 1728498619.2867322
File C:\Users\Maltin\Desktop\portfolio_backend\venv\Lib\site-packages\social_django\migrations\0002_add_related_name.py first seen with mtime 1738445321.4221687
File C:\Users\Maltin\Desktop\portfolio_backend\venv\Lib\site-packages\PIL\_imaging.cp313-win_amd64.pyd first seen with mtime 1738445562.2380967
File C:\Users\Maltin\Desktop\portfolio_backend\venv\Lib\site-packages\social_django\fields.py first seen with mtime 1738445321.4031682
File C:\Users\Maltin\Desktop\portfolio_backend\venv\Lib\site-packages\django\contrib\admin\migrations\0002_logentry_remove_auto_add.py first seen with mtime 1738445030.029651
File C:\Users\Maltin\Desktop\portfolio_backend\venv\Lib\site-packages\social_django\migrations\0005_auto_20160727_2333.py first seen with mtime 1738445321.4261713
File C:\Users\Maltin\Desktop\portfolio_backend\venv\Lib\site-packages\PIL\Image.py first seen with mtime 1738445562.1685436
File C:\Users\Maltin\Desktop\portfolio_backend\venv\Lib\site-packages\oauth2_provider\migrations\0005_auto_20211222_2352.py first seen with mtime 1738445241.8183916
File C:\Users\Maltin\Desktop\portfolio_backend\venv\Lib\site-packages\defusedxml\__init__.py first seen with mtime 1738445316.4948738
File C:\Users\Maltin\Desktop\portfolio_backend\venv\Lib\site-packages\oauth2_provider\migrations\__init__.py first seen with mtime 1738445241.8303897
File C:\Users\Maltin\Desktop\portfolio_backend\venv\Lib\site-packages\django\db\migrations\loader.py first seen with mtime 1738445043.0454514
File C:\Users\Maltin\Desktop\portfolio_backend\venv\Lib\site-packages\rest_framework\authtoken\migrations\__init__.py first seen with mtime 1738445065.3454864
File C:\Users\Maltin\Desktop\portfolio_backend\venv\Lib\site-packages\PIL\_deprecate.py first seen with mtime 1738445562.2210982
File C:\Users\Maltin\AppData\Local\Programs\Python\Python313\Lib\xml\parsers\expat.py first seen with mtime 1728289608.0
File C:\Users\Maltin\Desktop\portfolio_backend\venv\Lib\site-packages\PIL\TiffTags.py first seen with mtime 1738445562.2145464
File C:\Users\Maltin\Desktop\portfolio_backend\venv\Lib\site-packages\django\contrib\admin\migrations\__init__.py first seen with mtime 1738445030.0326433
File C:\Users\Maltin\Desktop\portfolio_backend\venv\Lib\site-packages\django\contrib\auth\migrations\0001_initial.py first seen with mtime 1738445033.6834545
File C:\Users\Maltin\Desktop\portfolio_backend\venv\Lib\site-packages\oauth2_provider\migrations\0004_auto_20200902_2022.py first seen with mtime 1738445241.8165026
File C:\Users\Maltin\Desktop\portfolio_backend\venv\Lib\site-packages\oauth2_provider\migrations\0001_initial.py first seen with mtime 1738445241.8135018
File C:\Users\Maltin\Desktop\portfolio_backend\venv\Lib\site-packages\rest_framework\authtoken\migrations\0004_alter_tokenproxy_options.py first seen with mtime 1738445065.3440242
File C:\Users\Maltin\Desktop\portfolio_backend\venv\Lib\site-packages\PIL\_version.py first seen with mtime 1738445562.2656808
File C:\Users\Maltin\Desktop\portfolio_backend\venv\Lib\site-packages\django\contrib\contenttypes\migrations\0001_initial.py first seen with mtime 1738445034.8121555
File C:\Users\Maltin\Desktop\portfolio_backend\venv\Lib\site-packages\oauth2_provider\migrations\0009_add_hash_client_secret.py first seen with mtime 1738445241.8243968
File C:\Users\Maltin\Desktop\portfolio_backend\portfolio\portfolioapi\wsgi.py first seen with mtime 1728498619.2767274
File C:\Users\Maltin\Desktop\portfolio_backend\venv\Lib\site-packages\social_django\migrations\0014_remove_usersocialauth_extra_data.py first seen with mtime 1738445321.4411676
File C:\Users\Maltin\Desktop\portfolio_backend\venv\Lib\site-packages\social_django\migrations\0009_auto_20191118_0520.py first seen with mtime 1738445321.4301708
File C:\Users\Maltin\Desktop\portfolio_backend\venv\Lib\site-packages\PIL\_util.py first seen with mtime 1738445562.2656808
File C:\Users\Maltin\Desktop\portfolio_backend\venv\Lib\site-packages\django\contrib\auth\migrations\0010_alter_group_name_max_length.py first seen with mtime 1738445033.7014532
File C:\Users\Maltin\Desktop\portfolio_backend\venv\Lib\site-packages\social_django\migrations\0010_uid_db_index.py first seen with mtime 1738445321.434167
File C:\Users\Maltin\Desktop\portfolio_backend\venv\Lib\site-packages\social_django\migrations\0004_auto_20160423_0400.py first seen with mtime 1738445321.4241714
(0.005) SELECT "oauth2_provider_application"."id", "oauth2_provider_application"."client_id", "oauth2_provider_application"."user_id", "oauth2_provider_application"."redirect_uris", "oauth2_provider_application"."post_logout_redirect_uris", "oauth2_provider_application"."client_type", "oauth2_provider_application"."authorization_grant_type", "oauth2_provider_application"."client_secret", "oauth2_provider_application"."hash_client_secret", "oauth2_provider_application"."name", "oauth2_provider_application"."skip_authorization", "oauth2_provider_application"."created", "oauth2_provider_application"."updated", "oauth2_provider_application"."algorithm", "oauth2_provider_application"."allowed_origins" FROM "oauth2_provider_application" WHERE "oauth2_provider_application"."client_id" = 'YGE2k59Y9myR5ctwxozMvV2EEpHgWWaNwYito2rE' LIMIT 21; args=('YGE2k59Y9myR5ctwxozMvV2EEpHgWWaNwYito2rE',); alias=default
(0.001) SELECT "oauth2_provider_application"."id", "oauth2_provider_application"."client_id", "oauth2_provider_application"."user_id", "oauth2_provider_application"."redirect_uris", "oauth2_provider_application"."post_logout_redirect_uris", "oauth2_provider_application"."client_type", "oauth2_provider_application"."authorization_grant_type", "oauth2_provider_application"."client_secret", "oauth2_provider_application"."hash_client_secret", "oauth2_provider_application"."name", "oauth2_provider_application"."skip_authorization", "oauth2_provider_application"."created", "oauth2_provider_application"."updated", "oauth2_provider_application"."algorithm", "oauth2_provider_application"."allowed_origins" FROM "oauth2_provider_application" WHERE "oauth2_provider_application"."client_id" = 'YGE2k59Y9myR5ctwxozMvV2EEpHgWWaNwYito2rE' LIMIT 21; args=('YGE2k59Y9myR5ctwxozMvV2EEpHgWWaNwYito2rE',); alias=default
File C:\Users\Maltin\Desktop\portfolio_backend\venv\Lib\site-packages\django\contrib\sessions\serializers.py first seen with mtime 1738445040.058942
File C:\Users\Maltin\Desktop\portfolio_backend\venv\Lib\site-packages\django\contrib\messages\storage\fallback.py first seen with mtime 1738445038.6209407
File C:\Users\Maltin\Desktop\portfolio_backend\venv\Lib\site-packages\django\contrib\messages\storage\session.py first seen with mtime 1738445038.6249392
File C:\Users\Maltin\Desktop\portfolio_backend\venv\Lib\site-packages\django\contrib\messages\storage\cookie.py first seen with mtime 1738445038.6199434
(0.007) SELECT "social_auth_usersocialauth"."id", "social_auth_usersocialauth"."user_id", "social_auth_usersocialauth"."provider", "social_auth_usersocialauth"."uid", "social_auth_usersocialauth"."extra_data", "social_auth_usersocialauth"."created", "social_auth_usersocialauth"."modified", "users_newuser"."id", "users_newuser"."password", "users_newuser"."last_login", "users_newuser"."is_superuser", "users_newuser"."email", "users_newuser"."username", "users_newuser"."first_name", "users_newuser"."start_date", "users_newuser"."about", "users_newuser"."is_staff", "users_newuser"."is_active" FROM "social_auth_usersocialauth" INNER JOIN "users_newuser" ON ("social_auth_usersocialauth"."user_id" = "users_newuser"."id") WHERE ("social_auth_usersocialauth"."provider" = 'github' AND "social_auth_usersocialauth"."uid" = '37213559'); args=('github', '37213559'); alias=default
(0.001) SELECT 1 AS "a" FROM "users_newuser" WHERE "users_newuser"."email" = 'maltin1234' LIMIT 1; args=(Int4(1), 'maltin1234'); alias=default
(0.000) BEGIN; args=None; alias=default
(0.003) INSERT INTO "users_newuser" ("password", "last_login", "is_superuser", "email", "username", "first_name", "start_date", "about", "is_staff", "is_active") VALUES ('!qzGCyjz7Anpwv5ZEBSPXozufpeL6sUgFfvw1shtg', NULL, false, 'maltinimalmo@gmail.com', 'maltin1234', NULL, '2025-02-02 10:20:09.849886+00:00'::timestamptz, '', false, true) RETURNING "users_newuser"."id"; args=('!qzGCyjz7Anpwv5ZEBSPXozufpeL6sUgFfvw1shtg', None, False, 'maltinimalmo@gmail.com', 'maltin1234', None, datetime.datetime(2025, 2, 2, 10, 20, 9, 849886, tzinfo=datetime.timezone.utc), '', False, True); alias=default
(0.000) ROLLBACK; args=None; alias=default
(0.001) SELECT "users_newuser"."id", "users_newuser"."password", "users_newuser"."last_login", "users_newuser"."is_superuser", "users_newuser"."email", "users_newuser"."username", "users_newuser"."first_name", "users_newuser"."start_date", "users_newuser"."about", "users_newuser"."is_staff", "users_newuser"."is_active" FROM "users_newuser" WHERE ("users_newuser"."email" = 'maltinimalmo@gmail.com' AND "users_newuser"."username" = 'maltin1234') LIMIT 21; args=('maltinimalmo@gmail.com', 'maltin1234'); alias=default
Bad Request: /auth/convert-token/
"POST /auth/convert-token/ HTTP/1.1" 400 27
File C:\Users\Maltin\Desktop\portfolio_backend\venv\Lib\site-packages\oauthlib\oauth1\rfc5849\endpoints\pre_configured.py first seen with mtime 1738445236.7905653
File C:\Users\Maltin\Desktop\portfolio_backend\venv\Lib\site-packages\jwt\jwk_set_cache.py first seen with mtime 1738445316.2419887
File C:\Users\Maltin\Desktop\portfolio_backend\venv\Lib\site-packages\oauthlib\oauth1\rfc5849\utils.py first seen with mtime 1738445236.7845542
File C:\Users\Maltin\Desktop\portfolio_backend\venv\Lib\site-packages\drf_social_oauth2\backends.py first seen with mtime 1738445414.2922611
File C:\Users\Maltin\Desktop\portfolio_backend\venv\Lib\site-packages\social_core\backends\google.py first seen with mtime 1738445317.869313
File C:\Users\Maltin\Desktop\portfolio_backend\venv\Lib\site-packages\oauthlib\oauth1\__init__.py first seen with mtime 1738445236.7762034
File C:\Users\Maltin\Desktop\portfolio_backend\venv\Lib\site-packages\requests_oauthlib\oauth1_session.py first seen with mtime 1738445316.7119532
File C:\Users\Maltin\Desktop\portfolio_backend\venv\Lib\site-packages\requests_oauthlib\__init__.py first seen with mtime 1738445316.7099564
File C:\Users\Maltin\Desktop\portfolio_backend\venv\Lib\site-packages\oauthlib\oauth1\rfc5849\endpoints\authorization.py first seen with mtime 1738445236.7885687
File C:\Users\Maltin\Desktop\portfolio_backend\venv\Lib\site-packages\oauthlib\oauth1\rfc5849\endpoints\access_token.py first seen with mtime 1738445236.7865655
File C:\Users\Maltin\Desktop\portfolio_backend\venv\Lib\site-packages\social_core\backends\open_id_connect.py first seen with mtime 1738445317.9143138
File C:\Users\Maltin\Desktop\portfolio_backend\venv\Lib\site-packages\jwt\api_jwt.py first seen with mtime 1738445316.236987
File C:\Users\Maltin\Desktop\portfolio_backend\venv\Lib\site-packages\jwt\__init__.py first seen with mtime 1738445316.2313447
File C:\Users\Maltin\AppData\Local\Programs\Python\Python313\Lib\netrc.py first seen with mtime 1728289608.0
File C:\Users\Maltin\Desktop\portfolio_backend\venv\Lib\site-packages\oauthlib\oauth1\rfc5849\endpoints\resource.py first seen with mtime 1738445236.7935674
File C:\Users\Maltin\Desktop\portfolio_backend\venv\Lib\site-packages\oauthlib\oauth1\rfc5849\parameters.py first seen with mtime 1738445236.779993
File C:\Users\Maltin\Desktop\portfolio_backend\venv\Lib\site-packages\social_core\pipeline\user.py first seen with mtime 1738445318.014315
File C:\Users\Maltin\Desktop\portfolio_backend\venv\Lib\site-packages\oauthlib\oauth1\rfc5849\endpoints\signature_only.py first seen with mtime 1738445236.7945673
File C:\Users\Maltin\Desktop\portfolio_backend\venv\Lib\site-packages\requests_oauthlib\oauth1_auth.py first seen with mtime 1738445316.710956
File C:\Users\Maltin\Desktop\portfolio_backend\venv\Lib\site-packages\jwt\api_jwk.py first seen with mtime 1738445316.234977
File C:\Users\Maltin\Desktop\portfolio_backend\venv\Lib\site-packages\oauthlib\oauth1\rfc5849\endpoints\base.py first seen with mtime 1738445236.7895718
File C:\Users\Maltin\Desktop\portfolio_backend\venv\Lib\site-packages\social_core\backends\github.py first seen with mtime 1738445317.8643122
File C:\Users\Maltin\Desktop\portfolio_backend\venv\Lib\site-packages\jwt\algorithms.py first seen with mtime 1738445316.2333467
File C:\Users\Maltin\Desktop\portfolio_backend\venv\Lib\site-packages\requests_oauthlib\oauth2_session.py first seen with mtime 1738445316.7139547
File C:\Users\Maltin\Desktop\portfolio_backend\venv\Lib\site-packages\social_core\backends\oauth.py first seen with mtime 1738445317.9103158
File C:\Users\Maltin\Desktop\portfolio_backend\venv\Lib\site-packages\jwt\jwks_client.py first seen with mtime 1738445316.2429864
File C:\Users\Maltin\Desktop\portfolio_backend\venv\Lib\site-packages\jwt\utils.py first seen with mtime 1738445316.244988
File C:\Users\Maltin\Desktop\portfolio_backend\venv\Lib\site-packages\requests_oauthlib\oauth2_auth.py first seen with mtime 1738445316.7129526
File C:\Users\Maltin\Desktop\portfolio_backend\venv\Lib\site-packages\social_core\backends\linkedin.py first seen with mtime 1738445317.8823125
File C:\Users\Maltin\Desktop\portfolio_backend\venv\Lib\site-packages\jwt\warnings.py first seen with mtime 1738445316.2459857
File C:\Users\Maltin\Desktop\portfolio_backend\venv\Lib\site-packages\oauthlib\oauth1\rfc5849\__init__.py first seen with mtime 1738445236.777987
File C:\Users\Maltin\Desktop\portfolio_backend\venv\Lib\site-packages\oauthlib\oauth1\rfc5849\errors.py first seen with mtime 1738445236.7789876
File C:\Users\Maltin\Desktop\portfolio_backend\venv\Lib\site-packages\oauthlib\oauth1\rfc5849\endpoints\__init__.py first seen with mtime 1738445236.7855654
File C:\Users\Maltin\Desktop\portfolio_backend\venv\Lib\site-packages\jwt\exceptions.py first seen with mtime 1738445316.2379878
File C:\Users\Maltin\Desktop\portfolio_backend\venv\Lib\site-packages\oauthlib\oauth1\rfc5849\request_validator.py first seen with mtime 1738445236.7819872
File C:\Users\Maltin\Desktop\portfolio_backend\venv\Lib\site-packages\jwt\api_jws.py first seen with mtime 1738445316.2360034
File C:\Users\Maltin\Desktop\portfolio_backend\venv\Lib\site-packages\jwt\types.py first seen with mtime 1738445316.244988
File C:\Users\Maltin\Desktop\portfolio_backend\venv\Lib\site-packages\oauthlib\oauth1\rfc5849\endpoints\request_token.py first seen with mtime 1738445236.7925663
File C:\Users\Maltin\Desktop\portfolio_backend\venv\Lib\site-packages\social_core\pipeline\social_auth.py first seen with mtime 1738445318.013318
File C:\Users\Maltin\Desktop\portfolio_backend\venv\Lib\site-packages\oauthlib\oauth1\rfc5849\signature.py first seen with mtime 1738445236.782989
(0.035) SELECT "oauth2_provider_application"."id", "oauth2_provider_application"."client_id", "oauth2_provider_application"."user_id", "oauth2_provider_application"."redirect_uris", "oauth2_provider_application"."post_logout_redirect_uris", "oauth2_provider_application"."client_type", "oauth2_provider_application"."authorization_grant_type", "oauth2_provider_application"."client_secret", "oauth2_provider_application"."hash_client_secret", "oauth2_provider_application"."name", "oauth2_provider_application"."skip_authorization", "oauth2_provider_application"."created", "oauth2_provider_application"."updated", "oauth2_provider_application"."algorithm", "oauth2_provider_application"."allowed_origins" FROM "oauth2_provider_application" WHERE "oauth2_provider_application"."client_id" = 'YGE2k59Y9myR5ctwxozMvV2EEpHgWWaNwYito2rE' LIMIT 21; args=('YGE2k59Y9myR5ctwxozMvV2EEpHgWWaNwYito2rE',); alias=default
(0.001) SELECT "oauth2_provider_application"."id", "oauth2_provider_application"."client_id", "oauth2_provider_application"."user_id", "oauth2_provider_application"."redirect_uris", "oauth2_provider_application"."post_logout_redirect_uris", "oauth2_provider_application"."client_type", "oauth2_provider_application"."authorization_grant_type", "oauth2_provider_application"."client_secret", "oauth2_provider_application"."hash_client_secret", "oauth2_provider_application"."name", "oauth2_provider_application"."skip_authorization", "oauth2_provider_application"."created", "oauth2_provider_application"."updated", "oauth2_provider_application"."algorithm", "oauth2_provider_application"."allowed_origins" FROM "oauth2_provider_application" WHERE "oauth2_provider_application"."client_id" = 'YGE2k59Y9myR5ctwxozMvV2EEpHgWWaNwYito2rE' LIMIT 21; args=('YGE2k59Y9myR5ctwxozMvV2EEpHgWWaNwYito2rE',); alias=default
(0.021) SELECT "social_auth_usersocialauth"."id", "social_auth_usersocialauth"."user_id", "social_auth_usersocialauth"."provider", "social_auth_usersocialauth"."uid", "social_auth_usersocialauth"."extra_data", "social_auth_usersocialauth"."created", "social_auth_usersocialauth"."modified", "users_newuser"."id", "users_newuser"."password", "users_newuser"."last_login", "users_newuser"."is_superuser", "users_newuser"."email", "users_newuser"."username", "users_newuser"."first_name", "users_newuser"."start_date", "users_newuser"."about", "users_newuser"."is_staff", "users_newuser"."is_active" FROM "social_auth_usersocialauth" INNER JOIN "users_newuser" ON ("social_auth_usersocialauth"."user_id" = "users_newuser"."id") WHERE ("social_auth_usersocialauth"."provider" = 'github' AND "social_auth_usersocialauth"."uid" = '37213559'); args=('github', '37213559'); alias=default
(0.001) SELECT 1 AS "a" FROM "users_newuser" WHERE "users_newuser"."email" = 'maltin1234' LIMIT 1; args=(Int4(1), 'maltin1234'); alias=default
(0.000) BEGIN; args=None; alias=default
(0.031) INSERT INTO "users_newuser" ("password", "last_login", "is_superuser", "email", "username", "first_name", "start_date", "about", "is_staff", "is_active") VALUES ('!AsGDEC3MGvzzMsO1LlTxy1n1fnicuag7uLSawGAG', NULL, false, 'maltinimalmo@gmail.com', 'maltin1234', NULL, '2025-02-02 10:23:28.954221+00:00'::timestamptz, '', false, true) RETURNING "users_newuser"."id"; args=('!AsGDEC3MGvzzMsO1LlTxy1n1fnicuag7uLSawGAG', None, False, 'maltinimalmo@gmail.com', 'maltin1234', None, datetime.datetime(2025, 2, 2, 10, 23, 28, 954221, tzinfo=datetime.timezone.utc), '', False, True); alias=default
(0.000) ROLLBACK; args=None; alias=default
(0.001) SELECT "users_newuser"."id", "users_newuser"."password", "users_newuser"."last_login", "users_newuser"."is_superuser", "users_newuser"."email", "users_newuser"."username", "users_newuser"."first_name", "users_newuser"."start_date", "users_newuser"."about", "users_newuser"."is_staff", "users_newuser"."is_active" FROM "users_newuser" WHERE ("users_newuser"."email" = 'maltinimalmo@gmail.com' AND "users_newuser"."username" = 'maltin1234') LIMIT 21; args=('maltinimalmo@gmail.com', 'maltin1234'); alias=default
Bad Request: /auth/convert-token/
"POST /auth/convert-token/ HTTP/1.1" 400 27
Method Not Allowed: /auth/convert-token
- Broken pipe from ('127.0.0.1', 50552)
(0.052) SELECT "django_session"."session_key", "django_session"."session_data", "django_session"."expire_date" FROM "django_session" WHERE ("django_session"."expire_date" > '2025-02-02 10:26:26.457381+00:00'::timestamptz AND "django_session"."session_key" = 'krjpjrc3wglpwsr2is0e50bwjkbvegei') LIMIT 21; args=(datetime.datetime(2025, 2, 2, 10, 26, 26, 457381, tzinfo=datetime.timezone.utc), 'krjpjrc3wglpwsr2is0e50bwjkbvegei'); alias=default
(0.008) SELECT "users_newuser"."id", "users_newuser"."password", "users_newuser"."last_login", "users_newuser"."is_superuser", "users_newuser"."email", "users_newuser"."username", "users_newuser"."first_name", "users_newuser"."start_date", "users_newuser"."about", "users_newuser"."is_staff", "users_newuser"."is_active" FROM "users_newuser" WHERE "users_newuser"."id" = 1 LIMIT 21; args=(1,); alias=default
Exception while resolving variable 'name' in template 'unknown'.
Traceback (most recent call last):
  File "C:\Users\Maltin\Desktop\portfolio_backend\venv\Lib\site-packages\django\core\handlers\exception.py", line 55, in inner
    response = get_response(request)
  File "C:\Users\Maltin\Desktop\portfolio_backend\venv\Lib\site-packages\django\core\handlers\base.py", line 197, in _get_response
    response = wrapped_callback(request, *callback_args, **callback_kwargs)
  File "C:\Users\Maltin\Desktop\portfolio_backend\venv\Lib\site-packages\django\contrib\admin\sites.py", line 260, in wrapper
    return self.admin_view(view, cacheable)(*args, **kwargs)
           ~~~~~~~~~~~~~~~~~~~~~~~~~~~~~~~~^^^^^^^^^^^^^^^^^
  File "C:\Users\Maltin\Desktop\portfolio_backend\venv\Lib\site-packages\django\utils\decorators.py", line 188, in _view_wrapper
    result = _process_exception(request, e)
  File "C:\Users\Maltin\Desktop\portfolio_backend\venv\Lib\site-packages\django\utils\decorators.py", line 186, in _view_wrapper
    response = view_func(request, *args, **kwargs)
  File "C:\Users\Maltin\Desktop\portfolio_backend\venv\Lib\site-packages\django\views\decorators\cache.py", line 80, in _view_wrapper
    response = view_func(request, *args, **kwargs)
  File "C:\Users\Maltin\Desktop\portfolio_backend\venv\Lib\site-packages\django\contrib\admin\sites.py", line 241, in inner
    return view(request, *args, **kwargs)
  File "C:\Users\Maltin\Desktop\portfolio_backend\venv\Lib\site-packages\django\views\decorators\common.py", line 23, in _view_wrapper
    return view_func(request, *args, **kwargs)
  File "C:\Users\Maltin\Desktop\portfolio_backend\venv\Lib\site-packages\django\contrib\admin\sites.py", line 462, in catch_all_view
    raise Http404
django.http.response.Http404

During handling of the above exception, another exception occurred:

Traceback (most recent call last):
  File "C:\Users\Maltin\Desktop\portfolio_backend\venv\Lib\site-packages\django\template\base.py", line 883, in _resolve_lookup
    current = current[bit]
              ~~~~~~~^^^^^
TypeError: 'URLResolver' object is not subscriptable

During handling of the above exception, another exception occurred:

Traceback (most recent call last):
  File "C:\Users\Maltin\Desktop\portfolio_backend\venv\Lib\site-packages\django\template\base.py", line 893, in _resolve_lookup
    current = getattr(current, bit)
AttributeError: 'URLResolver' object has no attribute 'name'

During handling of the above exception, another exception occurred:

Traceback (most recent call last):
  File "C:\Users\Maltin\Desktop\portfolio_backend\venv\Lib\site-packages\django\template\base.py", line 899, in _resolve_lookup
    current = current[int(bit)]
                      ~~~^^^^^
ValueError: invalid literal for int() with base 10: 'name'

During handling of the above exception, another exception occurred:

Traceback (most recent call last):
  File "C:\Users\Maltin\Desktop\portfolio_backend\venv\Lib\site-packages\django\template\base.py", line 906, in _resolve_lookup
    raise VariableDoesNotExist(
    ^^^^^^^^^^^^^^^^^^^^^^^^^^^
    ...<2 lines>...
    )  # missing attribute
    ^
django.template.base.VariableDoesNotExist: Failed lookup for key [name] in <URLResolver <URLPattern list> (None:None) 'auth/group/'>
File C:\Users\Maltin\Desktop\portfolio_backend\venv\Lib\site-packages\django\contrib\staticfiles\storage.py first seen with mtime 1738445042.6094525
Exception while resolving variable 'name' in template 'unknown'.
Traceback (most recent call last):
  File "C:\Users\Maltin\Desktop\portfolio_backend\venv\Lib\site-packages\django\core\handlers\exception.py", line 55, in inner
    response = get_response(request)
  File "C:\Users\Maltin\Desktop\portfolio_backend\venv\Lib\site-packages\django\core\handlers\base.py", line 197, in _get_response
    response = wrapped_callback(request, *callback_args, **callback_kwargs)
  File "C:\Users\Maltin\Desktop\portfolio_backend\venv\Lib\site-packages\django\contrib\admin\sites.py", line 260, in wrapper
    return self.admin_view(view, cacheable)(*args, **kwargs)
           ~~~~~~~~~~~~~~~~~~~~~~~~~~~~~~~~^^^^^^^^^^^^^^^^^
  File "C:\Users\Maltin\Desktop\portfolio_backend\venv\Lib\site-packages\django\utils\decorators.py", line 188, in _view_wrapper
    result = _process_exception(request, e)
  File "C:\Users\Maltin\Desktop\portfolio_backend\venv\Lib\site-packages\django\utils\decorators.py", line 186, in _view_wrapper
    response = view_func(request, *args, **kwargs)
  File "C:\Users\Maltin\Desktop\portfolio_backend\venv\Lib\site-packages\django\views\decorators\cache.py", line 80, in _view_wrapper
    response = view_func(request, *args, **kwargs)
  File "C:\Users\Maltin\Desktop\portfolio_backend\venv\Lib\site-packages\django\contrib\admin\sites.py", line 241, in inner
    return view(request, *args, **kwargs)
  File "C:\Users\Maltin\Desktop\portfolio_backend\venv\Lib\site-packages\django\views\decorators\common.py", line 23, in _view_wrapper
    return view_func(request, *args, **kwargs)
  File "C:\Users\Maltin\Desktop\portfolio_backend\venv\Lib\site-packages\django\contrib\admin\sites.py", line 462, in catch_all_view
    raise Http404
django.http.response.Http404

During handling of the above exception, another exception occurred:

Traceback (most recent call last):
  File "C:\Users\Maltin\Desktop\portfolio_backend\venv\Lib\site-packages\django\template\base.py", line 883, in _resolve_lookup
    current = current[bit]
              ~~~~~~~^^^^^
TypeError: 'URLResolver' object is not subscriptable

During handling of the above exception, another exception occurred:

Traceback (most recent call last):
  File "C:\Users\Maltin\Desktop\portfolio_backend\venv\Lib\site-packages\django\template\base.py", line 893, in _resolve_lookup
    current = getattr(current, bit)
AttributeError: 'URLResolver' object has no attribute 'name'

During handling of the above exception, another exception occurred:

Traceback (most recent call last):
  File "C:\Users\Maltin\Desktop\portfolio_backend\venv\Lib\site-packages\django\template\base.py", line 899, in _resolve_lookup
    current = current[int(bit)]
                      ~~~^^^^^
ValueError: invalid literal for int() with base 10: 'name'

During handling of the above exception, another exception occurred:

Traceback (most recent call last):
  File "C:\Users\Maltin\Desktop\portfolio_backend\venv\Lib\site-packages\django\template\base.py", line 906, in _resolve_lookup
    raise VariableDoesNotExist(
    ^^^^^^^^^^^^^^^^^^^^^^^^^^^
    ...<2 lines>...
    )  # missing attribute
    ^
django.template.base.VariableDoesNotExist: Failed lookup for key [name] in <URLResolver <URLPattern list> (None:None) 'authtoken/tokenproxy/'>
File C:\Users\Maltin\Desktop\portfolio_backend\venv\Lib\site-packages\django\contrib\auth\context_processors.py first seen with mtime 1738445032.6502013
Exception while resolving variable 'name' in template 'unknown'.
Traceback (most recent call last):
  File "C:\Users\Maltin\Desktop\portfolio_backend\venv\Lib\site-packages\django\core\handlers\exception.py", line 55, in inner
    response = get_response(request)
  File "C:\Users\Maltin\Desktop\portfolio_backend\venv\Lib\site-packages\django\core\handlers\base.py", line 197, in _get_response
    response = wrapped_callback(request, *callback_args, **callback_kwargs)
  File "C:\Users\Maltin\Desktop\portfolio_backend\venv\Lib\site-packages\django\contrib\admin\sites.py", line 260, in wrapper
    return self.admin_view(view, cacheable)(*args, **kwargs)
           ~~~~~~~~~~~~~~~~~~~~~~~~~~~~~~~~^^^^^^^^^^^^^^^^^
  File "C:\Users\Maltin\Desktop\portfolio_backend\venv\Lib\site-packages\django\utils\decorators.py", line 188, in _view_wrapper
    result = _process_exception(request, e)
  File "C:\Users\Maltin\Desktop\portfolio_backend\venv\Lib\site-packages\django\utils\decorators.py", line 186, in _view_wrapper
    response = view_func(request, *args, **kwargs)
  File "C:\Users\Maltin\Desktop\portfolio_backend\venv\Lib\site-packages\django\views\decorators\cache.py", line 80, in _view_wrapper
    response = view_func(request, *args, **kwargs)
  File "C:\Users\Maltin\Desktop\portfolio_backend\venv\Lib\site-packages\django\contrib\admin\sites.py", line 241, in inner
    return view(request, *args, **kwargs)
  File "C:\Users\Maltin\Desktop\portfolio_backend\venv\Lib\site-packages\django\views\decorators\common.py", line 23, in _view_wrapper
    return view_func(request, *args, **kwargs)
  File "C:\Users\Maltin\Desktop\portfolio_backend\venv\Lib\site-packages\django\contrib\admin\sites.py", line 462, in catch_all_view
    raise Http404
django.http.response.Http404

During handling of the above exception, another exception occurred:

Traceback (most recent call last):
  File "C:\Users\Maltin\Desktop\portfolio_backend\venv\Lib\site-packages\django\template\base.py", line 883, in _resolve_lookup
    current = current[bit]
              ~~~~~~~^^^^^
TypeError: 'URLResolver' object is not subscriptable

During handling of the above exception, another exception occurred:

Traceback (most recent call last):
  File "C:\Users\Maltin\Desktop\portfolio_backend\venv\Lib\site-packages\django\template\base.py", line 893, in _resolve_lookup
    current = getattr(current, bit)
AttributeError: 'URLResolver' object has no attribute 'name'

During handling of the above exception, another exception occurred:

Traceback (most recent call last):
  File "C:\Users\Maltin\Desktop\portfolio_backend\venv\Lib\site-packages\django\template\base.py", line 899, in _resolve_lookup
    current = current[int(bit)]
                      ~~~^^^^^
ValueError: invalid literal for int() with base 10: 'name'

During handling of the above exception, another exception occurred:

Traceback (most recent call last):
  File "C:\Users\Maltin\Desktop\portfolio_backend\venv\Lib\site-packages\django\template\base.py", line 906, in _resolve_lookup
    raise VariableDoesNotExist(
    ^^^^^^^^^^^^^^^^^^^^^^^^^^^
    ...<2 lines>...
    )  # missing attribute
    ^
django.template.base.VariableDoesNotExist: Failed lookup for key [name] in <URLResolver <URLPattern list> (None:None) 'portfolioapp/todo/'>
Exception while resolving variable 'name' in template 'unknown'.
Traceback (most recent call last):
  File "C:\Users\Maltin\Desktop\portfolio_backend\venv\Lib\site-packages\django\core\handlers\exception.py", line 55, in inner
    response = get_response(request)
  File "C:\Users\Maltin\Desktop\portfolio_backend\venv\Lib\site-packages\django\core\handlers\base.py", line 197, in _get_response
    response = wrapped_callback(request, *callback_args, **callback_kwargs)
  File "C:\Users\Maltin\Desktop\portfolio_backend\venv\Lib\site-packages\django\contrib\admin\sites.py", line 260, in wrapper
    return self.admin_view(view, cacheable)(*args, **kwargs)
           ~~~~~~~~~~~~~~~~~~~~~~~~~~~~~~~~^^^^^^^^^^^^^^^^^
  File "C:\Users\Maltin\Desktop\portfolio_backend\venv\Lib\site-packages\django\utils\decorators.py", line 188, in _view_wrapper
    result = _process_exception(request, e)
  File "C:\Users\Maltin\Desktop\portfolio_backend\venv\Lib\site-packages\django\utils\decorators.py", line 186, in _view_wrapper
    response = view_func(request, *args, **kwargs)
  File "C:\Users\Maltin\Desktop\portfolio_backend\venv\Lib\site-packages\django\views\decorators\cache.py", line 80, in _view_wrapper
    response = view_func(request, *args, **kwargs)
  File "C:\Users\Maltin\Desktop\portfolio_backend\venv\Lib\site-packages\django\contrib\admin\sites.py", line 241, in inner
    return view(request, *args, **kwargs)
  File "C:\Users\Maltin\Desktop\portfolio_backend\venv\Lib\site-packages\django\views\decorators\common.py", line 23, in _view_wrapper
    return view_func(request, *args, **kwargs)
  File "C:\Users\Maltin\Desktop\portfolio_backend\venv\Lib\site-packages\django\contrib\admin\sites.py", line 462, in catch_all_view
    raise Http404
django.http.response.Http404

During handling of the above exception, another exception occurred:

Traceback (most recent call last):
  File "C:\Users\Maltin\Desktop\portfolio_backend\venv\Lib\site-packages\django\template\base.py", line 883, in _resolve_lookup
    current = current[bit]
              ~~~~~~~^^^^^
TypeError: 'URLResolver' object is not subscriptable

During handling of the above exception, another exception occurred:

Traceback (most recent call last):
  File "C:\Users\Maltin\Desktop\portfolio_backend\venv\Lib\site-packages\django\template\base.py", line 893, in _resolve_lookup
    current = getattr(current, bit)
AttributeError: 'URLResolver' object has no attribute 'name'

During handling of the above exception, another exception occurred:

Traceback (most recent call last):
  File "C:\Users\Maltin\Desktop\portfolio_backend\venv\Lib\site-packages\django\template\base.py", line 899, in _resolve_lookup
    current = current[int(bit)]
                      ~~~^^^^^
ValueError: invalid literal for int() with base 10: 'name'

During handling of the above exception, another exception occurred:

Traceback (most recent call last):
  File "C:\Users\Maltin\Desktop\portfolio_backend\venv\Lib\site-packages\django\template\base.py", line 906, in _resolve_lookup
    raise VariableDoesNotExist(
    ^^^^^^^^^^^^^^^^^^^^^^^^^^^
    ...<2 lines>...
    )  # missing attribute
    ^
django.template.base.VariableDoesNotExist: Failed lookup for key [name] in <URLResolver <URLPattern list> (None:None) 'users/newuser/'>
Exception while resolving variable 'name' in template 'unknown'.
Traceback (most recent call last):
  File "C:\Users\Maltin\Desktop\portfolio_backend\venv\Lib\site-packages\django\core\handlers\exception.py", line 55, in inner
    response = get_response(request)
  File "C:\Users\Maltin\Desktop\portfolio_backend\venv\Lib\site-packages\django\core\handlers\base.py", line 197, in _get_response
    response = wrapped_callback(request, *callback_args, **callback_kwargs)
  File "C:\Users\Maltin\Desktop\portfolio_backend\venv\Lib\site-packages\django\contrib\admin\sites.py", line 260, in wrapper
    return self.admin_view(view, cacheable)(*args, **kwargs)
           ~~~~~~~~~~~~~~~~~~~~~~~~~~~~~~~~^^^^^^^^^^^^^^^^^
  File "C:\Users\Maltin\Desktop\portfolio_backend\venv\Lib\site-packages\django\utils\decorators.py", line 188, in _view_wrapper
    result = _process_exception(request, e)
  File "C:\Users\Maltin\Desktop\portfolio_backend\venv\Lib\site-packages\django\utils\decorators.py", line 186, in _view_wrapper
    response = view_func(request, *args, **kwargs)
  File "C:\Users\Maltin\Desktop\portfolio_backend\venv\Lib\site-packages\django\views\decorators\cache.py", line 80, in _view_wrapper
    response = view_func(request, *args, **kwargs)
  File "C:\Users\Maltin\Desktop\portfolio_backend\venv\Lib\site-packages\django\contrib\admin\sites.py", line 241, in inner
    return view(request, *args, **kwargs)
  File "C:\Users\Maltin\Desktop\portfolio_backend\venv\Lib\site-packages\django\views\decorators\common.py", line 23, in _view_wrapper
    return view_func(request, *args, **kwargs)
  File "C:\Users\Maltin\Desktop\portfolio_backend\venv\Lib\site-packages\django\contrib\admin\sites.py", line 462, in catch_all_view
    raise Http404
django.http.response.Http404

During handling of the above exception, another exception occurred:

Traceback (most recent call last):
  File "C:\Users\Maltin\Desktop\portfolio_backend\venv\Lib\site-packages\django\template\base.py", line 883, in _resolve_lookup
    current = current[bit]
              ~~~~~~~^^^^^
TypeError: 'URLResolver' object is not subscriptable

During handling of the above exception, another exception occurred:

Traceback (most recent call last):
  File "C:\Users\Maltin\Desktop\portfolio_backend\venv\Lib\site-packages\django\template\base.py", line 893, in _resolve_lookup
    current = getattr(current, bit)
AttributeError: 'URLResolver' object has no attribute 'name'

During handling of the above exception, another exception occurred:

Traceback (most recent call last):
  File "C:\Users\Maltin\Desktop\portfolio_backend\venv\Lib\site-packages\django\template\base.py", line 899, in _resolve_lookup
    current = current[int(bit)]
                      ~~~^^^^^
ValueError: invalid literal for int() with base 10: 'name'

During handling of the above exception, another exception occurred:

Traceback (most recent call last):
  File "C:\Users\Maltin\Desktop\portfolio_backend\venv\Lib\site-packages\django\template\base.py", line 906, in _resolve_lookup
    raise VariableDoesNotExist(
    ^^^^^^^^^^^^^^^^^^^^^^^^^^^
    ...<2 lines>...
    )  # missing attribute
    ^
django.template.base.VariableDoesNotExist: Failed lookup for key [name] in <URLResolver <URLPattern list> (None:None) 'oauth2_provider/application/'>
Exception while resolving variable 'name' in template 'unknown'.
Traceback (most recent call last):
  File "C:\Users\Maltin\Desktop\portfolio_backend\venv\Lib\site-packages\django\core\handlers\exception.py", line 55, in inner
    response = get_response(request)
  File "C:\Users\Maltin\Desktop\portfolio_backend\venv\Lib\site-packages\django\core\handlers\base.py", line 197, in _get_response
    response = wrapped_callback(request, *callback_args, **callback_kwargs)
  File "C:\Users\Maltin\Desktop\portfolio_backend\venv\Lib\site-packages\django\contrib\admin\sites.py", line 260, in wrapper
    return self.admin_view(view, cacheable)(*args, **kwargs)
           ~~~~~~~~~~~~~~~~~~~~~~~~~~~~~~~~^^^^^^^^^^^^^^^^^
  File "C:\Users\Maltin\Desktop\portfolio_backend\venv\Lib\site-packages\django\utils\decorators.py", line 188, in _view_wrapper
    result = _process_exception(request, e)
  File "C:\Users\Maltin\Desktop\portfolio_backend\venv\Lib\site-packages\django\utils\decorators.py", line 186, in _view_wrapper
    response = view_func(request, *args, **kwargs)
  File "C:\Users\Maltin\Desktop\portfolio_backend\venv\Lib\site-packages\django\views\decorators\cache.py", line 80, in _view_wrapper
    response = view_func(request, *args, **kwargs)
  File "C:\Users\Maltin\Desktop\portfolio_backend\venv\Lib\site-packages\django\contrib\admin\sites.py", line 241, in inner
    return view(request, *args, **kwargs)
  File "C:\Users\Maltin\Desktop\portfolio_backend\venv\Lib\site-packages\django\views\decorators\common.py", line 23, in _view_wrapper
    return view_func(request, *args, **kwargs)
  File "C:\Users\Maltin\Desktop\portfolio_backend\venv\Lib\site-packages\django\contrib\admin\sites.py", line 462, in catch_all_view
    raise Http404
django.http.response.Http404

During handling of the above exception, another exception occurred:

Traceback (most recent call last):
  File "C:\Users\Maltin\Desktop\portfolio_backend\venv\Lib\site-packages\django\template\base.py", line 883, in _resolve_lookup
    current = current[bit]
              ~~~~~~~^^^^^
TypeError: 'URLResolver' object is not subscriptable

During handling of the above exception, another exception occurred:

Traceback (most recent call last):
  File "C:\Users\Maltin\Desktop\portfolio_backend\venv\Lib\site-packages\django\template\base.py", line 893, in _resolve_lookup
    current = getattr(current, bit)
AttributeError: 'URLResolver' object has no attribute 'name'

During handling of the above exception, another exception occurred:

Traceback (most recent call last):
  File "C:\Users\Maltin\Desktop\portfolio_backend\venv\Lib\site-packages\django\template\base.py", line 899, in _resolve_lookup
    current = current[int(bit)]
                      ~~~^^^^^
ValueError: invalid literal for int() with base 10: 'name'

During handling of the above exception, another exception occurred:

Traceback (most recent call last):
  File "C:\Users\Maltin\Desktop\portfolio_backend\venv\Lib\site-packages\django\template\base.py", line 906, in _resolve_lookup
    raise VariableDoesNotExist(
    ^^^^^^^^^^^^^^^^^^^^^^^^^^^
    ...<2 lines>...
    )  # missing attribute
    ^
django.template.base.VariableDoesNotExist: Failed lookup for key [name] in <URLResolver <URLPattern list> (None:None) 'oauth2_provider/accesstoken/'>
Exception while resolving variable 'name' in template 'unknown'.
Traceback (most recent call last):
  File "C:\Users\Maltin\Desktop\portfolio_backend\venv\Lib\site-packages\django\core\handlers\exception.py", line 55, in inner
    response = get_response(request)
  File "C:\Users\Maltin\Desktop\portfolio_backend\venv\Lib\site-packages\django\core\handlers\base.py", line 197, in _get_response
    response = wrapped_callback(request, *callback_args, **callback_kwargs)
  File "C:\Users\Maltin\Desktop\portfolio_backend\venv\Lib\site-packages\django\contrib\admin\sites.py", line 260, in wrapper
    return self.admin_view(view, cacheable)(*args, **kwargs)
           ~~~~~~~~~~~~~~~~~~~~~~~~~~~~~~~~^^^^^^^^^^^^^^^^^
  File "C:\Users\Maltin\Desktop\portfolio_backend\venv\Lib\site-packages\django\utils\decorators.py", line 188, in _view_wrapper
    result = _process_exception(request, e)
  File "C:\Users\Maltin\Desktop\portfolio_backend\venv\Lib\site-packages\django\utils\decorators.py", line 186, in _view_wrapper
    response = view_func(request, *args, **kwargs)
  File "C:\Users\Maltin\Desktop\portfolio_backend\venv\Lib\site-packages\django\views\decorators\cache.py", line 80, in _view_wrapper
    response = view_func(request, *args, **kwargs)
  File "C:\Users\Maltin\Desktop\portfolio_backend\venv\Lib\site-packages\django\contrib\admin\sites.py", line 241, in inner
    return view(request, *args, **kwargs)
  File "C:\Users\Maltin\Desktop\portfolio_backend\venv\Lib\site-packages\django\views\decorators\common.py", line 23, in _view_wrapper
    return view_func(request, *args, **kwargs)
  File "C:\Users\Maltin\Desktop\portfolio_backend\venv\Lib\site-packages\django\contrib\admin\sites.py", line 462, in catch_all_view
    raise Http404
django.http.response.Http404

During handling of the above exception, another exception occurred:

Traceback (most recent call last):
  File "C:\Users\Maltin\Desktop\portfolio_backend\venv\Lib\site-packages\django\template\base.py", line 883, in _resolve_lookup
    current = current[bit]
              ~~~~~~~^^^^^
TypeError: 'URLResolver' object is not subscriptable

During handling of the above exception, another exception occurred:

Traceback (most recent call last):
  File "C:\Users\Maltin\Desktop\portfolio_backend\venv\Lib\site-packages\django\template\base.py", line 893, in _resolve_lookup
    current = getattr(current, bit)
AttributeError: 'URLResolver' object has no attribute 'name'

During handling of the above exception, another exception occurred:

Traceback (most recent call last):
  File "C:\Users\Maltin\Desktop\portfolio_backend\venv\Lib\site-packages\django\template\base.py", line 899, in _resolve_lookup
    current = current[int(bit)]
                      ~~~^^^^^
ValueError: invalid literal for int() with base 10: 'name'

During handling of the above exception, another exception occurred:

Traceback (most recent call last):
  File "C:\Users\Maltin\Desktop\portfolio_backend\venv\Lib\site-packages\django\template\base.py", line 906, in _resolve_lookup
    raise VariableDoesNotExist(
    ^^^^^^^^^^^^^^^^^^^^^^^^^^^
    ...<2 lines>...
    )  # missing attribute
    ^
django.template.base.VariableDoesNotExist: Failed lookup for key [name] in <URLResolver <URLPattern list> (None:None) 'oauth2_provider/grant/'>
Exception while resolving variable 'name' in template 'unknown'.
Traceback (most recent call last):
  File "C:\Users\Maltin\Desktop\portfolio_backend\venv\Lib\site-packages\django\core\handlers\exception.py", line 55, in inner
    response = get_response(request)
  File "C:\Users\Maltin\Desktop\portfolio_backend\venv\Lib\site-packages\django\core\handlers\base.py", line 197, in _get_response
    response = wrapped_callback(request, *callback_args, **callback_kwargs)
  File "C:\Users\Maltin\Desktop\portfolio_backend\venv\Lib\site-packages\django\contrib\admin\sites.py", line 260, in wrapper
    return self.admin_view(view, cacheable)(*args, **kwargs)
           ~~~~~~~~~~~~~~~~~~~~~~~~~~~~~~~~^^^^^^^^^^^^^^^^^
  File "C:\Users\Maltin\Desktop\portfolio_backend\venv\Lib\site-packages\django\utils\decorators.py", line 188, in _view_wrapper
    result = _process_exception(request, e)
  File "C:\Users\Maltin\Desktop\portfolio_backend\venv\Lib\site-packages\django\utils\decorators.py", line 186, in _view_wrapper
    response = view_func(request, *args, **kwargs)
  File "C:\Users\Maltin\Desktop\portfolio_backend\venv\Lib\site-packages\django\views\decorators\cache.py", line 80, in _view_wrapper
    response = view_func(request, *args, **kwargs)
  File "C:\Users\Maltin\Desktop\portfolio_backend\venv\Lib\site-packages\django\contrib\admin\sites.py", line 241, in inner
    return view(request, *args, **kwargs)
  File "C:\Users\Maltin\Desktop\portfolio_backend\venv\Lib\site-packages\django\views\decorators\common.py", line 23, in _view_wrapper
    return view_func(request, *args, **kwargs)
  File "C:\Users\Maltin\Desktop\portfolio_backend\venv\Lib\site-packages\django\contrib\admin\sites.py", line 462, in catch_all_view
    raise Http404
django.http.response.Http404

During handling of the above exception, another exception occurred:

Traceback (most recent call last):
  File "C:\Users\Maltin\Desktop\portfolio_backend\venv\Lib\site-packages\django\template\base.py", line 883, in _resolve_lookup
    current = current[bit]
              ~~~~~~~^^^^^
TypeError: 'URLResolver' object is not subscriptable

During handling of the above exception, another exception occurred:

Traceback (most recent call last):
  File "C:\Users\Maltin\Desktop\portfolio_backend\venv\Lib\site-packages\django\template\base.py", line 893, in _resolve_lookup
    current = getattr(current, bit)
AttributeError: 'URLResolver' object has no attribute 'name'

During handling of the above exception, another exception occurred:

Traceback (most recent call last):
  File "C:\Users\Maltin\Desktop\portfolio_backend\venv\Lib\site-packages\django\template\base.py", line 899, in _resolve_lookup
    current = current[int(bit)]
                      ~~~^^^^^
ValueError: invalid literal for int() with base 10: 'name'

During handling of the above exception, another exception occurred:

Traceback (most recent call last):
  File "C:\Users\Maltin\Desktop\portfolio_backend\venv\Lib\site-packages\django\template\base.py", line 906, in _resolve_lookup
    raise VariableDoesNotExist(
    ^^^^^^^^^^^^^^^^^^^^^^^^^^^
    ...<2 lines>...
    )  # missing attribute
    ^
django.template.base.VariableDoesNotExist: Failed lookup for key [name] in <URLResolver <URLPattern list> (None:None) 'oauth2_provider/idtoken/'>
Exception while resolving variable 'name' in template 'unknown'.
Traceback (most recent call last):
  File "C:\Users\Maltin\Desktop\portfolio_backend\venv\Lib\site-packages\django\core\handlers\exception.py", line 55, in inner
    response = get_response(request)
  File "C:\Users\Maltin\Desktop\portfolio_backend\venv\Lib\site-packages\django\core\handlers\base.py", line 197, in _get_response
    response = wrapped_callback(request, *callback_args, **callback_kwargs)
  File "C:\Users\Maltin\Desktop\portfolio_backend\venv\Lib\site-packages\django\contrib\admin\sites.py", line 260, in wrapper
    return self.admin_view(view, cacheable)(*args, **kwargs)
           ~~~~~~~~~~~~~~~~~~~~~~~~~~~~~~~~^^^^^^^^^^^^^^^^^
  File "C:\Users\Maltin\Desktop\portfolio_backend\venv\Lib\site-packages\django\utils\decorators.py", line 188, in _view_wrapper
    result = _process_exception(request, e)
  File "C:\Users\Maltin\Desktop\portfolio_backend\venv\Lib\site-packages\django\utils\decorators.py", line 186, in _view_wrapper
    response = view_func(request, *args, **kwargs)
  File "C:\Users\Maltin\Desktop\portfolio_backend\venv\Lib\site-packages\django\views\decorators\cache.py", line 80, in _view_wrapper
    response = view_func(request, *args, **kwargs)
  File "C:\Users\Maltin\Desktop\portfolio_backend\venv\Lib\site-packages\django\contrib\admin\sites.py", line 241, in inner
    return view(request, *args, **kwargs)
  File "C:\Users\Maltin\Desktop\portfolio_backend\venv\Lib\site-packages\django\views\decorators\common.py", line 23, in _view_wrapper
    return view_func(request, *args, **kwargs)
  File "C:\Users\Maltin\Desktop\portfolio_backend\venv\Lib\site-packages\django\contrib\admin\sites.py", line 462, in catch_all_view
    raise Http404
django.http.response.Http404

During handling of the above exception, another exception occurred:

Traceback (most recent call last):
  File "C:\Users\Maltin\Desktop\portfolio_backend\venv\Lib\site-packages\django\template\base.py", line 883, in _resolve_lookup
    current = current[bit]
              ~~~~~~~^^^^^
TypeError: 'URLResolver' object is not subscriptable

During handling of the above exception, another exception occurred:

Traceback (most recent call last):
  File "C:\Users\Maltin\Desktop\portfolio_backend\venv\Lib\site-packages\django\template\base.py", line 893, in _resolve_lookup
    current = getattr(current, bit)
AttributeError: 'URLResolver' object has no attribute 'name'

During handling of the above exception, another exception occurred:

Traceback (most recent call last):
  File "C:\Users\Maltin\Desktop\portfolio_backend\venv\Lib\site-packages\django\template\base.py", line 899, in _resolve_lookup
    current = current[int(bit)]
                      ~~~^^^^^
ValueError: invalid literal for int() with base 10: 'name'

During handling of the above exception, another exception occurred:

Traceback (most recent call last):
  File "C:\Users\Maltin\Desktop\portfolio_backend\venv\Lib\site-packages\django\template\base.py", line 906, in _resolve_lookup
    raise VariableDoesNotExist(
    ^^^^^^^^^^^^^^^^^^^^^^^^^^^
    ...<2 lines>...
    )  # missing attribute
    ^
django.template.base.VariableDoesNotExist: Failed lookup for key [name] in <URLResolver <URLPattern list> (None:None) 'oauth2_provider/refreshtoken/'>
Exception while resolving variable 'name' in template 'unknown'.
Traceback (most recent call last):
  File "C:\Users\Maltin\Desktop\portfolio_backend\venv\Lib\site-packages\django\core\handlers\exception.py", line 55, in inner
    response = get_response(request)
  File "C:\Users\Maltin\Desktop\portfolio_backend\venv\Lib\site-packages\django\core\handlers\base.py", line 197, in _get_response
    response = wrapped_callback(request, *callback_args, **callback_kwargs)
  File "C:\Users\Maltin\Desktop\portfolio_backend\venv\Lib\site-packages\django\contrib\admin\sites.py", line 260, in wrapper
    return self.admin_view(view, cacheable)(*args, **kwargs)
           ~~~~~~~~~~~~~~~~~~~~~~~~~~~~~~~~^^^^^^^^^^^^^^^^^
  File "C:\Users\Maltin\Desktop\portfolio_backend\venv\Lib\site-packages\django\utils\decorators.py", line 188, in _view_wrapper
    result = _process_exception(request, e)
  File "C:\Users\Maltin\Desktop\portfolio_backend\venv\Lib\site-packages\django\utils\decorators.py", line 186, in _view_wrapper
    response = view_func(request, *args, **kwargs)
  File "C:\Users\Maltin\Desktop\portfolio_backend\venv\Lib\site-packages\django\views\decorators\cache.py", line 80, in _view_wrapper
    response = view_func(request, *args, **kwargs)
  File "C:\Users\Maltin\Desktop\portfolio_backend\venv\Lib\site-packages\django\contrib\admin\sites.py", line 241, in inner
    return view(request, *args, **kwargs)
  File "C:\Users\Maltin\Desktop\portfolio_backend\venv\Lib\site-packages\django\views\decorators\common.py", line 23, in _view_wrapper
    return view_func(request, *args, **kwargs)
  File "C:\Users\Maltin\Desktop\portfolio_backend\venv\Lib\site-packages\django\contrib\admin\sites.py", line 462, in catch_all_view
    raise Http404
django.http.response.Http404

During handling of the above exception, another exception occurred:

Traceback (most recent call last):
  File "C:\Users\Maltin\Desktop\portfolio_backend\venv\Lib\site-packages\django\template\base.py", line 883, in _resolve_lookup
    current = current[bit]
              ~~~~~~~^^^^^
TypeError: 'URLResolver' object is not subscriptable

During handling of the above exception, another exception occurred:

Traceback (most recent call last):
  File "C:\Users\Maltin\Desktop\portfolio_backend\venv\Lib\site-packages\django\template\base.py", line 893, in _resolve_lookup
    current = getattr(current, bit)
AttributeError: 'URLResolver' object has no attribute 'name'

During handling of the above exception, another exception occurred:

Traceback (most recent call last):
  File "C:\Users\Maltin\Desktop\portfolio_backend\venv\Lib\site-packages\django\template\base.py", line 899, in _resolve_lookup
    current = current[int(bit)]
                      ~~~^^^^^
ValueError: invalid literal for int() with base 10: 'name'

During handling of the above exception, another exception occurred:

Traceback (most recent call last):
  File "C:\Users\Maltin\Desktop\portfolio_backend\venv\Lib\site-packages\django\template\base.py", line 906, in _resolve_lookup
    raise VariableDoesNotExist(
    ^^^^^^^^^^^^^^^^^^^^^^^^^^^
    ...<2 lines>...
    )  # missing attribute
    ^
django.template.base.VariableDoesNotExist: Failed lookup for key [name] in <URLResolver <URLPattern list> (None:None) 'social_django/usersocialauth/'>
Exception while resolving variable 'name' in template 'unknown'.
Traceback (most recent call last):
  File "C:\Users\Maltin\Desktop\portfolio_backend\venv\Lib\site-packages\django\core\handlers\exception.py", line 55, in inner
    response = get_response(request)
  File "C:\Users\Maltin\Desktop\portfolio_backend\venv\Lib\site-packages\django\core\handlers\base.py", line 197, in _get_response
    response = wrapped_callback(request, *callback_args, **callback_kwargs)
  File "C:\Users\Maltin\Desktop\portfolio_backend\venv\Lib\site-packages\django\contrib\admin\sites.py", line 260, in wrapper
    return self.admin_view(view, cacheable)(*args, **kwargs)
           ~~~~~~~~~~~~~~~~~~~~~~~~~~~~~~~~^^^^^^^^^^^^^^^^^
  File "C:\Users\Maltin\Desktop\portfolio_backend\venv\Lib\site-packages\django\utils\decorators.py", line 188, in _view_wrapper
    result = _process_exception(request, e)
  File "C:\Users\Maltin\Desktop\portfolio_backend\venv\Lib\site-packages\django\utils\decorators.py", line 186, in _view_wrapper
    response = view_func(request, *args, **kwargs)
  File "C:\Users\Maltin\Desktop\portfolio_backend\venv\Lib\site-packages\django\views\decorators\cache.py", line 80, in _view_wrapper
    response = view_func(request, *args, **kwargs)
  File "C:\Users\Maltin\Desktop\portfolio_backend\venv\Lib\site-packages\django\contrib\admin\sites.py", line 241, in inner
    return view(request, *args, **kwargs)
  File "C:\Users\Maltin\Desktop\portfolio_backend\venv\Lib\site-packages\django\views\decorators\common.py", line 23, in _view_wrapper
    return view_func(request, *args, **kwargs)
  File "C:\Users\Maltin\Desktop\portfolio_backend\venv\Lib\site-packages\django\contrib\admin\sites.py", line 462, in catch_all_view
    raise Http404
django.http.response.Http404

During handling of the above exception, another exception occurred:

Traceback (most recent call last):
  File "C:\Users\Maltin\Desktop\portfolio_backend\venv\Lib\site-packages\django\template\base.py", line 883, in _resolve_lookup
    current = current[bit]
              ~~~~~~~^^^^^
TypeError: 'URLResolver' object is not subscriptable

During handling of the above exception, another exception occurred:

Traceback (most recent call last):
  File "C:\Users\Maltin\Desktop\portfolio_backend\venv\Lib\site-packages\django\template\base.py", line 893, in _resolve_lookup
    current = getattr(current, bit)
AttributeError: 'URLResolver' object has no attribute 'name'

During handling of the above exception, another exception occurred:

Traceback (most recent call last):
  File "C:\Users\Maltin\Desktop\portfolio_backend\venv\Lib\site-packages\django\template\base.py", line 899, in _resolve_lookup
    current = current[int(bit)]
                      ~~~^^^^^
ValueError: invalid literal for int() with base 10: 'name'

During handling of the above exception, another exception occurred:

Traceback (most recent call last):
  File "C:\Users\Maltin\Desktop\portfolio_backend\venv\Lib\site-packages\django\template\base.py", line 906, in _resolve_lookup
    raise VariableDoesNotExist(
    ^^^^^^^^^^^^^^^^^^^^^^^^^^^
    ...<2 lines>...
    )  # missing attribute
    ^
django.template.base.VariableDoesNotExist: Failed lookup for key [name] in <URLResolver <URLPattern list> (None:None) 'social_django/nonce/'>
Exception while resolving variable 'name' in template 'unknown'.
Traceback (most recent call last):
  File "C:\Users\Maltin\Desktop\portfolio_backend\venv\Lib\site-packages\django\core\handlers\exception.py", line 55, in inner
    response = get_response(request)
  File "C:\Users\Maltin\Desktop\portfolio_backend\venv\Lib\site-packages\django\core\handlers\base.py", line 197, in _get_response
    response = wrapped_callback(request, *callback_args, **callback_kwargs)
  File "C:\Users\Maltin\Desktop\portfolio_backend\venv\Lib\site-packages\django\contrib\admin\sites.py", line 260, in wrapper
    return self.admin_view(view, cacheable)(*args, **kwargs)
           ~~~~~~~~~~~~~~~~~~~~~~~~~~~~~~~~^^^^^^^^^^^^^^^^^
  File "C:\Users\Maltin\Desktop\portfolio_backend\venv\Lib\site-packages\django\utils\decorators.py", line 188, in _view_wrapper
    result = _process_exception(request, e)
  File "C:\Users\Maltin\Desktop\portfolio_backend\venv\Lib\site-packages\django\utils\decorators.py", line 186, in _view_wrapper
    response = view_func(request, *args, **kwargs)
  File "C:\Users\Maltin\Desktop\portfolio_backend\venv\Lib\site-packages\django\views\decorators\cache.py", line 80, in _view_wrapper
    response = view_func(request, *args, **kwargs)
  File "C:\Users\Maltin\Desktop\portfolio_backend\venv\Lib\site-packages\django\contrib\admin\sites.py", line 241, in inner
    return view(request, *args, **kwargs)
  File "C:\Users\Maltin\Desktop\portfolio_backend\venv\Lib\site-packages\django\views\decorators\common.py", line 23, in _view_wrapper
    return view_func(request, *args, **kwargs)
  File "C:\Users\Maltin\Desktop\portfolio_backend\venv\Lib\site-packages\django\contrib\admin\sites.py", line 462, in catch_all_view
    raise Http404
django.http.response.Http404

During handling of the above exception, another exception occurred:

Traceback (most recent call last):
  File "C:\Users\Maltin\Desktop\portfolio_backend\venv\Lib\site-packages\django\template\base.py", line 883, in _resolve_lookup
    current = current[bit]
              ~~~~~~~^^^^^
TypeError: 'URLResolver' object is not subscriptable

During handling of the above exception, another exception occurred:

Traceback (most recent call last):
  File "C:\Users\Maltin\Desktop\portfolio_backend\venv\Lib\site-packages\django\template\base.py", line 893, in _resolve_lookup
    current = getattr(current, bit)
AttributeError: 'URLResolver' object has no attribute 'name'

During handling of the above exception, another exception occurred:

Traceback (most recent call last):
  File "C:\Users\Maltin\Desktop\portfolio_backend\venv\Lib\site-packages\django\template\base.py", line 899, in _resolve_lookup
    current = current[int(bit)]
                      ~~~^^^^^
ValueError: invalid literal for int() with base 10: 'name'

During handling of the above exception, another exception occurred:

Traceback (most recent call last):
  File "C:\Users\Maltin\Desktop\portfolio_backend\venv\Lib\site-packages\django\template\base.py", line 906, in _resolve_lookup
    raise VariableDoesNotExist(
    ^^^^^^^^^^^^^^^^^^^^^^^^^^^
    ...<2 lines>...
    )  # missing attribute
    ^
django.template.base.VariableDoesNotExist: Failed lookup for key [name] in <URLResolver <URLPattern list> (None:None) 'social_django/association/'>
File C:\Users\Maltin\Desktop\portfolio_backend\venv\Lib\site-packages\django\template\context_processors.py first seen with mtime 1738445043.4414523
Not Found: /admin/users/customuser/
- Broken pipe from ('127.0.0.1', 50553)
File C:\Users\Maltin\Desktop\portfolio_backend\venv\Lib\site-packages\django\contrib\messages\context_processors.py first seen with mtime 1738445038.6079395
File C:\Users\Maltin\Desktop\portfolio_backend\venv\Lib\site-packages\social_django\context_processors.py first seen with mtime 1738445321.4011686
File C:\Users\Maltin\Desktop\portfolio_backend\venv\Lib\site-packages\django\conf\locale\en\formats.py first seen with mtime 1738445025.0163524
File C:\Users\Maltin\Desktop\portfolio_backend\venv\Lib\site-packages\django\conf\locale\en\__init__.py first seen with mtime 1738445025.0143566
(0.023) SELECT "django_session"."session_key", "django_session"."session_data", "django_session"."expire_date" FROM "django_session" WHERE ("django_session"."expire_date" > '2025-02-02 10:26:33.075417+00:00'::timestamptz AND "django_session"."session_key" = 'krjpjrc3wglpwsr2is0e50bwjkbvegei') LIMIT 21; args=(datetime.datetime(2025, 2, 2, 10, 26, 33, 75417, tzinfo=datetime.timezone.utc), 'krjpjrc3wglpwsr2is0e50bwjkbvegei'); alias=default
(0.005) SELECT "users_newuser"."id", "users_newuser"."password", "users_newuser"."last_login", "users_newuser"."is_superuser", "users_newuser"."email", "users_newuser"."username", "users_newuser"."first_name", "users_newuser"."start_date", "users_newuser"."about", "users_newuser"."is_staff", "users_newuser"."is_active" FROM "users_newuser" WHERE "users_newuser"."id" = 1 LIMIT 21; args=(1,); alias=default
(0.025) SELECT COUNT(*) AS "__count" FROM "oauth2_provider_application"; args=(); alias=default
(0.000) SELECT COUNT(*) AS "__count" FROM "oauth2_provider_application"; args=(); alias=default
(0.007) SELECT "oauth2_provider_application"."id", "oauth2_provider_application"."client_id", "oauth2_provider_application"."user_id", "oauth2_provider_application"."redirect_uris", "oauth2_provider_application"."post_logout_redirect_uris", "oauth2_provider_application"."client_type", "oauth2_provider_application"."authorization_grant_type", "oauth2_provider_application"."client_secret", "oauth2_provider_application"."hash_client_secret", "oauth2_provider_application"."name", "oauth2_provider_application"."skip_authorization", "oauth2_provider_application"."created", "oauth2_provider_application"."updated", "oauth2_provider_application"."algorithm", "oauth2_provider_application"."allowed_origins" FROM "oauth2_provider_application" ORDER BY "oauth2_provider_application"."id" DESC; args=(); alias=default
Exception while resolving variable 'get_short_name' in template 'admin/change_list.html'.
Traceback (most recent call last):
  File "C:\Users\Maltin\Desktop\portfolio_backend\venv\Lib\site-packages\django\template\base.py", line 883, in _resolve_lookup
    current = current[bit]
              ~~~~~~~^^^^^
  File "C:\Users\Maltin\Desktop\portfolio_backend\venv\Lib\site-packages\django\utils\functional.py", line 253, in inner
    return func(_wrapped, *args)
TypeError: 'NewUser' object is not subscriptable

During handling of the above exception, another exception occurred:

Traceback (most recent call last):
  File "C:\Users\Maltin\Desktop\portfolio_backend\venv\Lib\site-packages\django\template\base.py", line 893, in _resolve_lookup
    current = getattr(current, bit)
  File "C:\Users\Maltin\Desktop\portfolio_backend\venv\Lib\site-packages\django\utils\functional.py", line 253, in inner
    return func(_wrapped, *args)
AttributeError: 'NewUser' object has no attribute 'get_short_name'

During handling of the above exception, another exception occurred:

Traceback (most recent call last):
  File "C:\Users\Maltin\Desktop\portfolio_backend\venv\Lib\site-packages\django\template\base.py", line 899, in _resolve_lookup
    current = current[int(bit)]
                      ~~~^^^^^
ValueError: invalid literal for int() with base 10: 'get_short_name'

During handling of the above exception, another exception occurred:

Traceback (most recent call last):
  File "C:\Users\Maltin\Desktop\portfolio_backend\venv\Lib\site-packages\django\template\base.py", line 906, in _resolve_lookup
    raise VariableDoesNotExist(
    ^^^^^^^^^^^^^^^^^^^^^^^^^^^
    ...<2 lines>...
    )  # missing attribute
    ^
django.template.base.VariableDoesNotExist: Failed lookup for key [get_short_name] in <SimpleLazyObject: <NewUser: user>>
(0.001) SELECT "users_newuser"."id", "users_newuser"."password", "users_newuser"."last_login", "users_newuser"."is_superuser", "users_newuser"."email", "users_newuser"."username", "users_newuser"."first_name", "users_newuser"."start_date", "users_newuser"."about", "users_newuser"."is_staff", "users_newuser"."is_active" FROM "users_newuser" WHERE "users_newuser"."id" = 1 LIMIT 21; args=(1,); alias=default
"GET /admin/oauth2_provider/application/ HTTP/1.1" 200 17349
(0.006) SELECT "django_session"."session_key", "django_session"."session_data", "django_session"."expire_date" FROM "django_session" WHERE ("django_session"."expire_date" > '2025-02-02 10:26:34.205829+00:00'::timestamptz AND "django_session"."session_key" = 'krjpjrc3wglpwsr2is0e50bwjkbvegei') LIMIT 21; args=(datetime.datetime(2025, 2, 2, 10, 26, 34, 205829, tzinfo=datetime.timezone.utc), 'krjpjrc3wglpwsr2is0e50bwjkbvegei'); alias=default
(0.005) SELECT "users_newuser"."id", "users_newuser"."password", "users_newuser"."last_login", "users_newuser"."is_superuser", "users_newuser"."email", "users_newuser"."username", "users_newuser"."first_name", "users_newuser"."start_date", "users_newuser"."about", "users_newuser"."is_staff", "users_newuser"."is_active" FROM "users_newuser" WHERE "users_newuser"."id" = 1 LIMIT 21; args=(1,); alias=default
- Broken pipe from ('127.0.0.1', 50554)
File C:\Users\Maltin\Desktop\portfolio_backend\venv\Lib\site-packages\tzdata\__init__.py first seen with mtime 1738445021.6982636
File C:\Users\Maltin\Desktop\portfolio_backend\venv\Lib\site-packages\tzdata\zoneinfo\__init__.py first seen with mtime 1738445022.0526848
(0.054) 
            SELECT
                c.relname,
                CASE
                    WHEN c.relispartition THEN 'p'
                    WHEN c.relkind IN ('m', 'v') THEN 'v'
                    ELSE 't'
                END,
                obj_description(c.oid, 'pg_class')
            FROM pg_catalog.pg_class c
            LEFT JOIN pg_catalog.pg_namespace n ON n.oid = c.relnamespace
            WHERE c.relkind IN ('f', 'm', 'p', 'r', 'v')
                AND n.nspname NOT IN ('pg_catalog', 'pg_toast')
                AND pg_catalog.pg_table_is_visible(c.oid)
        ; args=None; alias=default
(0.013) SELECT "django_migrations"."id", "django_migrations"."app", "django_migrations"."name", "django_migrations"."applied" FROM "django_migrations"; args=(); alias=default
(0.001) 
            SELECT
                c.relname,
                CASE
                    WHEN c.relispartition THEN 'p'
                    WHEN c.relkind IN ('m', 'v') THEN 'v'
                    ELSE 't'
                END,
                obj_description(c.oid, 'pg_class')
            FROM pg_catalog.pg_class c
            LEFT JOIN pg_catalog.pg_namespace n ON n.oid = c.relnamespace
            WHERE c.relkind IN ('f', 'm', 'p', 'r', 'v')
                AND n.nspname NOT IN ('pg_catalog', 'pg_toast')
                AND pg_catalog.pg_table_is_visible(c.oid)
        ; args=None; alias=default
(0.000) SELECT "django_migrations"."id", "django_migrations"."app", "django_migrations"."name", "django_migrations"."applied" FROM "django_migrations"; args=(); alias=default
(0.001) 
            SELECT
                c.relname,
                CASE
                    WHEN c.relispartition THEN 'p'
                    WHEN c.relkind IN ('m', 'v') THEN 'v'
                    ELSE 't'
                END,
                obj_description(c.oid, 'pg_class')
            FROM pg_catalog.pg_class c
            LEFT JOIN pg_catalog.pg_namespace n ON n.oid = c.relnamespace
            WHERE c.relkind IN ('f', 'm', 'p', 'r', 'v')
                AND n.nspname NOT IN ('pg_catalog', 'pg_toast')
                AND pg_catalog.pg_table_is_visible(c.oid)
        ; args=None; alias=default
(0.000) SELECT "django_migrations"."id", "django_migrations"."app", "django_migrations"."name", "django_migrations"."applied" FROM "django_migrations"; args=(); alias=default
(0.013) SELECT "django_content_type"."id", "django_content_type"."app_label", "django_content_type"."model" FROM "django_content_type" WHERE "django_content_type"."app_label" = 'admin'; args=('admin',); alias=default
(0.001) SELECT "django_content_type"."id", "django_content_type"."app_label", "django_content_type"."model" FROM "django_content_type" WHERE ("django_content_type"."app_label" = 'admin' AND "django_content_type"."model" IN ('logentry')); args=('admin', 'logentry'); alias=default
(0.016) SELECT "auth_permission"."content_type_id", "auth_permission"."codename" FROM "auth_permission" INNER JOIN "django_content_type" ON ("auth_permission"."content_type_id" = "django_content_type"."id") WHERE "auth_permission"."content_type_id" IN (1) ORDER BY "django_content_type"."app_label" ASC, "django_content_type"."model" ASC, "auth_permission"."codename" ASC; args=(1,); alias=default
(0.000) SELECT "django_content_type"."id", "django_content_type"."app_label", "django_content_type"."model" FROM "django_content_type" WHERE "django_content_type"."app_label" = 'admin'; args=('admin',); alias=default
(0.000) SELECT "django_content_type"."id", "django_content_type"."app_label", "django_content_type"."model" FROM "django_content_type" WHERE "django_content_type"."app_label" = 'auth'; args=('auth',); alias=default
(0.001) SELECT "django_content_type"."id", "django_content_type"."app_label", "django_content_type"."model" FROM "django_content_type" WHERE ("django_content_type"."app_label" = 'auth' AND "django_content_type"."model" IN ('group', 'permission')); args=('auth', 'group', 'permission'); alias=default
(0.002) SELECT "auth_permission"."content_type_id", "auth_permission"."codename" FROM "auth_permission" INNER JOIN "django_content_type" ON ("auth_permission"."content_type_id" = "django_content_type"."id") WHERE "auth_permission"."content_type_id" IN (2, 3) ORDER BY "django_content_type"."app_label" ASC, "django_content_type"."model" ASC, "auth_permission"."codename" ASC; args=(2, 3); alias=default
(0.000) SELECT "django_content_type"."id", "django_content_type"."app_label", "django_content_type"."model" FROM "django_content_type" WHERE "django_content_type"."app_label" = 'auth'; args=('auth',); alias=default
(0.000) SELECT "django_content_type"."id", "django_content_type"."app_label", "django_content_type"."model" FROM "django_content_type" WHERE "django_content_type"."app_label" = 'contenttypes'; args=('contenttypes',); alias=default
(0.000) SELECT "django_content_type"."id", "django_content_type"."app_label", "django_content_type"."model" FROM "django_content_type" WHERE ("django_content_type"."app_label" = 'contenttypes' AND "django_content_type"."model" IN ('contenttype')); args=('contenttypes', 'contenttype'); alias=default
(0.000) SELECT "auth_permission"."content_type_id", "auth_permission"."codename" FROM "auth_permission" INNER JOIN "django_content_type" ON ("auth_permission"."content_type_id" = "django_content_type"."id") WHERE "auth_permission"."content_type_id" IN (4) ORDER BY "django_content_type"."app_label" ASC, "django_content_type"."model" ASC, "auth_permission"."codename" ASC; args=(4,); alias=default
(0.000) SELECT "django_content_type"."id", "django_content_type"."app_label", "django_content_type"."model" FROM "django_content_type" WHERE "django_content_type"."app_label" = 'contenttypes'; args=('contenttypes',); alias=default
(0.000) SELECT "django_content_type"."id", "django_content_type"."app_label", "django_content_type"."model" FROM "django_content_type" WHERE "django_content_type"."app_label" = 'sessions'; args=('sessions',); alias=default
(0.000) SELECT "django_content_type"."id", "django_content_type"."app_label", "django_content_type"."model" FROM "django_content_type" WHERE ("django_content_type"."app_label" = 'sessions' AND "django_content_type"."model" IN ('session')); args=('sessions', 'session'); alias=default
(0.000) SELECT "auth_permission"."content_type_id", "auth_permission"."codename" FROM "auth_permission" INNER JOIN "django_content_type" ON ("auth_permission"."content_type_id" = "django_content_type"."id") WHERE "auth_permission"."content_type_id" IN (5) ORDER BY "django_content_type"."app_label" ASC, "django_content_type"."model" ASC, "auth_permission"."codename" ASC; args=(5,); alias=default
(0.000) SELECT "django_content_type"."id", "django_content_type"."app_label", "django_content_type"."model" FROM "django_content_type" WHERE "django_content_type"."app_label" = 'sessions'; args=('sessions',); alias=default
(0.000) SELECT "django_content_type"."id", "django_content_type"."app_label", "django_content_type"."model" FROM "django_content_type" WHERE "django_content_type"."app_label" = 'authtoken'; args=('authtoken',); alias=default
(0.000) SELECT "django_content_type"."id", "django_content_type"."app_label", "django_content_type"."model" FROM "django_content_type" WHERE ("django_content_type"."app_label" = 'authtoken' AND "django_content_type"."model" IN ('token', 'tokenproxy')); args=('authtoken', 'token', 'tokenproxy'); alias=default
(0.000) SELECT "auth_permission"."content_type_id", "auth_permission"."codename" FROM "auth_permission" INNER JOIN "django_content_type" ON ("auth_permission"."content_type_id" = "django_content_type"."id") WHERE "auth_permission"."content_type_id" IN (16, 17) ORDER BY "django_content_type"."app_label" ASC, "django_content_type"."model" ASC, "auth_permission"."codename" ASC; args=(16, 17); alias=default
(0.000) SELECT "django_content_type"."id", "django_content_type"."app_label", "django_content_type"."model" FROM "django_content_type" WHERE "django_content_type"."app_label" = 'authtoken'; args=('authtoken',); alias=default
(0.000) SELECT "django_content_type"."id", "django_content_type"."app_label", "django_content_type"."model" FROM "django_content_type" WHERE "django_content_type"."app_label" = 'portfolioapp'; args=('portfolioapp',); alias=default
(0.001) SELECT "django_content_type"."id", "django_content_type"."app_label", "django_content_type"."model" FROM "django_content_type" WHERE ("django_content_type"."app_label" = 'portfolioapp' AND "django_content_type"."model" IN ('todo')); args=('portfolioapp', 'todo'); alias=default
(0.000) SELECT "auth_permission"."content_type_id", "auth_permission"."codename" FROM "auth_permission" INNER JOIN "django_content_type" ON ("auth_permission"."content_type_id" = "django_content_type"."id") WHERE "auth_permission"."content_type_id" IN (18) ORDER BY "django_content_type"."app_label" ASC, "django_content_type"."model" ASC, "auth_permission"."codename" ASC; args=(18,); alias=default
(0.000) SELECT "django_content_type"."id", "django_content_type"."app_label", "django_content_type"."model" FROM "django_content_type" WHERE "django_content_type"."app_label" = 'portfolioapp'; args=('portfolioapp',); alias=default
(0.000) SELECT "django_content_type"."id", "django_content_type"."app_label", "django_content_type"."model" FROM "django_content_type" WHERE "django_content_type"."app_label" = 'users'; args=('users',); alias=default
(0.000) SELECT "django_content_type"."id", "django_content_type"."app_label", "django_content_type"."model" FROM "django_content_type" WHERE ("django_content_type"."app_label" = 'users' AND "django_content_type"."model" IN ('newuser')); args=('users', 'newuser'); alias=default
(0.000) SELECT "auth_permission"."content_type_id", "auth_permission"."codename" FROM "auth_permission" INNER JOIN "django_content_type" ON ("auth_permission"."content_type_id" = "django_content_type"."id") WHERE "auth_permission"."content_type_id" IN (19) ORDER BY "django_content_type"."app_label" ASC, "django_content_type"."model" ASC, "auth_permission"."codename" ASC; args=(19,); alias=default
(0.000) SELECT "django_content_type"."id", "django_content_type"."app_label", "django_content_type"."model" FROM "django_content_type" WHERE "django_content_type"."app_label" = 'users'; args=('users',); alias=default
(0.000) SELECT "django_content_type"."id", "django_content_type"."app_label", "django_content_type"."model" FROM "django_content_type" WHERE "django_content_type"."app_label" = 'oauth2_provider'; args=('oauth2_provider',); alias=default
(0.000) SELECT "django_content_type"."id", "django_content_type"."app_label", "django_content_type"."model" FROM "django_content_type" WHERE ("django_content_type"."app_label" = 'oauth2_provider' AND "django_content_type"."model" IN ('refreshtoken', 'grant', 'idtoken', 'accesstoken', 'application')); args=('oauth2_provider', 'refreshtoken', 'grant', 'idtoken', 'accesstoken', 'application'); alias=default
(0.001) SELECT "auth_permission"."content_type_id", "auth_permission"."codename" FROM "auth_permission" INNER JOIN "django_content_type" ON ("auth_permission"."content_type_id" = "django_content_type"."id") WHERE "auth_permission"."content_type_id" IN (6, 7, 8, 9, 10) ORDER BY "django_content_type"."app_label" ASC, "django_content_type"."model" ASC, "auth_permission"."codename" ASC; args=(6, 7, 8, 9, 10); alias=default
(0.000) SELECT "django_content_type"."id", "django_content_type"."app_label", "django_content_type"."model" FROM "django_content_type" WHERE "django_content_type"."app_label" = 'oauth2_provider'; args=('oauth2_provider',); alias=default
(0.000) SELECT "django_content_type"."id", "django_content_type"."app_label", "django_content_type"."model" FROM "django_content_type" WHERE "django_content_type"."app_label" = 'social_django'; args=('social_django',); alias=default
(0.000) SELECT "django_content_type"."id", "django_content_type"."app_label", "django_content_type"."model" FROM "django_content_type" WHERE ("django_content_type"."app_label" = 'social_django' AND "django_content_type"."model" IN ('nonce', 'partial', 'usersocialauth', 'association', 'code')); args=('social_django', 'nonce', 'partial', 'usersocialauth', 'association', 'code'); alias=default
(0.001) SELECT "auth_permission"."content_type_id", "auth_permission"."codename" FROM "auth_permission" INNER JOIN "django_content_type" ON ("auth_permission"."content_type_id" = "django_content_type"."id") WHERE "auth_permission"."content_type_id" IN (11, 12, 13, 14, 15) ORDER BY "django_content_type"."app_label" ASC, "django_content_type"."model" ASC, "auth_permission"."codename" ASC; args=(11, 12, 13, 14, 15); alias=default
(0.000) SELECT "django_content_type"."id", "django_content_type"."app_label", "django_content_type"."model" FROM "django_content_type" WHERE "django_content_type"."app_label" = 'social_django'; args=('social_django',); alias=default
(0.043) 
            SELECT
                c.relname,
                CASE
                    WHEN c.relispartition THEN 'p'
                    WHEN c.relkind IN ('m', 'v') THEN 'v'
                    ELSE 't'
                END,
                obj_description(c.oid, 'pg_class')
            FROM pg_catalog.pg_class c
            LEFT JOIN pg_catalog.pg_namespace n ON n.oid = c.relnamespace
            WHERE c.relkind IN ('f', 'm', 'p', 'r', 'v')
                AND n.nspname NOT IN ('pg_catalog', 'pg_toast')
                AND pg_catalog.pg_table_is_visible(c.oid)
        ; args=None; alias=default
(0.009) SELECT "django_migrations"."id", "django_migrations"."app", "django_migrations"."name", "django_migrations"."applied" FROM "django_migrations"; args=(); alias=default
(0.001) 
            SELECT
                c.relname,
                CASE
                    WHEN c.relispartition THEN 'p'
                    WHEN c.relkind IN ('m', 'v') THEN 'v'
                    ELSE 't'
                END,
                obj_description(c.oid, 'pg_class')
            FROM pg_catalog.pg_class c
            LEFT JOIN pg_catalog.pg_namespace n ON n.oid = c.relnamespace
            WHERE c.relkind IN ('f', 'm', 'p', 'r', 'v')
                AND n.nspname NOT IN ('pg_catalog', 'pg_toast')
                AND pg_catalog.pg_table_is_visible(c.oid)
        ; args=None; alias=default
(0.000) SELECT "django_migrations"."id", "django_migrations"."app", "django_migrations"."name", "django_migrations"."applied" FROM "django_migrations"; args=(); alias=default
(0.002) 
            SELECT
                c.relname,
                CASE
                    WHEN c.relispartition THEN 'p'
                    WHEN c.relkind IN ('m', 'v') THEN 'v'
                    ELSE 't'
                END,
                obj_description(c.oid, 'pg_class')
            FROM pg_catalog.pg_class c
            LEFT JOIN pg_catalog.pg_namespace n ON n.oid = c.relnamespace
            WHERE c.relkind IN ('f', 'm', 'p', 'r', 'v')
                AND n.nspname NOT IN ('pg_catalog', 'pg_toast')
                AND pg_catalog.pg_table_is_visible(c.oid)
        ; args=None; alias=default
(0.000) SELECT "django_migrations"."id", "django_migrations"."app", "django_migrations"."name", "django_migrations"."applied" FROM "django_migrations"; args=(); alias=default
(0.016) SELECT "django_content_type"."id", "django_content_type"."app_label", "django_content_type"."model" FROM "django_content_type" WHERE "django_content_type"."app_label" = 'admin'; args=('admin',); alias=default
(0.001) SELECT "django_content_type"."id", "django_content_type"."app_label", "django_content_type"."model" FROM "django_content_type" WHERE ("django_content_type"."app_label" = 'admin' AND "django_content_type"."model" IN ('logentry')); args=('admin', 'logentry'); alias=default
(0.010) SELECT "auth_permission"."content_type_id", "auth_permission"."codename" FROM "auth_permission" INNER JOIN "django_content_type" ON ("auth_permission"."content_type_id" = "django_content_type"."id") WHERE "auth_permission"."content_type_id" IN (1) ORDER BY "django_content_type"."app_label" ASC, "django_content_type"."model" ASC, "auth_permission"."codename" ASC; args=(1,); alias=default
(0.000) SELECT "django_content_type"."id", "django_content_type"."app_label", "django_content_type"."model" FROM "django_content_type" WHERE "django_content_type"."app_label" = 'admin'; args=('admin',); alias=default
(0.000) SELECT "django_content_type"."id", "django_content_type"."app_label", "django_content_type"."model" FROM "django_content_type" WHERE "django_content_type"."app_label" = 'auth'; args=('auth',); alias=default
(0.000) SELECT "django_content_type"."id", "django_content_type"."app_label", "django_content_type"."model" FROM "django_content_type" WHERE ("django_content_type"."app_label" = 'auth' AND "django_content_type"."model" IN ('group', 'permission')); args=('auth', 'group', 'permission'); alias=default
(0.001) SELECT "auth_permission"."content_type_id", "auth_permission"."codename" FROM "auth_permission" INNER JOIN "django_content_type" ON ("auth_permission"."content_type_id" = "django_content_type"."id") WHERE "auth_permission"."content_type_id" IN (2, 3) ORDER BY "django_content_type"."app_label" ASC, "django_content_type"."model" ASC, "auth_permission"."codename" ASC; args=(2, 3); alias=default
(0.000) SELECT "django_content_type"."id", "django_content_type"."app_label", "django_content_type"."model" FROM "django_content_type" WHERE "django_content_type"."app_label" = 'auth'; args=('auth',); alias=default
(0.000) SELECT "django_content_type"."id", "django_content_type"."app_label", "django_content_type"."model" FROM "django_content_type" WHERE "django_content_type"."app_label" = 'contenttypes'; args=('contenttypes',); alias=default
(0.000) SELECT "django_content_type"."id", "django_content_type"."app_label", "django_content_type"."model" FROM "django_content_type" WHERE ("django_content_type"."app_label" = 'contenttypes' AND "django_content_type"."model" IN ('contenttype')); args=('contenttypes', 'contenttype'); alias=default
(0.000) SELECT "auth_permission"."content_type_id", "auth_permission"."codename" FROM "auth_permission" INNER JOIN "django_content_type" ON ("auth_permission"."content_type_id" = "django_content_type"."id") WHERE "auth_permission"."content_type_id" IN (4) ORDER BY "django_content_type"."app_label" ASC, "django_content_type"."model" ASC, "auth_permission"."codename" ASC; args=(4,); alias=default
(0.000) SELECT "django_content_type"."id", "django_content_type"."app_label", "django_content_type"."model" FROM "django_content_type" WHERE "django_content_type"."app_label" = 'contenttypes'; args=('contenttypes',); alias=default
(0.000) SELECT "django_content_type"."id", "django_content_type"."app_label", "django_content_type"."model" FROM "django_content_type" WHERE "django_content_type"."app_label" = 'sessions'; args=('sessions',); alias=default
(0.000) SELECT "django_content_type"."id", "django_content_type"."app_label", "django_content_type"."model" FROM "django_content_type" WHERE ("django_content_type"."app_label" = 'sessions' AND "django_content_type"."model" IN ('session')); args=('sessions', 'session'); alias=default
(0.000) SELECT "auth_permission"."content_type_id", "auth_permission"."codename" FROM "auth_permission" INNER JOIN "django_content_type" ON ("auth_permission"."content_type_id" = "django_content_type"."id") WHERE "auth_permission"."content_type_id" IN (5) ORDER BY "django_content_type"."app_label" ASC, "django_content_type"."model" ASC, "auth_permission"."codename" ASC; args=(5,); alias=default
(0.000) SELECT "django_content_type"."id", "django_content_type"."app_label", "django_content_type"."model" FROM "django_content_type" WHERE "django_content_type"."app_label" = 'sessions'; args=('sessions',); alias=default
(0.000) SELECT "django_content_type"."id", "django_content_type"."app_label", "django_content_type"."model" FROM "django_content_type" WHERE "django_content_type"."app_label" = 'authtoken'; args=('authtoken',); alias=default
(0.000) SELECT "django_content_type"."id", "django_content_type"."app_label", "django_content_type"."model" FROM "django_content_type" WHERE ("django_content_type"."app_label" = 'authtoken' AND "django_content_type"."model" IN ('token', 'tokenproxy')); args=('authtoken', 'token', 'tokenproxy'); alias=default
(0.000) SELECT "auth_permission"."content_type_id", "auth_permission"."codename" FROM "auth_permission" INNER JOIN "django_content_type" ON ("auth_permission"."content_type_id" = "django_content_type"."id") WHERE "auth_permission"."content_type_id" IN (16, 17) ORDER BY "django_content_type"."app_label" ASC, "django_content_type"."model" ASC, "auth_permission"."codename" ASC; args=(16, 17); alias=default
(0.000) SELECT "django_content_type"."id", "django_content_type"."app_label", "django_content_type"."model" FROM "django_content_type" WHERE "django_content_type"."app_label" = 'authtoken'; args=('authtoken',); alias=default
(0.000) SELECT "django_content_type"."id", "django_content_type"."app_label", "django_content_type"."model" FROM "django_content_type" WHERE "django_content_type"."app_label" = 'portfolioapp'; args=('portfolioapp',); alias=default
(0.000) SELECT "django_content_type"."id", "django_content_type"."app_label", "django_content_type"."model" FROM "django_content_type" WHERE ("django_content_type"."app_label" = 'portfolioapp' AND "django_content_type"."model" IN ('todo')); args=('portfolioapp', 'todo'); alias=default
(0.000) SELECT "auth_permission"."content_type_id", "auth_permission"."codename" FROM "auth_permission" INNER JOIN "django_content_type" ON ("auth_permission"."content_type_id" = "django_content_type"."id") WHERE "auth_permission"."content_type_id" IN (18) ORDER BY "django_content_type"."app_label" ASC, "django_content_type"."model" ASC, "auth_permission"."codename" ASC; args=(18,); alias=default
(0.000) SELECT "django_content_type"."id", "django_content_type"."app_label", "django_content_type"."model" FROM "django_content_type" WHERE "django_content_type"."app_label" = 'portfolioapp'; args=('portfolioapp',); alias=default
(0.000) SELECT "django_content_type"."id", "django_content_type"."app_label", "django_content_type"."model" FROM "django_content_type" WHERE "django_content_type"."app_label" = 'users'; args=('users',); alias=default
(0.000) SELECT "django_content_type"."id", "django_content_type"."app_label", "django_content_type"."model" FROM "django_content_type" WHERE ("django_content_type"."app_label" = 'users' AND "django_content_type"."model" IN ('newuser')); args=('users', 'newuser'); alias=default
(0.000) SELECT "auth_permission"."content_type_id", "auth_permission"."codename" FROM "auth_permission" INNER JOIN "django_content_type" ON ("auth_permission"."content_type_id" = "django_content_type"."id") WHERE "auth_permission"."content_type_id" IN (19) ORDER BY "django_content_type"."app_label" ASC, "django_content_type"."model" ASC, "auth_permission"."codename" ASC; args=(19,); alias=default
(0.000) SELECT "django_content_type"."id", "django_content_type"."app_label", "django_content_type"."model" FROM "django_content_type" WHERE "django_content_type"."app_label" = 'users'; args=('users',); alias=default
(0.001) SELECT "django_content_type"."id", "django_content_type"."app_label", "django_content_type"."model" FROM "django_content_type" WHERE "django_content_type"."app_label" = 'oauth2_provider'; args=('oauth2_provider',); alias=default
(0.000) SELECT "django_content_type"."id", "django_content_type"."app_label", "django_content_type"."model" FROM "django_content_type" WHERE ("django_content_type"."app_label" = 'oauth2_provider' AND "django_content_type"."model" IN ('accesstoken', 'idtoken', 'refreshtoken', 'grant', 'application')); args=('oauth2_provider', 'accesstoken', 'idtoken', 'refreshtoken', 'grant', 'application'); alias=default
(0.001) SELECT "auth_permission"."content_type_id", "auth_permission"."codename" FROM "auth_permission" INNER JOIN "django_content_type" ON ("auth_permission"."content_type_id" = "django_content_type"."id") WHERE "auth_permission"."content_type_id" IN (6, 7, 8, 9, 10) ORDER BY "django_content_type"."app_label" ASC, "django_content_type"."model" ASC, "auth_permission"."codename" ASC; args=(6, 7, 8, 9, 10); alias=default
(0.000) SELECT "django_content_type"."id", "django_content_type"."app_label", "django_content_type"."model" FROM "django_content_type" WHERE "django_content_type"."app_label" = 'oauth2_provider'; args=('oauth2_provider',); alias=default
(0.000) SELECT "django_content_type"."id", "django_content_type"."app_label", "django_content_type"."model" FROM "django_content_type" WHERE "django_content_type"."app_label" = 'social_django'; args=('social_django',); alias=default
(0.000) SELECT "django_content_type"."id", "django_content_type"."app_label", "django_content_type"."model" FROM "django_content_type" WHERE ("django_content_type"."app_label" = 'social_django' AND "django_content_type"."model" IN ('nonce', 'usersocialauth', 'association', 'partial', 'code')); args=('social_django', 'nonce', 'usersocialauth', 'association', 'partial', 'code'); alias=default
(0.001) SELECT "auth_permission"."content_type_id", "auth_permission"."codename" FROM "auth_permission" INNER JOIN "django_content_type" ON ("auth_permission"."content_type_id" = "django_content_type"."id") WHERE "auth_permission"."content_type_id" IN (11, 12, 13, 14, 15) ORDER BY "django_content_type"."app_label" ASC, "django_content_type"."model" ASC, "auth_permission"."codename" ASC; args=(11, 12, 13, 14, 15); alias=default
(0.000) SELECT "django_content_type"."id", "django_content_type"."app_label", "django_content_type"."model" FROM "django_content_type" WHERE "django_content_type"."app_label" = 'social_django'; args=('social_django',); alias=default
